timestamp,temperature_c,irradiance_w_m2,cloud_cover_percent,humidity_percent,wind_kmh
2025-09-09 09:00:00,32.0269960629719,404.9998313377592,34.57075619631647,83.03814321427714,7.219069524756877
2025-09-09 10:00:00,32.95676830543336,616.5376648048172,14.400238406392567,67.85361611108785,5.764321634755115
2025-09-09 11:00:00,33.24828339437695,499.5668203012816,41.25676793709686,78.63466852046314,15.950957645404152
2025-09-09 12:00:00,33.692094287255095,554.6434015358001,44.10847074586821,73.94691481438123,14.880788059473966
2025-09-09 13:00:00,31.68760405090825,735.5815194174444,0.7344721701924541,70.61326207557009,6.745532169773446
2025-09-09 14:00:00,31.108771227722343,618.5787699219394,10.467307397065227,71.02286686140575,14.076974804565523
2025-09-09 15:00:00,31.44700818939433,417.31486676689815,31.91760604750928,82.65856594630765,12.83313139405279
2025-09-09 16:00:00,30.442752655711406,298.16549612318255,25.256361114846268,75.77356127760787,9.967643486901977
2025-09-09 17:00:00,28.581957922828117,154.54333013870203,29.74798263743567,74.98050630391967,6.584076486586536
2025-09-09 18:00:00,28.280182757390108,0.0,17.204341086396298,72.87550761762695,12.22600544401849
2025-09-09 19:00:00,27.853469806622677,0.0,43.19096962294243,89.28684300277807,19.62107066742494
2025-09-09 20:00:00,27.01064780845056,0.0,41.66687903143422,72.56471953189738,12.141630110110373
2025-09-09 21:00:00,26.267288900559596,0.0,30.99046046341824,74.71994127769267,15.54413492955374
2025-09-09 22:00:00,21.927513191154496,0.0,46.90861810452049,82.66806776745729,11.498559466441618
2025-09-09 23:00:00,21.625355094784734,0.0,37.012640133780685,76.87722453632713,15.537971743939188
2025-09-10 00:00:00,22.505815855983467,0.0,17.110613056751426,77.40518924961013,10.254684313486607
2025-09-10 01:00:00,23.157098239321854,0.0,35.53126176123748,79.17682351385652,2.1552516769830135
2025-09-10 02:00:00,23.24228444352133,0.0,15.616760987565016,75.74777209351477,7.8938972648223
2025-09-10 03:00:00,23.628389832287557,0.0,43.17675451960909,81.88907083145057,12.687880830005616
2025-09-10 04:00:00,24.986611155201025,0.0,29.251111335206208,77.0995591960348,15.793053244587437
2025-09-10 05:00:00,27.21656761110726,0.0,27.22706454682109,70.32016231892175,10.747354600806354
2025-09-10 06:00:00,26.153845686627964,0.0,19.78605683394088,75.95389950145923,11.108564256043476
2025-09-10 07:00:00,32.222814417333446,60.09637319188208,48.33812008011046,72.48406367795724,10.067831505547703
2025-09-10 08:00:00,30.409646473857197,294.5307521343344,27.68205776896797,73.0492625630142,17.62780893934625
2025-09-10 09:00:00,32.78399038588769,454.24787694056863,23.575082667553392,77.47219853911847,17.181512217426963
2025-09-10 10:00:00,31.458475522925937,578.9951037375367,24.717996742676554,81.4591655357724,8.530922538969609
2025-09-10 11:00:00,33.45863846918515,573.1556967406016,37.98463778330023,90.27444430185648,5.8335892461481
2025-09-10 12:00:00,33.012473262134755,529.134624006298,35.481660965461174,75.82727436002479,4.545290720201615
2025-09-10 13:00:00,33.82583491095773,531.5871403876148,36.190989173939826,73.69824890574075,14.223183564379378
2025-09-10 14:00:00,31.954240893208922,444.0277991885277,36.46231504511824,80.98386038159917,12.36399945239353
2025-09-10 15:00:00,33.434921410606925,334.729634091671,62.124714013056916,93.91578436581644,9.979057540059294
2025-09-10 16:00:00,28.44268226572445,338.12272229644907,23.903774754230767,83.42326531250356,12.282555571734141
2025-09-10 17:00:00,30.410636072227643,172.89652132250407,22.31635906392694,69.89209832893818,6.194518445224819
2025-09-10 18:00:00,28.03669054965057,4.152371531505333,17.793409076281833,73.59030274931138,14.06936329064409
2025-09-10 19:00:00,25.264434934060176,0.0,39.23969133863243,84.3220940102762,10.432745045735677
2025-09-10 20:00:00,27.92004049851885,0.0,46.93458439081337,86.19419578510731,8.02089293869549
2025-09-10 21:00:00,26.750128006062724,0.0,28.290788135176875,80.06948745211335,9.946480608909098
2025-09-10 22:00:00,20.856195880264924,0.0,17.397652845562078,73.02724090930516,9.263981161506063
2025-09-10 23:00:00,23.28254543956184,0.0,17.632781764631407,77.88063971476022,12.341872561843228
2025-09-11 00:00:00,23.71492758101314,0.0,39.75889181737052,85.07923784157562,16.651934907280246
2025-09-11 01:00:00,23.542153379231,0.0,41.14881256805163,76.14577975687558,16.513976394053607
2025-09-11 02:00:00,25.437627731702953,0.0,38.14731402457792,86.42236384194182,12.545891771916322
2025-09-11 03:00:00,25.961954873699444,0.0,20.017354390669585,80.11984293643583,10.252105110060278
2025-09-11 04:00:00,25.642309823075518,0.0,33.482419846000795,74.86445099038043,9.399546721396378
2025-09-11 05:00:00,29.463705730485707,0.0,31.750287137110924,82.19256506650211,4.5154347869878775
2025-09-11 06:00:00,29.015466739383033,0.0,33.28032895093519,82.0833305042486,11.587161862078723
2025-09-11 07:00:00,28.634822641644487,127.87889014581768,43.07143166922285,84.77839778492756,8.749525732217492
2025-09-11 08:00:00,29.579514386586325,294.5788431293868,33.35393323162023,85.83142142212051,16.541051566357723
2025-09-11 09:00:00,32.94944411966161,390.470090579802,40.183703446078425,79.10120034822117,11.206301981800255
2025-09-11 10:00:00,31.0968527842958,492.8334747712077,31.013686042333372,78.79650017205351,14.539028276226974
2025-09-11 11:00:00,32.09453562801251,594.1333696037935,34.33679098034976,64.62637612508465,9.78678790867776
2025-09-11 12:00:00,32.48612280097188,549.3856043839622,39.46932338757811,84.62352590962064,9.271536310249955
2025-09-11 13:00:00,33.089544802567524,695.9436148628945,8.142662702165005,76.22016604310706,12.826294204995886
2025-09-11 14:00:00,31.876197406935315,576.827809397258,25.20493175464048,82.34997485154345,12.370782466336067
2025-09-11 15:00:00,29.62103800037174,432.415729913976,22.944410185608067,70.65954481049862,12.436049564073127
2025-09-11 16:00:00,31.808269919251174,318.26542896300737,20.416832276349872,79.19319451017537,10.645724592424454
2025-09-11 17:00:00,28.56594324195514,126.98881049882407,25.872866231599744,81.32707155379644,14.451203663171665
2025-09-11 18:00:00,30.42348210930252,0.0,52.42411966851594,79.33792453703575,15.200297459692782
2025-09-11 19:00:00,26.89865804378837,0.0,17.012533264601352,79.54815674440236,2.143346097899956
2025-09-11 20:00:00,26.94493598958599,0.0,44.52417531887221,83.454506986445,11.196395401050422
2025-09-11 21:00:00,25.082152322365477,0.0,4.75695342576293,62.98685663944073,14.296810775558585
2025-09-11 22:00:00,25.177012393834605,0.0,24.976724550213376,79.44003338082766,7.1706962626235375
2025-09-11 23:00:00,23.709377823561603,0.0,32.441295976575084,74.76788300346787,4.852481515385352
2025-09-12 00:00:00,23.018261123770206,0.0,38.79333497038917,71.91593500097397,11.384539375117743
2025-09-12 01:00:00,24.304116827548988,0.0,40.66839869689282,82.40424852792407,14.116363370433994
2025-09-12 02:00:00,26.614178369628334,0.0,41.90020852799888,80.20627186106816,10.25308503315605
2025-09-12 03:00:00,23.82627171346178,0.0,24.769123916273436,83.68740807720363,16.410241234628757
2025-09-12 04:00:00,26.245946723623373,0.0,23.064723110031494,76.7878843741668,18.527724362985005
2025-09-12 05:00:00,26.41162801480506,0.0,42.869638218857304,84.69826198617866,4.443171757483311
2025-09-12 06:00:00,28.370418366221802,0.0,27.130435126775776,79.12109285701142,9.820544505412256
2025-09-12 07:00:00,29.061442989942954,175.237778845947,10.864705149931172,77.51174661245533,1.415869569718975
2025-09-12 08:00:00,27.407475888157332,309.4344764201171,13.00069178994779,68.75701483906212,13.294070922952518
2025-09-12 09:00:00,30.987832812453963,502.42855378399383,16.208215709975832,74.44656215618927,8.090987652041111
2025-09-12 10:00:00,33.34209025315414,444.4923266305126,37.45741116080646,77.7093597368675,9.969648612246672
2025-09-12 11:00:00,31.547402160777057,514.1770784941325,32.13638604105848,80.62040310534191,16.199187059243243
2025-09-12 12:00:00,33.909772015573864,534.533218927238,40.357280311016524,80.33191965923886,6.704278084018384
2025-09-12 13:00:00,32.78086268473365,589.0916946249033,23.591210304951986,71.96048384359878,4.861314233168756
2025-09-12 14:00:00,31.793730968392573,459.2554930639451,32.37809536615072,75.68579649668622,2.5090023610034855
2025-09-12 15:00:00,32.42563554638197,392.4295241627342,39.38385590951005,87.27463218811471,17.051302901005386
2025-09-12 16:00:00,31.097882646214394,255.78831662493764,25.359801904196424,67.25351248806054,15.420865924898692
2025-09-12 17:00:00,29.553348057650908,116.415511489806,36.851628563361174,82.37672846651931,10.667029136720961
2025-09-12 18:00:00,29.033211903195394,0.0,20.07111088400023,80.92002741918583,5.902573674727573
2025-09-12 19:00:00,26.68247422953341,0.0,24.554192301523923,79.08036270346291,14.5640988348787
2025-09-12 20:00:00,23.074475796695125,0.0,24.273931590025065,86.51235278449198,22.23239889901741
2025-09-12 21:00:00,23.685450598576107,0.0,12.062405316164405,78.2053619746308,9.660369769404944
2025-09-12 22:00:00,21.03669147104484,0.0,37.304587211783726,82.14126165097768,7.053613788065921
2025-09-12 23:00:00,23.73748678220674,0.0,22.95896489695914,73.89547041481933,16.114719227170788
2025-09-13 00:00:00,23.792365957844538,0.0,30.187411780915312,80.04133528745682,6.979417444487885
2025-09-13 01:00:00,24.021889950091296,0.0,37.211199883588634,83.15792607932393,10.393861940870341
2025-09-13 02:00:00,23.933002256840236,0.0,36.697967640449164,79.65204369338764,1.2800592221315394
2025-09-13 03:00:00,25.35007492903703,0.0,39.98077663459179,76.52854987306955,10.785945541908118
2025-09-13 04:00:00,23.07772182701598,0.0,28.522717732358647,71.69790782900505,6.31298700225712
2025-09-13 05:00:00,26.193373942918505,0.0,23.650525319337696,76.96065966530152,16.2178576766666
2025-09-13 06:00:00,25.787915381313002,0.0,28.804226836404013,69.98128836299621,7.535636781751007
2025-09-13 07:00:00,28.455572895628627,150.26635562400236,4.689983490629551,68.59644649102552,13.35373768723083
2025-09-13 08:00:00,32.22843342347627,320.4664134289279,8.29331291365369,59.13036086050767,9.994910573442628
2025-09-13 09:00:00,32.58404840975752,510.3573853329855,10.159505814683964,75.86736184031358,11.00943313047489
2025-09-13 10:00:00,32.81840421410262,563.0029043509896,15.041297585977773,78.657797310235,12.840949199238262
2025-09-13 11:00:00,32.220829001028186,503.1049233481266,35.99661340085155,78.61076930137087,11.586017416877047
2025-09-13 12:00:00,31.335632946984425,693.447073037033,16.41781416959909,82.6114037596511,8.229673236935168
2025-09-13 13:00:00,32.700071287128786,603.9377394708117,24.327561689409155,81.96381349036433,7.9682730575472265
2025-09-13 14:00:00,33.40131176705487,406.0634996534246,49.48842446679098,83.81083792737557,14.510340743456013
2025-09-13 15:00:00,31.695673008733422,403.799307557081,24.656040434078612,74.89358735264854,3.625847915572929
2025-09-13 16:00:00,28.06590814082375,313.4738795879892,41.0627335270063,78.35880656621177,18.76579420148368
2025-09-13 17:00:00,29.057395558526874,169.55852810236635,15.995734799851846,76.50277973798387,11.327073651244884
2025-09-13 18:00:00,25.13997951707743,34.93320156173743,26.91843663198555,76.30247802596334,9.996342190843976
2025-09-13 19:00:00,27.378649924288887,0.0,15.749669176341282,76.62177081372924,11.851822707726706
2025-09-13 20:00:00,24.22639609427695,0.0,24.914503861491564,79.75693462039557,8.868534077080293
2025-09-13 21:00:00,22.501714441022134,0.0,42.60462206186094,80.17800211026119,11.418038518900342
2025-09-13 22:00:00,24.360489009393355,0.0,4.09019365211477,76.89740413973463,5.6776180863867625
2025-09-13 23:00:00,23.524868223657524,0.0,36.51635465318786,78.50760214488626,13.32616146789907
2025-09-14 00:00:00,22.844003715097855,0.0,33.56603403498417,79.121600694708,11.364478377304456
2025-09-14 01:00:00,25.561476263810405,0.0,21.087750664548082,70.60009322494362,11.80426340204769
2025-09-14 02:00:00,24.037257832169928,0.0,8.30913218417318,71.16861069625317,16.34801599486414
2025-09-14 03:00:00,23.167907149121067,0.0,31.081942615708044,89.13629186143591,8.337263580047667
2025-09-14 04:00:00,25.716850091689803,0.0,22.057609364042964,71.20494198290616,10.587345466604585
2025-09-14 05:00:00,25.875889292031403,0.0,33.49014317032056,80.72971420064593,5.068844909139725
2025-09-14 06:00:00,29.188671532425484,0.0,30.327782182851642,74.98118905462626,13.716517918383937
2025-09-14 07:00:00,29.20125065835154,97.37358917501251,54.02668336981373,72.10697573612099,12.631395602510622
2025-09-14 08:00:00,30.535785336799965,286.9940622744966,26.409665587904637,78.86690071289037,11.389868842743995
2025-09-14 09:00:00,29.202340036638237,465.6113485428198,14.647537610672025,70.55091210247026,10.102932302583532
2025-09-14 10:00:00,31.951769188235414,464.6644471716514,32.689134524344745,79.02472433455756,9.321697354106364
2025-09-14 11:00:00,32.29836858485989,582.8020926102477,33.29995025957648,82.47882709002448,21.649109302145924
2025-09-14 12:00:00,31.210407572185666,484.869647216492,50.38781362860655,83.13838419226424,12.672257048096887
2025-09-14 13:00:00,32.083562263099225,541.3407556496942,42.52666868871868,81.51062706223728,13.312400779126008
2025-09-14 14:00:00,32.43849025954088,473.88631151670955,35.35306588724264,73.68279331384416,7.209970297911302
2025-09-14 15:00:00,31.0717644907449,314.59158937034334,51.949543368293426,85.91074797275141,16.13790435966061
2025-09-14 16:00:00,28.206155464900135,380.99691830756416,12.168554185157237,71.91279515760293,10.114565894208141
2025-09-14 17:00:00,28.480798406315962,148.772178290666,20.403727008753783,64.8866689547384,12.803440154944003
2025-09-14 18:00:00,26.933452838207543,0.0,16.101360878917127,78.1715444375578,14.414403761886007
2025-09-14 19:00:00,26.499357418387316,0.0,24.15285295266348,81.77822389007034,10.792011230760618
2025-09-14 20:00:00,25.15307739442213,0.0,9.349707786655369,80.02007761529288,7.759508993606703
2025-09-14 21:00:00,23.471254177281246,0.0,39.52726420221607,91.26524293599294,2.6654161064881254
2025-09-14 22:00:00,22.625895568586834,0.0,26.6666595435184,81.19045328873037,9.784611953063177
2025-09-14 23:00:00,22.79964529689389,0.0,7.937905582460132,75.18439018992365,7.667267564806481
2025-09-15 00:00:00,23.708173390129094,0.0,14.766313781886875,79.6430911467277,6.166102558703167
2025-09-15 01:00:00,22.98890715672186,0.0,34.70270771175293,74.84236512102053,17.547479118805494
2025-09-15 02:00:00,24.976166712602293,0.0,42.571898518415715,72.58670246698934,16.059660817394086
2025-09-15 03:00:00,25.393917975208282,0.0,59.9509633753768,82.84360910504084,5.678191140626929
2025-09-15 04:00:00,26.90199085371846,0.0,73.70793699010994,94.8279065062348,14.300238721953335
2025-09-15 05:00:00,27.94142433047793,0.0,36.216141499139944,75.60732606429109,8.541832033836604
2025-09-15 06:00:00,29.4881379804095,0.0,15.156928199522039,75.74406429111468,12.225022189360455
2025-09-15 07:00:00,27.25131318054656,204.1465237009368,0.0,72.82878953649545,6.801412260639516
2025-09-15 08:00:00,30.79795776993017,318.5210181173221,34.015671935157535,79.15555000550944,9.544795988837658
2025-09-15 09:00:00,32.575654233302366,457.8517597597811,17.80588357034511,67.2269609817487,14.742451744030433
2025-09-15 10:00:00,33.60516614598236,552.8458390442811,23.76964109730472,76.66516408298973,14.465845829762484
2025-09-15 11:00:00,31.283998283173762,553.8083907848579,20.81854801410288,72.45426994230954,17.078848193963573
2025-09-15 12:00:00,33.310898291057434,575.4375357226005,27.88813670375422,84.53970539330805,10.526214830479514
2025-09-15 13:00:00,32.38369672452745,429.35242717197923,45.989703461814656,86.3742636714506,6.476837582503524
2025-09-15 14:00:00,34.18760893047865,508.3795776123386,32.35572851168017,75.07932540877772,15.302961277306867
2025-09-15 15:00:00,29.188358402866513,378.03830947059487,27.620477444419677,85.40554799313146,15.089373148244892
2025-09-15 16:00:00,28.956227152796835,297.21325662282345,14.465193707612826,75.04142140044299,13.236341431255202
2025-09-15 17:00:00,26.396574861708118,196.24578839912832,4.879755829434647,62.95227007089172,7.268984087810331
2025-09-15 18:00:00,27.644304781789568,26.54560880044331,22.705381363900038,75.18817320967474,6.852059959162915
2025-09-15 19:00:00,29.105200733184503,0.0,29.193261737725194,85.15892496426498,13.603520168596495
2025-09-15 20:00:00,24.89865950455328,0.0,56.51894870369824,80.34574573616524,9.281335502019054
2025-09-15 21:00:00,24.052113021995357,0.0,31.954117822093288,78.08951297654535,10.365812823332984
2025-09-15 22:00:00,23.841486991534538,0.0,44.74109266534586,74.85981852878727,23.863094913021328
2025-09-15 23:00:00,22.47549684669174,0.0,22.51056602191272,70.30065214579868,19.64132286549802
2025-09-16 00:00:00,22.846420950642024,0.0,12.225843503744631,69.50829901382009,13.782052723388833
2025-09-16 01:00:00,23.050833164435538,0.0,15.523248566514422,68.33619594300592,8.12709462241757
2025-09-16 02:00:00,21.941236459110943,0.0,19.1216090319637,72.44784636561201,8.066781528550754
2025-09-16 03:00:00,23.712792494807413,0.0,61.92704598652747,94.6662590449159,15.959514657529265
2025-09-16 04:00:00,25.83509993019204,0.0,17.679199811634206,74.41417213338427,16.87192197868059
2025-09-16 05:00:00,27.28364085177414,0.0,42.57733805604518,84.5293968908057,10.08232576462735
2025-09-16 06:00:00,29.058639278807277,0.0,16.456092328694602,79.26307227489299,8.995601463326771
2025-09-16 07:00:00,29.100749238084955,117.54288306640458,43.97359519311366,75.13610408820662,12.549525850997258
2025-09-16 08:00:00,30.333108550372494,264.40378459855344,35.77426449158795,74.28603777821138,6.232848828953966
2025-09-16 09:00:00,31.88136135646647,397.0411937026828,27.650431535128643,80.0094973176165,5.948960638959132
2025-09-16 10:00:00,30.927512867034213,521.7799944321554,29.38856210796849,73.58659856936927,6.76540220505492
2025-09-16 11:00:00,31.37370348961415,568.1283319789011,20.178184568559146,77.88642647682083,13.193141854004919
2025-09-16 12:00:00,32.208349910804,513.9209851335712,36.69108302223121,86.77813037412544,12.922532967966186
2025-09-16 13:00:00,30.542693247779727,580.2647023403994,23.1752477948883,67.98549352450146,15.70656268864656
2025-09-16 14:00:00,32.2296851478868,620.170000978777,11.615913543491278,70.33485479947242,3.6320129372013765
2025-09-16 15:00:00,32.2699276787062,502.67781115397156,10.83093638520571,70.92588808094078,4.4738956517572275
2025-09-16 16:00:00,28.94753038746486,239.05474303810732,32.58881876583179,75.22324287798611,13.452327009090812
2025-09-16 17:00:00,29.23037629811818,150.28521259429453,53.686368846156526,80.04716573349364,9.196199126275909
2025-09-16 18:00:00,26.552716759530128,33.73550542459217,32.39987420360158,75.70645696322909,8.422269244746682
2025-09-16 19:00:00,24.754943747648714,0.0,28.220425108351762,77.31561108513156,15.46202714006844
2025-09-16 20:00:00,27.542816482642287,0.0,34.28739209403814,79.31484955928175,9.502579792518894
2025-09-16 21:00:00,22.532150142999573,0.0,49.59002612560237,87.83473822316556,10.735845077081846
2025-09-16 22:00:00,21.37734499331833,0.0,33.290737520457846,79.04048928706672,10.664174714703393
2025-09-16 23:00:00,22.820088010481285,0.0,23.836091537493942,82.17688441930616,10.434122721721291
2025-09-17 00:00:00,22.633838902169195,0.0,46.59433065089833,79.34450644365785,15.069459573426565
2025-09-17 01:00:00,23.32253363227178,0.0,36.4313465769242,73.6526424113322,6.981549739807392
2025-09-17 02:00:00,25.556230430810885,0.0,53.03633987993988,81.95188023330374,11.899353021299776
2025-09-17 03:00:00,22.738958314484442,0.0,32.74851655832859,81.13874866526945,16.286913624752366
2025-09-17 04:00:00,24.032793090804127,0.0,11.632964524192495,77.6556556831513,19.1126549213758
2025-09-17 05:00:00,28.08211290115651,0.0,9.477612011315024,79.50825399576799,5.047325847030943
2025-09-17 06:00:00,28.50562187532772,0.0,54.76391898346874,84.91613798448645,14.062220941700334
2025-09-17 07:00:00,29.61896194477305,136.79586725617807,55.85498581174946,87.33603219039054,12.03230282181713
2025-09-17 08:00:00,29.017931676010683,258.44307292842353,27.30721180076099,83.36801003569593,10.97018399442562
2025-09-17 09:00:00,32.28394957263886,446.01105040307874,24.252190182960184,71.37422061915127,8.054282470940038
2025-09-17 10:00:00,32.65902566532773,408.2966042595828,51.92166438363303,81.0808572491545,15.619300968042202
2025-09-17 11:00:00,32.36078856017072,592.4118012229154,13.39431476934768,86.39902646097609,13.487692106125312
2025-09-17 12:00:00,31.52435482686666,588.3732561963707,16.579094715662606,77.74806516639853,20.92045701417181
2025-09-17 13:00:00,32.25309433232052,528.6230174371228,39.649901920335665,81.67801287371769,6.698177846090107
2025-09-17 14:00:00,33.75792095412064,516.1042392775743,24.080923157106156,79.47499686778707,4.212406892207207
2025-09-17 15:00:00,29.398136807718153,371.520612522758,29.92317199919893,70.44268675044523,19.71508401199352
2025-09-17 16:00:00,28.74502219168769,286.3772495978515,27.548356522132313,73.3912036588716,11.169849906018241
2025-09-17 17:00:00,27.76271304009094,149.947683482138,35.063618231984,73.59000820459212,9.92598932972546
2025-09-17 18:00:00,26.75069347735753,0.0,51.11222791970575,84.90849455686863,13.308576921218016
2025-09-17 19:00:00,25.97020806218026,0.0,31.358773603526185,76.14933186700313,5.988528925502184
2025-09-17 20:00:00,26.030903316832674,0.0,39.659081899152866,80.53707742291542,13.486394958510601
2025-09-17 21:00:00,24.349065422980164,0.0,0.0,68.84255895005886,9.678952120532763
2025-09-17 22:00:00,23.033727326902465,0.0,29.26922397104823,69.78021725629853,15.758576316017102
2025-09-17 23:00:00,22.815223366329306,0.0,17.351545945606933,79.39048516722245,14.295629530936278
2025-09-18 00:00:00,23.010038817702412,0.0,11.71780409364558,64.71696301506631,14.347221947508643
2025-09-18 01:00:00,20.183003707686463,0.0,16.827714496068737,71.59124437150764,11.604729580197573
2025-09-18 02:00:00,24.261782999589062,0.0,24.98814838948782,70.08040824749304,17.66679270228073
2025-09-18 03:00:00,22.588979837545217,0.0,43.73853813534019,77.1975817071688,14.491939193075046
2025-09-18 04:00:00,24.122287086699544,0.0,10.104109233906541,73.96697705957043,8.372722693565908
2025-09-18 05:00:00,26.347321261932336,0.0,30.45947238891626,83.88788471095332,8.286075861851671
2025-09-18 06:00:00,27.100822992825186,0.0,22.737458499996322,67.8642662314068,8.35074720977479
2025-09-18 07:00:00,29.12595536816422,194.5163206448864,25.084903584570586,73.16629249941337,13.609565463174903
2025-09-18 08:00:00,29.883226863223605,246.31974808631873,45.04136737956906,72.08263635069557,6.925589685914786
2025-09-18 09:00:00,30.358252501982907,376.8538442887857,38.07173155505889,75.98713488499678,12.52401041489132
2025-09-18 10:00:00,33.51636320834164,351.37232054767225,50.06097161164115,81.89724876482379,9.171553234492086
2025-09-18 11:00:00,32.94896489228879,544.5334280124571,27.682414811251494,79.86364680473238,6.371637162905548
2025-09-18 12:00:00,32.59160309190658,632.6051797740552,19.560860824939454,63.45866481008835,6.611384963746623
2025-09-18 13:00:00,32.92875549379279,569.493640724066,26.642117746792508,78.52397521225181,11.236939680410345
2025-09-18 14:00:00,30.612049247632726,421.1515232671259,33.63745186906832,73.0043555347621,14.73697204094357
2025-09-18 15:00:00,33.561587739524704,396.62189961075615,32.64860037680567,71.09695804730488,8.928684360646702
2025-09-18 16:00:00,28.2849222078222,334.7247878238896,13.734178916499502,73.57824487341028,2.382800482754833
2025-09-18 17:00:00,28.640065050524306,177.0956895789616,31.357346724418115,80.72905844601372,24.185203130665826
2025-09-18 18:00:00,26.826496407027214,0.0,33.42342495208358,77.87960810130201,16.142358224630055
2025-09-18 19:00:00,25.48301665566251,0.0,67.7621105630088,81.70242191954232,17.117222435523363
2025-09-18 20:00:00,24.10831678602109,0.0,58.15266916922505,84.46701476868878,19.419147902140743
2025-09-18 21:00:00,22.66009366199949,0.0,17.201349741617697,71.32543071860584,11.22954687346892
2025-09-18 22:00:00,24.41356841655864,0.0,25.689249576762357,79.83043950648128,10.744457939820283
2025-09-18 23:00:00,20.80310780482719,0.0,8.048369972444952,78.31841547890015,15.825584130443024
2025-09-19 00:00:00,23.39151438349669,0.0,21.139394790547705,80.88343149453631,16.453140339347417
2025-09-19 01:00:00,23.126351238899662,0.0,34.73407505385511,79.16582358772877,14.197450843147069
2025-09-19 02:00:00,22.287595825102382,0.0,48.0878043133235,88.3421151273767,15.934381658287904
2025-09-19 03:00:00,24.269736878207,0.0,19.063742433845874,70.07057364362241,5.998098200238846
2025-09-19 04:00:00,24.40761259220218,0.0,20.18780339898305,84.3501406230394,9.979511735645465
2025-09-19 05:00:00,24.387477849632965,0.0,0.0,65.25896793556446,16.815259130478427
2025-09-19 06:00:00,25.695317564135546,0.0,27.560011191826383,66.93510921158344,14.595377566578453
2025-09-19 07:00:00,29.259050512130926,169.66242516037613,14.063783822106554,80.00427042618051,4.855105795600548
2025-09-19 08:00:00,30.397522735998255,304.9596107441217,22.058408589508893,71.45430163096435,8.978509489384134
2025-09-19 09:00:00,30.96303005975545,418.5678407972852,16.847088327486176,74.2010119854343,17.006181341814727
2025-09-19 10:00:00,30.934036832987264,497.2663542242569,28.586061686211647,71.40236966198343,13.250171685905315
2025-09-19 11:00:00,31.69494945293274,646.7537893769577,3.634074129650532,82.02229315117499,10.909260976886312
2025-09-19 12:00:00,31.689662210894497,706.5420637567447,7.9943213191351425,80.40421934843744,11.247560058110679
2025-09-19 13:00:00,29.671483070923138,454.8229338646612,61.938706680424474,92.81672386558944,12.762689761428081
2025-09-19 14:00:00,31.522637559463085,586.3208671523607,10.688661280889534,72.43555837267468,8.437461450557885
2025-09-19 15:00:00,31.327606540712814,442.6088868188285,13.548216323180405,77.64140924843997,7.34305570401495
2025-09-19 16:00:00,29.700772753619393,148.0337287817013,57.55370292481971,83.71804949986857,16.91898343591199
2025-09-19 17:00:00,30.706870464345297,46.040779107740235,73.5760075386061,93.44897804696703,14.628981949023725
2025-09-19 18:00:00,25.806950526928752,38.87154577567848,12.426500567619875,71.23253574445711,13.449537428309329
2025-09-19 19:00:00,24.95935125773329,0.0,24.47626564817954,84.34868580206948,13.410569197187538
2025-09-19 20:00:00,24.7858060095965,0.0,35.12333326410764,76.80860084834215,17.391032524326604
2025-09-19 21:00:00,23.894244262525152,0.0,55.930464666083886,82.71202500551564,14.615093281825567
2025-09-19 22:00:00,20.31118308375138,0.0,15.197143823576438,72.46996361987213,14.05429560209834
2025-09-19 23:00:00,23.06675958360067,0.0,26.320832310868354,78.13245596376039,11.985173773528485
2025-09-20 00:00:00,22.349690549210198,0.0,41.66006364092616,79.17158311322073,8.29322774776665
2025-09-20 01:00:00,19.44203869935956,0.0,36.52149111699928,82.70034482038069,10.923606593642045
2025-09-20 02:00:00,22.54502958931533,0.0,24.35765893154851,74.35272537748307,13.577560143530537
2025-09-20 03:00:00,22.440240773334914,0.0,27.992655532259384,81.63607037298478,14.110323714468766
2025-09-20 04:00:00,23.937558414179993,0.0,9.376562874450272,80.39534204702838,16.272939996663073
2025-09-20 05:00:00,23.993252412194092,0.0,26.42739384038002,77.44559631724113,9.481688129959332
2025-09-20 06:00:00,27.56792394006356,0.0,26.004187649865674,87.50750049530612,12.2042023108298
2025-09-20 07:00:00,30.611283178041816,151.5278555384645,33.48254834439384,83.46659132375068,11.157507734787009
2025-09-20 08:00:00,29.871409304209287,330.4255520376707,21.67009171771476,85.6779940926718,17.580754753560672
2025-09-20 09:00:00,27.755213231427916,344.2814604055621,37.073077838177085,78.84899283957088,13.359448259577006
2025-09-20 10:00:00,31.72828052524275,431.74486568280184,45.19073726729743,72.2811462366216,13.841913715451431
2025-09-20 11:00:00,31.603477359374512,512.1588121240667,32.33143991502699,73.86165225354696,11.473933071599317
2025-09-20 12:00:00,30.595562362607584,543.8099592240966,35.276346125988056,75.25906872626955,10.863542306736296
2025-09-20 13:00:00,32.316218770041594,555.0012121194982,30.797330213668012,72.13677249410055,5.745187573349314
2025-09-20 14:00:00,32.500699823275674,486.9294637552101,30.001265896371212,65.69568826910648,6.455254879286357
2025-09-20 15:00:00,29.693371037259578,495.7655217948848,19.176629496857288,79.51338542218667,11.674209322378527
2025-09-20 16:00:00,27.39002600373246,304.00966340585603,34.74741392509962,69.32825377189297,11.953967318496321
2025-09-20 17:00:00,25.705799971894795,176.50885414218646,28.54070102379766,81.97370167936674,12.164728735688003
2025-09-20 18:00:00,26.161488036127,19.10715480925039,61.39752463395892,96.40290780041992,16.835433243116967
2025-09-20 19:00:00,25.530628922237565,0.0,53.60032353712864,79.72882018417474,13.051772610605394
2025-09-20 20:00:00,23.856071425059195,0.0,35.787698288347514,81.35636631399817,10.396139290358207
2025-09-20 21:00:00,22.603078031394087,0.0,18.55414185457849,73.30491230246189,10.087802223748632
2025-09-20 22:00:00,23.43502102413233,0.0,13.31382792024873,77.99858356031622,11.64131861771154
2025-09-20 23:00:00,22.79892338633228,0.0,47.86714429633298,76.62489363360774,10.873349257375448
2025-09-21 00:00:00,22.200339470129087,0.0,33.94123837720708,78.54630327582977,15.954636121321078
2025-09-21 01:00:00,23.172673034742836,0.0,37.202151050874164,85.48053812616668,11.815011740974018
2025-09-21 02:00:00,21.75754146898473,0.0,3.8312101953871114,71.49981867935975,11.198209774150836
2025-09-21 03:00:00,21.982407135031963,0.0,43.91157722337271,73.58739479680837,8.929311133708971
2025-09-21 04:00:00,23.761834270045256,0.0,36.816305073215446,85.89806821305038,16.100319105153943
2025-09-21 05:00:00,24.878079217841933,0.0,13.34353973378283,67.17429349893764,16.423039686185966
2025-09-21 06:00:00,24.274191753679705,0.0,22.927127888250766,76.53432392508182,5.693767872445951
2025-09-21 07:00:00,27.52572404064238,225.0294530833703,33.955758065347794,81.32330239453565,13.3013442275981
2025-09-21 08:00:00,30.877173768277732,287.295543218654,30.787001975343653,77.71442601977003,11.107705820011438
2025-09-21 09:00:00,31.517511412276797,391.62234671668097,25.617432212946674,88.41391705222972,12.41701495248344
2025-09-21 10:00:00,31.95373407950594,457.31046892581537,28.447675979010587,80.03792593818648,13.230758414659757
2025-09-21 11:00:00,31.941600634194252,548.9900209835052,26.22033932689672,74.80209413285996,2.3711937730768344
2025-09-21 12:00:00,33.82443613052548,522.5076913144836,32.288437681537026,80.06175852379508,14.652369035279737
2025-09-21 13:00:00,30.39227891465783,442.22576651009234,52.072379594897356,83.55897620456246,17.053209950819646
2025-09-21 14:00:00,30.016719806911308,625.9111768321441,0.0,69.76933909198966,14.899219754701205
2025-09-21 15:00:00,31.93798580826867,395.44859984173365,26.447246032354737,77.09004960551201,7.543873739789852
2025-09-21 16:00:00,29.47675441243116,321.72028882963485,32.64768632058671,75.61997354122147,11.508493306248496
2025-09-21 17:00:00,27.362431472896013,120.10986700995063,34.439909845306495,79.62012105854176,9.566332215309721
2025-09-21 18:00:00,27.65837006132425,0.0,24.42128128018065,73.47910912006708,3.5600810620678214
2025-09-21 19:00:00,25.076765770833855,0.0,3.649173262821261,61.71979716095868,7.700309799165218
2025-09-21 20:00:00,23.352084902426284,0.0,34.91993225571164,84.97817338237746,7.409564054262512
2025-09-21 21:00:00,22.280376783880886,0.0,55.91025321246278,81.85826764836052,14.133617991774933
2025-09-21 22:00:00,23.028755196952467,0.0,6.9920789262579355,73.05064163868558,3.8238123248156235
2025-09-21 23:00:00,22.37879906071536,0.0,42.95742020547282,77.63042320969691,8.229677004444182
2025-09-22 00:00:00,23.826645730042863,0.0,25.072121653156593,73.09285274287302,9.175749535203693
2025-09-22 01:00:00,21.64812978136283,0.0,29.08013481256729,72.87786854959288,14.53464763935637
2025-09-22 02:00:00,22.125453631030645,0.0,14.206522339440765,79.0242973295731,21.821425898333857
2025-09-22 03:00:00,25.190864617142378,0.0,24.98315741466185,82.46576764806494,12.461517690077972
2025-09-22 04:00:00,25.63621576465099,0.0,49.50066892048437,82.70940768825147,8.346590221410526
2025-09-22 05:00:00,25.749147502769084,0.0,38.739828629815605,77.18929638154721,9.220592220972687
2025-09-22 06:00:00,24.82555839403442,0.0,55.984674081149166,75.85698443942618,15.43146602708444
2025-09-22 07:00:00,27.093558941934525,54.16819780315855,47.66117833466541,85.8784166632353,6.999041008263138
2025-09-22 08:00:00,27.984551696786067,272.90510047119676,36.58630018394364,75.61610694567152,16.216192214424638
2025-09-22 09:00:00,30.437796149292044,325.2919042729577,56.159017892516886,77.9377816885576,13.901589513134246
2025-09-22 10:00:00,30.524158503408312,436.9777491721084,36.584897381074484,78.76391767727843,11.328958815986484
2025-09-22 11:00:00,33.768280425530456,464.2959417892753,42.41982265195588,77.91908514349097,5.381446440166835
2025-09-22 12:00:00,29.81200655548391,549.9726925961658,25.551435696979375,68.37578694399289,14.959120273021727
2025-09-22 13:00:00,30.17476243284894,517.6160919251997,30.99818723788807,70.36972944152151,8.503411399709396
2025-09-22 14:00:00,31.503019372656127,513.4765572356495,19.538642650495845,75.8919236205645,11.5917010538139
2025-09-22 15:00:00,31.068275704016283,322.05166191181485,44.843759018922796,77.32224172137259,11.61354692709368
2025-09-22 16:00:00,25.99159783322553,303.3009134387886,12.325445653277015,75.78391461181731,4.281072304810352
2025-09-22 17:00:00,25.892936951987913,121.4073206266145,41.73525513626492,81.33252977365167,11.164020524466105
2025-09-22 18:00:00,26.512190132307325,0.0,27.14023413742261,82.09593984602407,6.515875803438388
2025-09-22 19:00:00,27.32363642880798,0.0,47.568706402009795,77.68290571626487,9.770357973845755
2025-09-22 20:00:00,26.808964084172185,0.0,41.2630348309689,81.50800323264144,13.794269536280815
2025-09-22 21:00:00,22.780494290245457,0.0,57.30969236470202,88.15172189700849,15.675324541563153
2025-09-22 22:00:00,22.302906843821393,0.0,40.961620367079675,77.81388163568077,11.975093580412079
2025-09-22 23:00:00,20.93732031747475,0.0,6.419396165201391,78.15026727185975,6.785197706481919
2025-09-23 00:00:00,22.592093084933417,0.0,28.995702406526988,69.57872318098515,8.86013962082509
2025-09-23 01:00:00,23.926384093478227,0.0,12.419892111077761,69.40131042884951,7.961904042000116
2025-09-23 02:00:00,24.071624704753333,0.0,22.22580236450588,67.47726802972892,2.5630324218731015
2025-09-23 03:00:00,23.195690062696677,0.0,52.668426499150826,80.05837824876217,12.926462038372174
2025-09-23 04:00:00,23.178833548405667,0.0,39.56300716346544,79.6910064814029,5.313849490343368
2025-09-23 05:00:00,25.48548564517162,0.0,19.516043571318804,79.26369164118512,11.280585014867858
2025-09-23 06:00:00,28.56394748084511,0.0,14.794239503394017,72.68751606749478,4.901970921818475
2025-09-23 07:00:00,27.542347762743457,107.85037681299727,30.491731393143912,74.5647120894367,6.699568878937128
2025-09-23 08:00:00,26.90886702692938,314.71208224278627,11.751597759283083,65.20545540485799,13.262042410396237
2025-09-23 09:00:00,29.83644664170149,452.31971043381697,19.932895839051284,68.48686373646585,11.094922364697107
2025-09-23 10:00:00,30.736318304468806,445.8691368437538,34.680142073268655,79.66061752520619,4.194637685229631
2025-09-23 11:00:00,29.230866286876452,447.349712262218,47.32968054160044,85.905063998288,10.131293269751925
2025-09-23 12:00:00,32.07057329667927,541.8215729422865,39.131422083366594,76.92615980531501,13.004365271735562
2025-09-23 13:00:00,32.256359958758814,689.0676014755364,0.0,75.26661862030926,7.522837509279657
2025-09-23 14:00:00,33.51691218326746,438.53639188161355,34.5655009354539,72.91425141097758,10.355668028858151
2025-09-23 15:00:00,28.57236862711815,389.8998070040712,31.08050359848867,75.58156751154017,12.530314994020298
2025-09-23 16:00:00,30.21860262575685,239.35528480963058,36.2083542805904,77.03857027738074,11.989230639006287
2025-09-23 17:00:00,29.319906987122703,121.73118891071644,54.243145224768114,90.85986919964573,8.74313208943898
2025-09-23 18:00:00,27.44443197529736,12.88350385181907,0.0,70.60163083771016,10.089209167773184
2025-09-23 19:00:00,24.165987416871495,0.0,21.133448622133415,66.7163000967142,9.9072945283725
2025-09-23 20:00:00,22.884520080116193,0.0,38.86359484190032,85.09149222475273,18.83965328199824
2025-09-23 21:00:00,23.359746637117684,0.0,6.276084008190864,81.3446968896195,9.901473070403561
2025-09-23 22:00:00,22.556028703959445,0.0,52.13923572080263,82.45270101409996,13.146852493909453
2025-09-23 23:00:00,21.2120316616188,0.0,35.52534919050988,75.26412092315357,12.815412470519188
2025-09-24 00:00:00,23.36217109324568,0.0,42.698759787651056,85.54165135634797,10.84571925325231
2025-09-24 01:00:00,21.332436786967428,0.0,21.435845077173084,86.03041893483605,8.19210085630119
2025-09-24 02:00:00,19.89110498937551,0.0,42.206455349493154,85.86160685873155,13.949393547705375
2025-09-24 03:00:00,22.85623560086342,0.0,46.027073339835574,74.01330122751637,14.173136638747179
2025-09-24 04:00:00,24.807398328371864,0.0,33.49317030205753,82.47559190312067,20.004964595862962
2025-09-24 05:00:00,25.833497247819206,0.0,33.51601339048044,80.57501569933233,14.645462272165855
2025-09-24 06:00:00,27.117532338934378,0.0,34.05514858922589,73.72300567927017,14.739874625336281
2025-09-24 07:00:00,29.91932391982873,137.98972561847077,17.049821028909275,80.2686458989995,13.723432644906577
2025-09-24 08:00:00,27.733815232439685,289.45206061139334,27.787069796394707,79.02845090812849,8.628063814246982
2025-09-24 09:00:00,29.667756028729308,346.26747272969953,27.712162013214616,83.10267006182391,6.353712761802709
2025-09-24 10:00:00,33.02174024398816,433.5843974624697,35.750907965302424,72.72708520415802,7.773174837797619
2025-09-24 11:00:00,28.955117254044218,468.9092264586041,44.997363703654415,82.9499620596321,15.001756717414981
2025-09-24 12:00:00,31.61324019428885,601.346615845908,14.121958770323861,68.36302990474593,16.39260415716076
2025-09-24 13:00:00,33.11026955690593,548.5743267063244,28.124864545206336,77.35301059521042,14.34225431678476
2025-09-24 14:00:00,32.59139112078892,364.77746701406596,52.2218332148846,89.60287688687727,11.94335144315075
2025-09-24 15:00:00,31.076728166285445,425.9595085780505,18.84617656781154,66.9679462588637,17.64900693826479
2025-09-24 16:00:00,30.07411406794265,319.596829947796,17.666249740645195,67.11043951640731,9.108694765847542
2025-09-24 17:00:00,26.62380814119338,161.73801203919172,33.0345928774679,83.09245038087579,7.059116533180609
2025-09-24 18:00:00,28.46817318476039,2.312310283015239,42.6657778572798,80.37560461195865,13.14525658085551
2025-09-24 19:00:00,23.82886752546831,0.0,30.17139083340989,83.87483371029496,16.6760115714874
2025-09-24 20:00:00,22.700506050467062,0.0,49.93440885655484,79.0921024317545,9.121519930358781
2025-09-24 21:00:00,23.651745440232585,0.0,42.8519097384979,81.47116858250318,5.323420327703752
2025-09-24 22:00:00,21.711997112297897,0.0,42.62730100335093,84.89066978356934,12.282182845107725
2025-09-24 23:00:00,22.122119552958793,0.0,38.3117475198614,81.36061989722273,15.001334972516801
2025-09-25 00:00:00,22.157252181970588,0.0,64.91479650519128,78.01137465569111,1.3874742859916918
2025-09-25 01:00:00,24.079168508649165,0.0,26.922574667009336,91.2817596715497,15.255601884779246
2025-09-25 02:00:00,22.830969921220433,0.0,0.0,71.68697692132952,4.532811469621963
2025-09-25 03:00:00,22.25762647756756,0.0,54.063815422757116,77.52522445637155,15.602509818529713
2025-09-25 04:00:00,24.976689324548268,0.0,23.134508535647615,77.65812319793088,3.169921363501249
2025-09-25 05:00:00,24.221879293286943,0.0,31.618206665145497,80.46699498949083,5.681502855619668
2025-09-25 06:00:00,27.784357160595146,0.0,49.64326027290791,87.26277936704753,14.957036681194333
2025-09-25 07:00:00,27.97536649985893,181.0328347829623,5.966106884116119,75.98094625134463,15.161383428817608
2025-09-25 08:00:00,29.617961939910327,345.96696359772295,11.225291788407908,71.3444059291328,10.524699413938318
2025-09-25 09:00:00,27.817938714589946,484.2389889137888,5.980830943217196,62.76211848543576,19.88041928358334
2025-09-25 10:00:00,28.00141272409255,512.4776733745,18.087955649618642,76.67859216281035,6.8140141747319865
2025-09-25 11:00:00,29.47503260821417,471.09216571115587,36.5945490902549,70.56530210968299,7.688256938806903
2025-09-25 12:00:00,33.8667570913143,507.87315520474255,37.862817642191565,84.51191386277866,10.684275337602024
2025-09-25 13:00:00,29.934282840650415,512.5968023751093,34.144112689928306,74.43209591880942,10.307974958872427
2025-09-25 14:00:00,31.879384740414096,565.0901910172373,8.808511741614502,74.64502189761906,11.57435428534526
2025-09-25 15:00:00,29.298308746255113,485.78298840601315,0.0,66.37440962884243,7.028579003609281
2025-09-25 16:00:00,28.78521584992128,243.30995832193295,30.815303780855736,74.97586525710962,13.810807393649856
2025-09-25 17:00:00,27.83321387282886,160.64044444618014,22.923359495424965,71.60100870996087,13.320604061699665
2025-09-25 18:00:00,28.73416693506124,11.771362360338157,36.890786575749175,82.54297923848162,18.298063748026095
2025-09-25 19:00:00,26.063016943422543,0.0,40.52930439331905,77.16613865321855,10.064690561618931
2025-09-25 20:00:00,24.59779806132275,0.0,32.07362148088023,82.22139610197738,12.951564777548777
2025-09-25 21:00:00,24.747429034718113,0.0,41.4019962806378,77.71243292131128,14.493468141960145
2025-09-25 22:00:00,21.443972037094046,0.0,33.43817061172603,78.03585558484063,11.64299079560518
2025-09-25 23:00:00,23.156471717497816,0.0,37.950970584022,80.24209658817705,11.050882965645604
2025-09-26 00:00:00,22.68327953459777,0.0,19.429901056951763,76.27409136362327,2.7164534635307476
2025-09-26 01:00:00,22.83882620166267,0.0,27.30582879252812,72.82961159511704,11.698865293689842
2025-09-26 02:00:00,21.979937428184268,0.0,32.95164144985436,82.50995799474273,14.029576263980678
2025-09-26 03:00:00,22.407542890448024,0.0,42.30792713126128,79.90915431953445,11.8841325031917
2025-09-26 04:00:00,22.880815422171178,0.0,24.093882416631416,79.36085197735972,8.075593797019003
2025-09-26 05:00:00,24.168153860922317,0.0,37.81750883598169,79.79801278129327,5.174015078641148
2025-09-26 06:00:00,25.319469064515378,0.0,26.012418121269313,79.6874536727645,13.11285263902148
2025-09-26 07:00:00,28.28258347677792,133.0674865955224,28.236867490078044,74.81012061110208,11.544364486639147
2025-09-26 08:00:00,28.714748953640324,268.48413369632533,42.442785630361094,76.40549361517236,17.68194416259577
2025-09-26 09:00:00,30.607940323808183,510.1231601141715,0.10409443418766173,71.6191237321703,4.207616560369272
2025-09-26 10:00:00,31.475959805362255,525.5036002393922,10.552915078878584,69.49816561991905,8.64641135727959
2025-09-26 11:00:00,29.963532421761926,625.3921742726209,7.767219038357688,78.79120714505567,5.103133435395029
2025-09-26 12:00:00,30.094887069149422,694.3884172117553,0.0,69.87405045068616,14.101276195684537
2025-09-26 13:00:00,31.043956794211454,558.834096625249,19.826033397672347,67.48175844131221,15.947448040301184
2025-09-26 14:00:00,29.834056239115696,480.04528068519096,41.24150849591611,76.9579389210249,19.752409707004563
2025-09-26 15:00:00,28.902584285439985,403.6830918817162,25.72673900426138,71.14977440833138,13.372035418464336
2025-09-26 16:00:00,31.21597927268875,261.94750280546316,32.96685122912778,82.97390981828684,14.805419433016292
2025-09-26 17:00:00,25.81232018296339,149.12580407055145,46.33826245066189,85.6304205495141,14.061248152003763
2025-09-26 18:00:00,29.141569916352832,0.0,49.915291984015376,81.8523710285344,14.788187689016691
2025-09-26 19:00:00,25.59303023374563,0.0,28.962930979107906,78.90214672671664,11.644452772442252
2025-09-26 20:00:00,25.293695928814724,0.0,50.30378834354096,82.39349548212193,14.990501191470887
2025-09-26 21:00:00,24.104884917487986,0.0,31.38189987651164,82.5817524849283,20.12906719713675
2025-09-26 22:00:00,22.983506072415075,0.0,17.43902664258807,77.56138896390307,11.746668910031152
2025-09-26 23:00:00,23.842338368332218,0.0,21.08399471701897,79.2445264451179,11.150226845446106
2025-09-27 00:00:00,20.018920177369548,0.0,7.791952311524756,72.03592015037802,11.181896401004982
2025-09-27 01:00:00,21.393140849832093,0.0,16.677992193995216,71.85272789751161,10.237532093650822
2025-09-27 02:00:00,20.987233867216197,0.0,24.629749678883563,80.38466776475948,12.21717610207489
2025-09-27 03:00:00,20.68562457611453,0.0,42.05377529067903,89.21730187982358,11.370697075716528
2025-09-27 04:00:00,23.066448418263676,0.0,55.81154746748976,90.07297179880007,17.366508394517687
2025-09-27 05:00:00,27.56627875856773,0.0,9.267277269344401,80.1401710229517,14.639603746622349
2025-09-27 06:00:00,26.200555165746337,0.0,35.892412023898785,79.90317897548267,20.45836035741094
2025-09-27 07:00:00,30.298727525235595,109.98533650459925,14.391840912636983,68.25319563765515,10.625432085000261
2025-09-27 08:00:00,31.63763718486553,219.2477693436208,37.12045632694803,74.1785327059848,13.010571489123446
2025-09-27 09:00:00,33.85526525112701,387.76136866140115,28.0337002396841,82.8779844998206,12.389577376719826
2025-09-27 10:00:00,33.23332981613936,536.0965117637214,2.5364126122870445,60.38938607129954,10.925192507543152
2025-09-27 11:00:00,34.321262428768655,446.79490840891975,43.92445487352727,87.40670788243116,16.716196950768673
2025-09-27 12:00:00,31.848779675761808,548.016979277865,20.924989307869033,70.56575702790141,4.546312239842262
2025-09-27 13:00:00,31.55251770762738,598.9165684819917,21.99149642439668,84.43194629173536,12.942409672839103
2025-09-27 14:00:00,31.139480060891515,588.414879649237,13.953713830654653,72.51449749012474,18.680762834934256
2025-09-27 15:00:00,29.961676644315578,388.2191021214165,20.18575084968667,78.2150403270561,16.461071795171677
2025-09-27 16:00:00,29.12062394810717,259.91208067286004,36.41835661042376,90.71172755172108,16.815184992858008
2025-09-27 17:00:00,28.697994432601416,118.93443465396372,27.161334885953917,74.88489555132,14.726310748556257
2025-09-27 18:00:00,25.820498660503866,0.0,34.929930034237216,77.17474259396086,9.363370853209725
2025-09-27 19:00:00,23.341055137725437,0.0,35.42882780893265,75.93185268620407,8.772070271287097
2025-09-27 20:00:00,24.39876630923365,0.0,49.809924832922505,77.83374991585048,9.522377539401656
2025-09-27 21:00:00,21.98988168183437,0.0,24.85820773703431,75.31694807580713,6.689091258792401
2025-09-27 22:00:00,21.329879306754435,0.0,7.847132747314024,70.03809697902231,14.178790966708851
2025-09-27 23:00:00,21.4108535415356,0.0,46.008336248579745,76.08917121025345,18.173869823309047
2025-09-28 00:00:00,20.856921236019005,0.0,25.02767741854118,76.1259756283426,12.989090559548153
2025-09-28 01:00:00,22.954133530239403,0.0,46.71888666866066,84.53553448478797,15.555085550543351
2025-09-28 02:00:00,21.793816401110504,0.0,35.75065669773706,75.23906470962487,12.961408217753915
2025-09-28 03:00:00,24.31375804472004,0.0,28.032937046949826,76.59892153139641,13.676684539144695
2025-09-28 04:00:00,24.108528545037842,0.0,35.23163841069443,86.27415269374399,3.293382693548823
2025-09-28 05:00:00,24.931524493384067,0.0,59.26518840189449,78.02891272055392,14.221966961248315
2025-09-28 06:00:00,26.546394053585875,0.0,61.1547079358063,95.01505414559674,11.355576009411248
2025-09-28 07:00:00,25.955683823698692,189.55059501845108,31.04071702699168,74.5467088183381,11.391395260806314
2025-09-28 08:00:00,29.28020776772495,226.1807015169012,32.402858899756126,78.76320406574295,12.523201795012103
2025-09-28 09:00:00,30.980187412555228,355.12839779585295,46.14360236199578,87.33468830709828,9.444776797906384
2025-09-28 10:00:00,31.958939995235326,520.7068929239296,17.315084508489793,81.50663119978466,6.563314689530803
2025-09-28 11:00:00,29.412510241867157,480.9056361241209,34.99605558927382,80.73624087910599,8.766001384129769
2025-09-28 12:00:00,29.366033158497174,526.8690874437582,29.612057280692152,73.57558175752361,5.687264833149848
2025-09-28 13:00:00,30.472472470253297,494.0112203733184,34.7086231718633,74.24222855857555,7.114603700960127
2025-09-28 14:00:00,32.47089550572598,521.3947049959629,17.499467910758913,70.67977055905926,6.803408127651725
2025-09-28 15:00:00,30.1635093390001,437.4843102269564,6.156487600365466,80.51087821656364,4.567490559019136
2025-09-28 16:00:00,27.83360360974038,334.74330231659997,0.0,67.95923192812526,12.115101847032534
2025-09-28 17:00:00,25.745981339916156,140.36417422519796,13.239238305155883,75.11604943858123,7.059975511064716
2025-09-28 18:00:00,25.451521325623343,0.0,23.119870725910005,70.79345334597791,3.70329430580422
2025-09-28 19:00:00,24.069595728833438,0.0,25.60212620026857,71.05837270619628,9.675094144474128
2025-09-28 20:00:00,25.057010455651877,0.0,59.058467436442754,85.18802641101777,8.500033007962763
2025-09-28 21:00:00,24.121481039683466,0.0,46.58990054860947,80.45553126597434,18.165825643334166
2025-09-28 22:00:00,20.645707968642636,0.0,15.568633254875591,73.58677382663831,11.31008921869107
2025-09-28 23:00:00,22.490194170023784,0.0,35.21562678676435,72.08502848145507,5.878861871993203
2025-09-29 00:00:00,22.10153203399578,0.0,23.893826454745124,76.34079044372349,13.469478569714555
2025-09-29 01:00:00,19.892333875080574,0.0,25.734542429398573,85.24613635925495,11.62662996093669
2025-09-29 02:00:00,21.816456738319264,0.0,32.77988474123073,74.70731267599267,10.684557742559738
2025-09-29 03:00:00,23.16308014438963,0.0,39.2875667546309,84.88460570576632,18.262855408495184
2025-09-29 04:00:00,23.967754110050294,0.0,24.91112274173977,59.360800631277655,7.343472637063674
2025-09-29 05:00:00,22.737749440354,0.0,45.957772991015375,78.117054854601,16.438473273964487
2025-09-29 06:00:00,26.42608525658933,0.0,12.87092660786394,63.75186559059697,9.005459122346219
2025-09-29 07:00:00,28.376787650091508,141.89866730763038,30.095085935434028,83.49827194772638,11.431328443615568
2025-09-29 08:00:00,30.809020485245505,153.18564107718464,68.96510589893748,91.06381202675995,10.448950466712757
2025-09-29 09:00:00,28.92165341145917,380.10505436925325,33.346196139379124,72.87663467247104,8.923011066834746
2025-09-29 10:00:00,29.876585981152356,323.73625525074107,51.49821759909259,83.8894522586134,10.830752807023254
2025-09-29 11:00:00,30.813650401528673,526.9157515602542,31.372802672598123,83.27970025437517,3.9655817391227286
2025-09-29 12:00:00,31.634128763429683,489.32238094653695,38.71165642994695,85.76875324080102,13.322179572934278
2025-09-29 13:00:00,31.21130029507278,505.71141114094496,29.148252084109625,74.62641467190039,11.916988210759733
2025-09-29 14:00:00,31.371275468997137,465.65140544760976,27.443886282536933,65.16099935195481,5.381366949686048
2025-09-29 15:00:00,28.328339466770778,412.215580226779,18.307764049118706,69.88499025994948,13.5552002772081
2025-09-29 16:00:00,29.27145786180324,282.8420017916694,36.4545203843633,82.60363439144156,17.650980073655695
2025-09-29 17:00:00,26.58476329693698,234.5284688405833,17.226942162213483,84.86349191530473,8.203271502162107
2025-09-29 18:00:00,26.069213993045473,30.496770603759614,39.98377854470144,79.86393752936118,8.86010864479535
2025-09-29 19:00:00,27.18187055563819,0.0,46.27930506668865,78.50843675476388,16.767616037877357
2025-09-29 20:00:00,21.937832414321914,0.0,35.497971108558446,91.63062535298637,13.387904413212134
2025-09-29 21:00:00,22.35670645081381,0.0,25.706268996664623,79.15172455489723,10.741618523774072
2025-09-29 22:00:00,20.268381542791722,0.0,36.80948368963044,74.07327366151222,15.098722742551569
2025-09-29 23:00:00,21.62490730118969,0.0,25.36990416680381,76.55420184611003,12.364936584478748
2025-09-30 00:00:00,22.533311795333866,0.0,44.033206881977236,86.67794318460766,17.915662343318154
2025-09-30 01:00:00,21.561531528379053,0.0,2.528908736773147,71.09612653331902,10.05942783403972
2025-09-30 02:00:00,21.688751377068286,0.0,24.965889478220305,81.00996259135428,12.954183484175786
2025-09-30 03:00:00,24.361998127161772,0.0,0.13782007314003408,62.40511846422973,14.399136906640742
2025-09-30 04:00:00,24.10026217053063,0.0,7.574087546591926,65.15761184845312,0.5873886742490626
2025-09-30 05:00:00,25.94194965301959,0.0,50.45793344720864,79.09891069313083,17.059888970201328
2025-09-30 06:00:00,27.10044360822552,0.0,43.42777472957529,79.43091019543371,10.150965565548317
2025-09-30 07:00:00,23.725591705435654,115.02628042006252,19.207796500728143,76.96285447372507,12.96017982413028
2025-09-30 08:00:00,28.57093955801961,377.4167901886902,7.462448159386547,74.81377233029193,17.02963012609737
2025-09-30 09:00:00,28.30464610171382,437.5065406682244,0.0,82.13487214749881,8.776404068510567
2025-09-30 10:00:00,29.422624061845116,441.22818343425854,21.84756738101048,71.40571427031105,9.270305469271058
2025-09-30 11:00:00,32.91720007629506,340.7655279659189,66.30622518371104,84.11903128895497,13.09633933124828
2025-09-30 12:00:00,30.68336179640747,469.142793824063,36.52326407195471,75.02503553350121,6.017001884494303
2025-09-30 13:00:00,33.460576791319994,548.8580746216293,21.606415709257657,79.82945912914812,19.876816006842645
2025-09-30 14:00:00,28.670741077896924,427.12223638426804,36.976203142504595,84.66319158826485,11.678743793983756
2025-09-30 15:00:00,28.297370896899,448.67292567852604,6.585624705083358,69.21352294575259,16.911643102983867
2025-09-30 16:00:00,29.661664864564404,254.09463455758222,25.540149559535468,86.31451682121653,9.944177507118741
2025-09-30 17:00:00,27.020921255153386,145.84054685846593,31.49216209523608,74.32540735263642,11.710630457090991
2025-09-30 18:00:00,26.570134542908207,0.0,28.708490222684272,82.39119179530297,15.212481164329576
2025-09-30 19:00:00,24.730514905533564,0.0,41.86209182535121,88.07855852551005,7.684246184102146
2025-09-30 20:00:00,23.485259895971033,0.0,35.169678393540785,72.51173164543941,11.34828304621028
2025-09-30 21:00:00,22.239568210042407,0.0,40.02489027161995,83.60844879240315,15.628453888728176
2025-09-30 22:00:00,22.07382335493471,0.0,19.67441576653861,62.03230023211752,10.131584975574278
2025-09-30 23:00:00,22.175109647667774,0.0,43.467231126158225,85.71160311255719,10.241065269586937
2025-10-01 00:00:00,23.184664171339122,0.0,54.434054214359875,78.67278482436377,17.182615058354962
2025-10-01 01:00:00,20.993019947683898,0.0,15.447757205228811,77.60033437913702,16.376849842364997
2025-10-01 02:00:00,21.244058571826066,0.0,16.6845651642816,78.80947584514969,17.074761220449783
2025-10-01 03:00:00,21.871181445745293,0.0,50.03676504480349,88.8792064421205,9.801873012287816
2025-10-01 04:00:00,25.49663438661715,0.0,27.129840199574097,81.45904164223934,9.039228008663576
2025-10-01 05:00:00,25.68924251581026,0.0,51.057320880998354,83.2404188051361,10.66654608112636
2025-10-01 06:00:00,23.617171920705278,0.0,23.361964321617243,74.44553273651626,14.04218055733781
2025-10-01 07:00:00,24.853953686952206,83.19674975353797,51.82568364406067,82.90638120795937,7.804092946594838
2025-10-01 08:00:00,27.50684013172739,277.24962150385414,31.972287252081784,72.33703822017564,7.037269144383757
2025-10-01 09:00:00,29.920638358278325,358.56823852029197,33.87343234984043,76.97182258632193,8.836319209426138
2025-10-01 10:00:00,30.3725312130128,340.98040026801107,53.47077032504856,81.40833465786147,8.920648367379314
2025-10-01 11:00:00,31.584756623917027,537.8397269095875,24.57344283833743,71.51455474681639,14.766113362415403
2025-10-01 12:00:00,30.857838900236636,551.1033011343367,15.883168561125625,64.68615021478661,14.06204632322475
2025-10-01 13:00:00,32.73218890931287,497.9709252501282,23.271536879574686,68.5733752954755,9.236851918592391
2025-10-01 14:00:00,31.419787186403315,399.1882797917491,36.78500925964708,62.78272648445664,11.063783613809811
2025-10-01 15:00:00,29.72229887025803,459.83797330059843,6.513613917292286,69.6806626893201,0.16674801147683738
2025-10-01 16:00:00,30.074856634769237,239.92251691104215,39.562063539766825,81.23178063122482,10.148392485207737
2025-10-01 17:00:00,25.23643250897772,172.2837084909018,21.91843023573385,62.33131149270486,16.071735550039676
2025-10-01 18:00:00,25.975318248610108,0.0,47.21718991100345,83.14157363964908,10.31357967485451
2025-10-01 19:00:00,24.970586147528678,0.0,0.0,69.6920412723289,5.629958660903872
2025-10-01 20:00:00,24.368562825013164,0.0,18.20151337343747,69.06131511102005,16.41497601138952
2025-10-01 21:00:00,20.320665665464958,0.0,4.70297773148847,70.02161854514547,5.777228121620931
2025-10-01 22:00:00,21.417259377215885,0.0,17.606558004540712,80.49307142063945,17.06456875709251
2025-10-01 23:00:00,21.776885278885956,0.0,33.71498851663415,74.34126903367488,23.237399407419325
2025-10-02 00:00:00,21.621803001486217,0.0,27.311600618253678,78.0288850830991,10.928070910079661
2025-10-02 01:00:00,22.713831899614803,0.0,26.199336465779776,78.92573885667917,16.28507970216763
2025-10-02 02:00:00,22.661322150376257,0.0,27.612226929299087,73.4428218776445,4.704876232960503
2025-10-02 03:00:00,22.38685846705329,0.0,33.05082360929915,83.99603216022305,4.800775493561798
2025-10-02 04:00:00,24.37895811080306,0.0,14.871959370853384,76.13035085002092,7.556688083192493
2025-10-02 05:00:00,24.445624285436057,0.0,40.60274461348576,79.27428781877875,15.319816811768725
2025-10-02 06:00:00,26.19229837576139,0.0,39.93998955578226,91.92235499216886,12.003975706090694
2025-10-02 07:00:00,28.328830517873858,108.07831962569318,35.77556906484151,83.80745987445505,11.043171318015919
2025-10-02 08:00:00,28.442601206025227,215.94100734763578,38.34800164126895,70.93980580097427,6.754057144937456
2025-10-02 09:00:00,30.007612726493807,348.54964430918375,34.446270012129894,76.2146385717272,11.212913793308738
2025-10-02 10:00:00,31.581320656203992,345.31098955099026,60.526099540966015,96.77753982569783,10.451857693684833
2025-10-02 11:00:00,31.75693568757579,515.3850293462563,28.69358743421235,71.54894912371196,7.744696338684526
2025-10-02 12:00:00,32.60500564981546,531.159148639676,25.39375172498135,75.83935604793092,7.2402410843064775
2025-10-02 13:00:00,33.858104155953804,542.3313523883754,18.697086294639334,79.80052283339823,11.70261118665709
2025-10-02 14:00:00,31.245425361455904,532.1436810843232,14.516059941332447,76.25380911964037,7.844494122739251
2025-10-02 15:00:00,28.93734582627624,372.2891411709257,11.33292318598387,76.52497565115846,10.54057650141886
2025-10-02 16:00:00,29.166862199335423,312.8787501759363,16.668040301536223,77.52993758806726,3.7573468266641274
2025-10-02 17:00:00,27.90505140411983,89.700516688715,28.93979427521893,77.22615449146804,13.459543877410772
2025-10-02 18:00:00,26.799056138733178,0.0,35.01442692746572,74.82217634737158,12.713574707879
2025-10-02 19:00:00,26.650918133065662,0.0,30.767130878282426,79.9179659620585,10.612879518617003
2025-10-02 20:00:00,21.312147275490474,0.0,18.516970838554307,73.46853748285379,11.571916376068783
2025-10-02 21:00:00,24.4339477199656,0.0,43.50276846029945,78.85384395278047,15.911811546444373
2025-10-02 22:00:00,24.076907146723038,0.0,41.09119008451421,88.12362088480305,6.259319401228102
2025-10-02 23:00:00,21.91035496797562,0.0,27.605275388669746,75.75978564408688,11.647047037007441
2025-10-03 00:00:00,21.687140179366,0.0,20.20625783002932,84.37914544263558,5.789754916545262
2025-10-03 01:00:00,20.773597192893238,0.0,38.226418812446994,81.77439682992178,12.261754185148806
2025-10-03 02:00:00,21.595458741615452,0.0,32.81960381229157,78.2198434844605,10.60556407872678
2025-10-03 03:00:00,23.28916847473579,0.0,8.278091108774287,63.53833888643841,10.314258075169018
2025-10-03 04:00:00,24.24098268437735,0.0,28.980296160233927,88.258205277094,14.842666926791537
2025-10-03 05:00:00,25.56019199726773,0.0,33.93053718111572,78.66875771941658,14.970566173770392
2025-10-03 06:00:00,26.732033716860197,0.0,16.504578202683692,62.812440520621415,15.172065196054707
2025-10-03 07:00:00,28.379366765673613,82.55565443258307,32.847650892561646,82.94363586899614,10.05687132068745
2025-10-03 08:00:00,29.440007844757268,313.1053838681818,8.177662721133164,71.42745544338419,13.221565961937088
2025-10-03 09:00:00,28.121245214870495,278.3835754559751,50.04279150018256,77.68588383231621,14.52869270517397
2025-10-03 10:00:00,31.329440049258363,363.0371179734533,48.71924977589148,86.18631351078002,10.951125638538343
2025-10-03 11:00:00,33.163156306562364,526.609143170174,26.21223998545553,62.88492456520376,11.779423162813591
2025-10-03 12:00:00,30.882749796233906,465.73996235239264,35.4518150675861,74.71006532583039,11.243845760720276
2025-10-03 13:00:00,32.69631763759849,642.6550425781209,0.0,67.64854039101449,15.579545114933735
2025-10-03 14:00:00,29.055007702813054,515.4494128362963,12.654785096020007,77.11638485413698,13.873604757559612
2025-10-03 15:00:00,29.4142070742151,365.48147095942943,25.593316197718053,87.2374557119548,9.936204007047307
2025-10-03 16:00:00,27.583858976423112,285.9129450503022,13.91800467859711,72.16807825777421,9.074129085550664
2025-10-03 17:00:00,29.004447427439473,117.47461425221954,40.71594723945988,82.17804066975764,15.866258396717871
2025-10-03 18:00:00,28.049984094507433,0.0,59.95944796121991,98.57430585009462,18.35784968887225
2025-10-03 19:00:00,24.494314392149494,0.0,12.350779208560471,73.48723168278741,11.879679252303015
2025-10-03 20:00:00,24.939744553236334,0.0,17.438048938722112,77.00954583181152,13.506191525141269
2025-10-03 21:00:00,24.527645284117526,0.0,33.531725524648955,72.56702710101692,16.889112215452123
2025-10-03 22:00:00,21.544443039503566,0.0,54.16674222749431,94.15585490915787,12.009194183770795
2025-10-03 23:00:00,21.256412537666666,0.0,11.664385311901452,70.21275272289712,10.917101787783288
2025-10-04 00:00:00,21.787257260137803,0.0,33.73554183460413,80.55865334553064,13.633690342583593
2025-10-04 01:00:00,19.908628772201013,0.0,57.31948276219663,86.59475531031799,11.149980777813393
2025-10-04 02:00:00,21.646557134479462,0.0,5.22361277731099,72.53561123423148,17.057360585606595
2025-10-04 03:00:00,25.083646611752506,0.0,10.783961897312519,70.81187509304814,8.787187516045467
2025-10-04 04:00:00,22.68353970329734,0.0,23.645900903087426,77.76557549531032,11.427440275289818
2025-10-04 05:00:00,25.64943616702859,0.0,22.191173807168834,84.53711540278941,18.775063057698198
2025-10-04 06:00:00,26.51450305960084,0.0,42.189019316304666,92.02474924970096,4.662348205065268
2025-10-04 07:00:00,26.914756823821488,116.5814495401603,33.62489579731257,77.54329605613354,12.545078668251946
2025-10-04 08:00:00,28.621708900404933,311.7386540366559,3.3755691053680756,68.35331949622496,7.526514288802238
2025-10-04 09:00:00,31.64749708745672,325.19447452653446,37.731156043512165,74.69184231062252,11.887235067685708
2025-10-04 10:00:00,30.883360589098007,556.308855177982,21.336916689665244,88.18240311591317,6.243325900966543
2025-10-04 11:00:00,31.585950621307706,395.4631365144116,49.116708254118585,82.2354589618176,10.972321343949284
2025-10-04 12:00:00,32.91467826475001,508.7551945884893,20.586186953446205,79.83455784650167,11.128418048093858
2025-10-04 13:00:00,30.286952842970447,501.9901177576591,20.450770753466465,78.10295296831686,11.975818779819795
2025-10-04 14:00:00,28.80269491575572,433.1080081017704,38.116974162067976,90.30084779656718,15.488427180956242
2025-10-04 15:00:00,31.667942794622824,360.50184729032304,41.44389723505405,78.4222814991579,2.7768367546149726
2025-10-04 16:00:00,28.511035597026684,225.3253771111153,36.72149045904305,73.41837573007544,11.332596910648183
2025-10-04 17:00:00,28.28933361032905,196.31325024096026,4.716040239227876,80.28286877669288,9.537034255446665
2025-10-04 18:00:00,24.842529338317554,18.539749996063662,38.07051659892377,84.35778197219062,11.646412561664311
2025-10-04 19:00:00,25.044546250930136,0.0,14.485379224884015,76.19607838018774,10.853371301057535
2025-10-04 20:00:00,21.90754465930231,0.0,33.52914167382395,86.82211685163033,8.355984843540478
2025-10-04 21:00:00,22.38088516533651,0.0,8.643983469014096,75.42051552019437,4.244212501670805
2025-10-04 22:00:00,20.66113011996877,0.0,36.69483221314596,87.97404198848973,12.703166033008218
2025-10-04 23:00:00,19.862977512791065,0.0,17.901016435389412,76.77876695947371,6.918044170517991
2025-10-05 00:00:00,20.356035684461038,0.0,10.760480246092175,78.1964588323633,12.148989294405457
2025-10-05 01:00:00,17.93905818733273,0.0,40.70730204723599,84.16792341093152,8.286558896868344
2025-10-05 02:00:00,19.912094966603753,0.0,33.62466782515127,77.84293403614613,14.452121323317266
2025-10-05 03:00:00,23.231699651842426,0.0,20.790347979106542,74.73587983031281,10.821694414144108
2025-10-05 04:00:00,23.702061461048785,0.0,51.76768273531596,81.47230038812073,12.648215977003396
2025-10-05 05:00:00,23.059556898072746,0.0,23.390213676453865,77.76605536098423,10.184131288552297
2025-10-05 06:00:00,26.462330794941327,0.0,30.48161510956402,75.42204212615727,9.897325276242865
2025-10-05 07:00:00,25.90251338635189,130.66599392869486,34.03370171517901,80.85254624136121,10.769751730039227
2025-10-05 08:00:00,29.188648186174184,300.7029045377855,20.705010988070796,76.85746335245484,15.761851841589461
2025-10-05 09:00:00,29.135298265069103,357.5215195559373,37.06704440099894,79.97223702835447,5.715861148563645
2025-10-05 10:00:00,29.657562078048905,483.3471011396999,21.998214792529133,76.21351273511105,8.50736538719889
2025-10-05 11:00:00,30.46134157523639,506.16734180147984,23.82542516675686,72.60636294317725,15.417913351726135
2025-10-05 12:00:00,34.07748214830216,427.45693576118146,50.43963959705012,80.13840573779858,15.801075221020028
2025-10-05 13:00:00,29.593282310703025,564.3491200115584,14.391209212313504,64.85576582640887,16.093681944524835
2025-10-05 14:00:00,30.374748439705225,557.920358363888,0.0,68.89444100253388,9.763030723089425
2025-10-05 15:00:00,30.30140838290956,350.1252065701579,54.16405492517842,78.11674632325244,7.435038203248772
2025-10-05 16:00:00,26.998958450821124,128.9116710886002,68.23991928910505,87.55939820856877,8.980628815901548
2025-10-05 17:00:00,24.971655191521634,164.12192533239602,23.920961018260023,72.71204636376945,10.001203486472567
2025-10-05 18:00:00,24.968667568785914,0.0,0.94742939069722,60.28819322011209,13.0901582242555
2025-10-05 19:00:00,25.443302090565666,0.0,25.342740357060844,87.83140467402274,10.248422928835634
2025-10-05 20:00:00,22.80549066738997,0.0,25.706655752389963,75.8986934712606,9.958606685652466
2025-10-05 21:00:00,21.91412353793467,0.0,27.151142384666144,84.78595637389485,12.945297157804182
2025-10-05 22:00:00,22.603968682394253,0.0,13.299179371172276,71.34925104759051,10.775844831593213
2025-10-05 23:00:00,19.872220019848083,0.0,38.693417137147165,89.23310340285083,10.172318423170974
2025-10-06 00:00:00,20.55162099211358,0.0,37.86761062929129,74.67567019141453,7.887328742000414
2025-10-06 01:00:00,18.869380411446325,0.0,7.583915702710403,73.99572974323841,14.167008186093184
2025-10-06 02:00:00,21.75381065662487,0.0,40.48795097542332,75.4474690471244,16.215650454052568
2025-10-06 03:00:00,22.429828187609726,0.0,60.79027472918837,98.88681039729491,8.808766264744493
2025-10-06 04:00:00,24.201200084220915,0.0,32.5794049865559,77.31836386031344,10.018531534857626
2025-10-06 05:00:00,22.884074699918127,0.0,24.94012256897241,80.99468220203423,13.9148973376609
2025-10-06 06:00:00,25.41754904159939,0.0,27.86995178388718,79.4577427213261,6.84284912478363
2025-10-06 07:00:00,25.29908665352049,81.72767580850162,39.22885150452842,79.93477174417747,13.422152410284777
2025-10-06 08:00:00,27.847064204600994,353.18143531805873,4.039925917391727,73.47152117157289,8.896028351575263
2025-10-06 09:00:00,31.12886130060986,314.3451041031828,32.465860544659535,84.29300063439966,6.756264000155983
2025-10-06 10:00:00,29.58015133275955,439.31344227965633,24.14304075805785,78.98976714509526,18.316521050742978
2025-10-06 11:00:00,28.720936256530496,378.88571110160575,57.71737519434068,84.98347772650024,11.5201315144545
2025-10-06 12:00:00,29.78315985213627,507.527607360353,27.387408992925632,79.02599296030273,13.466599970652775
2025-10-06 13:00:00,28.402394644606495,342.6746529322352,55.0183141667928,93.11941277267114,8.266229549063933
2025-10-06 14:00:00,28.31262517307634,559.2201093932083,13.443889533269893,71.0800267419609,16.881553535218636
2025-10-06 15:00:00,30.074819834280287,306.7514015587999,38.808887502041884,69.97156437712748,19.72998987908626
2025-10-06 16:00:00,26.286834688032798,239.02160320307146,34.79100395686843,73.32222093278584,5.730834025001505
2025-10-06 17:00:00,27.36712528957748,142.43134372919442,16.964291282028263,69.07538648820928,10.189973020148795
2025-10-06 18:00:00,25.700468375250875,17.757728799164507,32.66094171955411,73.9537669917343,16.944603404672794
2025-10-06 19:00:00,23.681920947269592,0.0,48.187782552474005,78.31012258844805,10.535660377552672
2025-10-06 20:00:00,23.46255787067864,0.0,25.14312443570099,76.69839955257831,12.894351887656665
2025-10-06 21:00:00,20.912509028519366,0.0,4.620560262453552,73.30535335580447,3.509645712601852
2025-10-06 22:00:00,22.4299735987565,0.0,29.73655760283831,79.30300198819045,8.333618157863047
2025-10-06 23:00:00,19.92953137701416,0.0,16.46365357811231,71.52509412035002,12.043357616286032
2025-10-07 00:00:00,20.08202813867013,0.0,24.864885920041765,82.22341759818396,8.885396822143528
2025-10-07 01:00:00,20.097719655397505,0.0,28.776183454723185,80.90166702426384,9.996668044090633
2025-10-07 02:00:00,22.150493708666986,0.0,4.41521675976724,79.73777332092915,4.158464082670821
2025-10-07 03:00:00,22.756548275487916,0.0,5.765124910189829,76.31160418845786,12.904521629959294
2025-10-07 04:00:00,19.67609357815814,0.0,37.23100253288288,78.65867780355315,6.503237079157125
2025-10-07 05:00:00,24.620725685508113,0.0,22.159219557454794,82.42413755469995,17.27073442737487
2025-10-07 06:00:00,23.316334412485826,0.0,0.0,71.9204802696914,7.269233099118111
2025-10-07 07:00:00,26.434682093525772,92.91101580731578,41.77266054912202,84.51785591765439,15.29144548581792
2025-10-07 08:00:00,27.94367886558837,233.72134937630557,34.0855463291136,81.98198342592683,14.513094929716253
2025-10-07 09:00:00,28.662163301400433,368.91694457148236,19.291877639452743,73.95204574825442,7.024280747851725
2025-10-07 10:00:00,30.56549710150987,535.2927448372902,10.247546834126378,72.54341404545812,8.20934866784244
2025-10-07 11:00:00,31.350033761207815,414.321782241194,42.537118444715055,79.32490138672661,10.29710209164655
2025-10-07 12:00:00,29.578799563194003,460.488135794277,35.240259338406446,74.15851345891487,10.203400403311209
2025-10-07 13:00:00,29.361198122057907,320.77922122947143,65.7390342402611,75.35710495197827,8.09627857546803
2025-10-07 14:00:00,29.867671693033007,438.7258464936802,36.30282898087406,75.17652872742848,13.950618406319794
2025-10-07 15:00:00,27.112987295055817,344.9118841280485,35.815547118930226,79.93276696780612,9.035786330881395
2025-10-07 16:00:00,27.4642337261151,256.7708298472829,27.496081048371522,82.23230959929423,10.918107842540739
2025-10-07 17:00:00,28.630901502775252,80.77661111335664,42.25163800801187,84.29822421882821,16.137995878358446
2025-10-07 18:00:00,23.626114359085154,0.0,39.3762780187223,78.95208687587662,14.256002290645867
2025-10-07 19:00:00,23.84805730123905,0.0,48.77587512847792,79.26587701783217,9.953570342567696
2025-10-07 20:00:00,22.314314037049932,0.0,22.18015622044073,75.34852099308827,15.272736738593585
2025-10-07 21:00:00,24.655619433730436,0.0,23.468887905840567,71.34384674350831,13.835603487520379
2025-10-07 22:00:00,20.554958506266342,0.0,22.813452436320297,66.09377119639059,8.31729361594743
2025-10-07 23:00:00,20.1309218114477,0.0,41.86202581768484,73.7701450578303,10.036910025964419
2025-10-08 00:00:00,19.16203181187145,0.0,52.47561660445098,91.16830617013945,16.625797326210844
2025-10-08 01:00:00,20.684515431205785,0.0,23.11739260276049,86.01309536320171,14.27057425339973
2025-10-08 02:00:00,21.5231163706223,0.0,23.628394083103633,80.49833593483952,5.171158698298501
2025-10-08 03:00:00,20.81492651017549,0.0,34.71115835804699,79.31478748673483,7.71318740484513
2025-10-08 04:00:00,24.287365858952256,0.0,26.313577499806478,70.02038763285857,14.097195516386344
2025-10-08 05:00:00,24.560313652076157,0.0,44.28080479709835,80.63049402383882,7.516542035527431
2025-10-08 06:00:00,26.609495267408438,0.0,0.0,73.11777194825729,13.219751350863405
2025-10-08 07:00:00,26.36954525733441,161.90958575704352,17.599424296246582,78.64383064793141,18.62311945406043
2025-10-08 08:00:00,28.318165848172434,268.2731077390637,18.263754990578313,77.81226887449371,12.406346152605199
2025-10-08 09:00:00,28.76053468061013,468.4450512927515,0.0,75.7837601363648,6.308046602486773
2025-10-08 10:00:00,31.72713925127439,485.0279500741705,15.54542333446794,82.89204626698191,11.483294088566382
2025-10-08 11:00:00,30.48279872804142,588.2441154658331,16.272658262311108,71.52063299767099,14.952085000025596
2025-10-08 12:00:00,30.5134063508232,527.8409325448876,26.983430182217546,90.2454068334464,11.744813208453817
2025-10-08 13:00:00,29.735940750731853,419.43116730505506,46.694488374903955,71.16354323927912,14.270070370956757
2025-10-08 14:00:00,29.161400517322082,454.1633679516545,26.324090232139465,72.36525525266057,8.118552496198012
2025-10-08 15:00:00,29.346598821217412,449.91484181703504,14.537794195932692,74.28245999287432,7.832209151877447
2025-10-08 16:00:00,29.06748991519823,218.07052989183154,29.145681881797064,79.72142659626161,15.081511959401668
2025-10-08 17:00:00,25.906195916243192,157.72049776566018,45.73760432162024,80.69029342433564,9.438631281221442
2025-10-08 18:00:00,25.666579278342667,0.0,15.360617758276426,71.56133784908448,0.42321845249051115
2025-10-08 19:00:00,24.447351330825946,0.0,16.341376741178273,85.4811685556955,9.59173853996453
2025-10-08 20:00:00,23.467898789301994,0.0,38.37823438911335,77.40676089840899,13.175695875563832
2025-10-08 21:00:00,19.746746989662032,0.0,26.676958264037992,72.660357721408,15.567890317927127
2025-10-08 22:00:00,19.969746689467225,0.0,39.712270360642115,89.43673385115143,18.568715953030676
2025-10-08 23:00:00,18.89679921040989,0.0,29.79529812307055,82.91006810500416,11.828564672870698
2025-10-09 00:00:00,20.462940371357753,0.0,40.524954721343505,86.58538373337072,14.660716412474056
2025-10-09 01:00:00,19.41929610440774,0.0,14.473828289390386,75.73491884456409,11.20619681603696
2025-10-09 02:00:00,20.444950143833523,0.0,29.818730238175988,71.55800658382944,12.907217102883934
2025-10-09 03:00:00,20.332092029693648,0.0,26.83964978455265,78.13319721584705,10.59454446476447
2025-10-09 04:00:00,22.39598311839234,0.0,11.761636138438039,66.06257359329476,12.133847709581332
2025-10-09 05:00:00,22.664760709613482,0.0,6.547830781969672,73.49877891702407,7.407700228095507
2025-10-09 06:00:00,26.405471591353322,0.0,40.28623552911993,83.42775281247904,19.934653789492717
2025-10-09 07:00:00,27.33728220295734,155.2844442311763,24.735714266730326,81.51043467415339,1.6718755831148364
2025-10-09 08:00:00,28.115488682627145,278.72253701245654,14.665795775290057,73.03718514242391,13.016836326804283
2025-10-09 09:00:00,28.563200014058484,343.5147303571409,28.557315946150016,80.64529720635831,12.706059200321386
2025-10-09 10:00:00,27.101324839439133,365.9712483158554,46.92028286023954,77.19564428746166,13.831141242842282
2025-10-09 11:00:00,29.654151135012526,618.9894325489776,0.0,74.43503461708679,5.268730350827971
2025-10-09 12:00:00,29.4302971099169,592.6031446827161,7.550419651450106,74.89595002677459,3.664938496999323
2025-10-09 13:00:00,30.571276230601004,557.9303660229161,16.156703371570984,69.50219642186981,13.230935459478353
2025-10-09 14:00:00,30.555936955078362,323.4948716190192,51.917683000804935,85.09784342482293,17.95988809067729
2025-10-09 15:00:00,29.377746983884236,316.55480881807193,34.238804743789444,83.6516451886677,12.59285688664393
2025-10-09 16:00:00,29.56214041857505,233.48165833910062,41.5097586069184,80.38634820985159,15.296566970101917
2025-10-09 17:00:00,25.975477337522474,120.57101294453855,12.897586213106543,69.2655118081953,8.812300947345722
2025-10-09 18:00:00,24.62748197099365,18.225431321563565,13.206961870942106,74.54639719741601,11.986642997167055
2025-10-09 19:00:00,25.475337088771234,0.0,36.717205750840655,82.17025460881449,16.73849992004778
2025-10-09 20:00:00,23.13627192961006,0.0,30.874114964031698,74.14799069848756,10.289515886286532
2025-10-09 21:00:00,21.56355834807287,0.0,38.2310822829619,75.33501712438944,16.654426521560108
2025-10-09 22:00:00,23.49054108615151,0.0,27.184935136073218,79.93076433037541,4.820957679194854
2025-10-09 23:00:00,21.341611196862633,0.0,34.172155896819405,83.50838705355052,9.25659571720034
2025-10-10 00:00:00,20.091115080306167,0.0,32.37178627357664,89.87806604506437,13.80225381349042
2025-10-10 01:00:00,19.617465117233646,0.0,41.66651083627388,84.85264105324906,19.694568250442853
2025-10-10 02:00:00,22.733161960557315,0.0,42.10512422916706,75.12089825832791,12.162351871849145
2025-10-10 03:00:00,22.07238472764431,0.0,5.701920084123451,82.36354000350933,6.149425812266834
2025-10-10 04:00:00,22.870694501820434,0.0,0.0,75.89433156462401,17.520315398916367
2025-10-10 05:00:00,24.92388663659949,0.0,45.02618096477261,71.54160663736099,11.746742329747814
2025-10-10 06:00:00,26.482936720330645,0.0,47.81587639892905,76.8800785303399,15.049909315373675
2025-10-10 07:00:00,27.347748711771246,192.42205827663105,14.690654707299938,71.16270926553462,9.396833578088641
2025-10-10 08:00:00,28.987990754742004,311.78162580775796,2.10246890181557,74.41790957304987,10.674227050002342
2025-10-10 09:00:00,29.461143078926703,370.59626425615664,31.485522315108014,65.60493429484848,9.32580756999232
2025-10-10 10:00:00,30.390307283801963,369.2782129669166,43.96257339525794,79.88653517581201,21.22870289615692
2025-10-10 11:00:00,29.217322426569353,358.4975060693815,56.96391783651472,87.81362537242065,17.61312298357546
2025-10-10 12:00:00,32.6922825525233,461.95933445715275,37.744463581521764,64.41171143495637,18.9597148846143
2025-10-10 13:00:00,28.564671981177906,532.8986448926145,24.424249551214576,79.60515368706878,8.06736516790474
2025-10-10 14:00:00,30.071140424189387,491.4261031478675,16.60304067622706,78.02480636488772,3.5300584731894045
2025-10-10 15:00:00,27.136559236721027,325.0316326031045,30.171769375059817,73.28919577551538,10.33677117822774
2025-10-10 16:00:00,27.711255145933734,299.63261315907056,25.511029441721156,70.50463274689474,21.341439495047297
2025-10-10 17:00:00,25.890236002704572,139.36061555150383,14.773981414067759,69.54849217398862,9.45120662206529
2025-10-10 18:00:00,25.515305139167655,0.0,60.7313347629493,72.04504849861853,17.243719036183762
2025-10-10 19:00:00,24.489012266672813,0.0,56.77752603108196,82.94008019716607,8.73949997846113
2025-10-10 20:00:00,21.595588692527507,0.0,47.040730253331425,83.66882553821858,9.03600862951082
2025-10-10 21:00:00,21.765049809050694,0.0,16.187244032863084,68.73536955039262,10.490193128599838
2025-10-10 22:00:00,22.820471976691454,0.0,42.82528986445918,86.19349958240322,20.58004059839337
2025-10-10 23:00:00,18.80324874822324,0.0,39.594396142468526,81.64094762666048,16.380651163280444
2025-10-11 00:00:00,19.14767606536591,0.0,36.638184363060795,81.63748342172757,3.619160205121256
2025-10-11 01:00:00,21.547297876121192,0.0,48.74497900565666,80.99416675557441,15.104172101912077
2025-10-11 02:00:00,21.028640203574753,0.0,39.53056714291916,84.49356549530553,7.381588950191529
2025-10-11 03:00:00,21.918913468115793,0.0,41.10021354456504,87.49001979520331,9.328764535780383
2025-10-11 04:00:00,24.086939018576622,0.0,39.55359425058315,78.28776449750423,14.019241333575277
2025-10-11 05:00:00,22.931561427426214,0.0,35.11187112003159,83.19339242036875,17.34933639809891
2025-10-11 06:00:00,24.582810166149724,0.0,3.2458330542872496,75.0341740277897,15.559354085488067
2025-10-11 07:00:00,25.71660676438231,113.9991122316621,31.254316161158357,80.09544107483987,12.888982345487353
2025-10-11 08:00:00,27.305282003740366,271.1272331619685,21.65712061726312,83.75375882428727,12.465325837519153
2025-10-11 09:00:00,30.534858581641316,376.95808232495705,10.802385635399691,68.53791925810049,15.924967542455857
2025-10-11 10:00:00,27.376668860016924,336.05723540331104,55.22724928951236,81.64257041819081,6.459186262670091
2025-10-11 11:00:00,28.535090642538844,326.70465702082254,55.93493011328555,79.86867205012805,20.10616715434595
2025-10-11 12:00:00,28.482557977795466,377.4009721512849,50.38830900443418,85.99980177814443,9.57548877532409
2025-10-11 13:00:00,31.909777232613695,410.84473599284485,33.82820125283812,76.35815240456984,12.733864652479978
2025-10-11 14:00:00,28.7893530690891,345.21411290128276,50.25937681428985,78.81769554847484,10.527956705401365
2025-10-11 15:00:00,28.368804131298837,389.5460864828143,30.180797709027384,85.6556169412847,6.885002689733965
2025-10-11 16:00:00,25.65892153397938,237.6341066498259,33.04195915346669,87.50918062857353,13.498459865822658
2025-10-11 17:00:00,26.21093934377351,163.25046740181295,13.597929443070257,71.87437692789364,11.626039247839493
2025-10-11 18:00:00,26.384424202371154,58.80784743280978,35.9548695674826,72.24401341131694,11.376171321443275
2025-10-11 19:00:00,24.292694902518846,0.0,30.905788926366256,87.4501302479585,10.934627189983793
2025-10-11 20:00:00,22.617722698588384,0.0,10.460218247483034,75.62604884581478,16.626799144464243
2025-10-11 21:00:00,19.6880608762566,0.0,29.232043322751046,80.50841357731389,20.232814526748896
2025-10-11 22:00:00,20.501481232854044,0.0,28.804056542147872,78.70079699858672,16.451813113751143
2025-10-11 23:00:00,20.619306026934904,0.0,56.9634174996696,81.19636982737262,13.95780510509582
2025-10-12 00:00:00,18.888212611805248,0.0,43.41319992770114,80.00364081046102,5.621592817431485
2025-10-12 01:00:00,21.199314299874448,0.0,30.17168158637199,81.80162346380087,14.017206867387346
2025-10-12 02:00:00,21.998047017664945,0.0,33.73180964701624,76.9454435564335,14.372151892835591
2025-10-12 03:00:00,20.95480769876548,0.0,30.66318567156297,80.73749290433368,14.61849100119861
2025-10-12 04:00:00,23.62116677785176,0.0,26.956290228066784,77.31272542612308,6.783890741274052
2025-10-12 05:00:00,23.7408282237067,0.0,13.763592039175698,68.64533887123046,14.088435465181071
2025-10-12 06:00:00,26.668864302001,0.0,27.73422183589606,85.08887902770462,17.633055862766767
2025-10-12 07:00:00,29.116076009536652,168.81617682944105,18.8085261502123,77.35488477393234,7.009937111045916
2025-10-12 08:00:00,26.255819799435322,355.3782355601902,11.245266916152804,74.57618213862123,13.300892536522774
2025-10-12 09:00:00,29.713448556491947,311.87469582604683,37.66832721821302,81.78517062512644,8.63630980177317
2025-10-12 10:00:00,31.204165880882282,392.7990491979345,35.86896989899852,69.37215904917562,11.376369795265116
2025-10-12 11:00:00,28.7453296149365,605.5043628073505,3.1993873294788315,68.07214937986116,6.365204557028617
2025-10-12 12:00:00,29.429928057264284,482.9786598064377,28.159730437573092,69.03894069866942,10.0051372752716
2025-10-12 13:00:00,29.24492382969592,407.02348876827506,44.93552078849885,81.5205727216269,10.874941406310024
2025-10-12 14:00:00,29.33509633477378,354.0215475291257,45.88835608344481,82.75138559281379,13.94351758711303
2025-10-12 15:00:00,28.249843673794473,233.57123034007594,45.38755264327858,81.8661057343205,15.830810955774673
2025-10-12 16:00:00,27.419814961476938,247.67913075340678,30.583698103521897,83.47589804833873,16.393895363410408
2025-10-12 17:00:00,27.56106497822277,137.3977437006772,17.324320080462734,66.76015920237052,8.258351874997782
2025-10-12 18:00:00,22.71302968749654,31.780776256422556,13.74451758962909,70.0829200824317,12.126699929844587
2025-10-12 19:00:00,22.61742825230215,0.0,35.16907357125536,81.52139415236518,7.3657960833808795
2025-10-12 20:00:00,23.54849142502137,0.0,35.689200515477445,80.75970970135857,11.341707876985064
2025-10-12 21:00:00,22.360660013222947,0.0,49.30996667407598,76.446239002113,12.63646174633394
2025-10-12 22:00:00,19.471353054782945,0.0,46.49969475513125,88.7368700704619,8.63483731097088
2025-10-12 23:00:00,21.075568329897973,0.0,28.01657015203242,85.60891790094882,13.637251512688316
2025-10-13 00:00:00,21.82269021242645,0.0,11.336911817086957,75.73875945879344,9.943827125976567
2025-10-13 01:00:00,20.20439956831024,0.0,25.213401044836534,69.77733333316411,11.878146852700056
2025-10-13 02:00:00,19.457286820955495,0.0,33.25846792215787,80.24465018433868,16.56095750205958
2025-10-13 03:00:00,22.699669795836527,0.0,26.96875131915894,79.08895018999456,9.63773079477899
2025-10-13 04:00:00,24.837722228822877,0.0,21.331588378835164,74.29802717854533,14.467372511623068
2025-10-13 05:00:00,22.651685548576705,0.0,33.79327222454848,85.83678836425614,17.461176395478773
2025-10-13 06:00:00,25.148790864695787,0.0,22.440633878840842,75.3081465368176,16.64844570106822
2025-10-13 07:00:00,27.809060719426473,154.17253097231125,20.579008744119392,85.54610484839831,10.276409652188137
2025-10-13 08:00:00,27.747729498012884,250.08946817769998,34.67179251455159,82.47137477660365,7.842940911825862
2025-10-13 09:00:00,26.36181184158297,403.13602397193796,23.97011129806193,77.46865669808822,8.35877893286387
2025-10-13 10:00:00,30.004333221904474,400.04302763064004,33.66156583467528,82.56687839538525,5.336348158690778
2025-10-13 11:00:00,28.654941072786315,487.95710003016893,34.09806034278184,85.93070029043633,14.44897787493144
2025-10-13 12:00:00,28.445823789868523,538.6744322162708,12.90856498362638,77.50552776464524,13.637771265585343
2025-10-13 13:00:00,27.68131991172455,476.13454518658136,22.781383142018818,75.21397271532686,11.608663759851384
2025-10-13 14:00:00,30.97541966859832,359.155844238896,51.56665409874694,78.99574923811014,7.073789176334641
2025-10-13 15:00:00,27.548172359770827,362.80857736623125,12.568807308985694,67.44943928695687,9.167303102189642
2025-10-13 16:00:00,28.031100202882975,325.3910159637915,0.0,57.64173942030168,15.5210366139801
2025-10-13 17:00:00,27.144499153826573,161.17197486582822,2.072322701362328,71.36757270375402,12.542272069455384
2025-10-13 18:00:00,25.308127855320503,26.796318216371876,30.436649198650038,75.92459493076994,14.654025246161245
2025-10-13 19:00:00,24.189209957014302,0.0,30.463759170490484,76.36691559930719,24.75542525927699
2025-10-13 20:00:00,23.093125682180087,0.0,28.235837168623185,82.7892781114965,12.724090524393112
2025-10-13 21:00:00,21.74175625526702,0.0,48.21284743392752,82.28158586703226,3.7760260308904687
2025-10-13 22:00:00,19.779428781027722,0.0,0.0,80.55860392407536,5.595600193215529
2025-10-13 23:00:00,19.163995726318337,0.0,35.939008116462354,77.29465351247187,13.019173037141954
2025-10-14 00:00:00,19.882028306226704,0.0,53.4215730270536,79.56833319872625,12.746035032626844
2025-10-14 01:00:00,20.024861919746346,0.0,13.08328852662429,68.02891097194119,9.966213628642322
2025-10-14 02:00:00,21.246492946887763,0.0,24.302902323151574,80.55250692724289,10.59741828412995
2025-10-14 03:00:00,22.91511549503738,0.0,18.706621241570687,81.0468182652874,7.797589573686471
2025-10-14 04:00:00,22.965581282395746,0.0,16.584809308837066,71.7793906535563,12.324498018249766
2025-10-14 05:00:00,22.670260253290497,0.0,25.1060699246544,71.60606493253556,16.832746536253914
2025-10-14 06:00:00,22.183001754505607,0.0,51.41227925526757,91.22700066094521,19.499968570473655
2025-10-14 07:00:00,25.312981171524893,51.55853524915591,57.56080013231281,77.39124345577183,19.693973981839548
2025-10-14 08:00:00,25.770666843670927,253.00457383963013,24.960911624397784,81.47572876888228,7.424178898501724
2025-10-14 09:00:00,27.60455435651911,270.7327783686301,58.575903210967056,81.69838584764967,12.848093913776797
2025-10-14 10:00:00,29.663591418102378,439.6386827893439,30.533647154769373,79.21934986152793,10.271322047522787
2025-10-14 11:00:00,29.957841105291028,359.7875242612478,56.305365400516216,89.01727379593854,15.183160791429634
2025-10-14 12:00:00,32.434135215675084,515.9465097616093,28.600520255197623,78.71629072988527,11.099240465693455
2025-10-14 13:00:00,30.47613946280759,479.20700010638717,31.965867390692164,75.99376561430677,10.695783417562657
2025-10-14 14:00:00,31.830548800886717,427.62846115624416,35.482117089642514,85.12643325834823,17.59242300897167
2025-10-14 15:00:00,29.48371944477505,219.24194948050092,77.68280519051302,90.49365030556024,14.277653952982549
2025-10-14 16:00:00,28.929923079951955,253.98312910788655,42.769283622671836,98.81537997358622,12.635198679323992
2025-10-14 17:00:00,25.84602658606077,133.63805890132005,19.391032050728047,66.49508068814653,12.622504319663655
2025-10-14 18:00:00,23.62164224532733,0.0,44.53496805413787,73.0408608105538,14.9315234802252
2025-10-14 19:00:00,23.140761230101663,0.0,24.572511943734877,81.6933166410871,13.95644908263368
2025-10-14 20:00:00,22.50307392377401,0.0,22.653747256481864,76.17921989522685,17.341236732019304
2025-10-14 21:00:00,20.66636385851615,0.0,43.62902039838167,85.82034749738436,7.038986925933232
2025-10-14 22:00:00,19.386892142921113,0.0,30.46628381656729,73.26663268332318,12.821163616933974
2025-10-14 23:00:00,20.730764182357056,0.0,34.17863871767709,79.7557087981356,11.299414081745775
2025-10-15 00:00:00,18.63281549914644,0.0,30.209778327979386,81.0941096627037,10.306973941728408
2025-10-15 01:00:00,18.11666315120344,0.0,35.04874689908152,77.3761330335147,14.783559858126704
2025-10-15 02:00:00,19.1509928482138,0.0,36.37448846154224,81.4301217173698,17.00489617225251
2025-10-15 03:00:00,21.099635774527908,0.0,0.9454960094187719,64.31379773178456,7.680237377466796
2025-10-15 04:00:00,21.15163697510899,0.0,39.998590029143,82.85101625176098,18.747679519295446
2025-10-15 05:00:00,23.349219715376204,0.0,15.269708702545492,81.59228434018264,5.036894834780381
2025-10-15 06:00:00,25.72040941206584,0.0,8.365512966608833,66.0954270072524,12.779321402303985
2025-10-15 07:00:00,26.980703001637828,137.78118446510018,29.123831342119765,70.79408566519506,7.893448348486543
2025-10-15 08:00:00,26.580758133386766,236.26797312835953,31.259715049716814,83.827420360942,8.995897936644276
2025-10-15 09:00:00,26.780241657984973,397.15463221428314,19.59740753141579,68.35412658717556,11.22018838844646
2025-10-15 10:00:00,28.521648329431095,302.75826064731694,42.465477865019615,84.5911271092157,10.527982206593094
2025-10-15 11:00:00,30.621799199366826,556.6038235966196,9.867372504436396,72.20031567593624,0.0
2025-10-15 12:00:00,31.095786912960808,539.7943308890469,23.895843768411616,73.27048319102099,13.640670434370614
2025-10-15 13:00:00,30.22821784399157,550.432851588698,21.22688797600499,82.15511345743246,14.180386737841701
2025-10-15 14:00:00,30.83182570041911,439.1882372960823,29.30119094490991,81.39126292324974,10.820805899013209
2025-10-15 15:00:00,30.72332847664079,370.62164084184167,34.182964269708584,79.38581993739038,10.75059400484023
2025-10-15 16:00:00,26.81163550863448,278.87704803408775,14.881605755646829,62.98532351989762,9.252519913989035
2025-10-15 17:00:00,28.166459270897914,112.71886156076015,40.864240161843426,83.60235973183141,5.1973509297453
2025-10-15 18:00:00,24.601117438173603,13.235391080693848,30.945035525020497,72.74179163643403,4.278098746572095
2025-10-15 19:00:00,24.97153989612835,0.0,1.6208062003213435,69.60256081951154,13.295567155859722
2025-10-15 20:00:00,23.36097602447746,0.0,0.6211283940445327,70.73780603698712,14.28985923140503
2025-10-15 21:00:00,18.834121964241724,0.0,29.815210606060333,88.16507096300366,13.878078590132942
2025-10-15 22:00:00,19.35360952087585,0.0,26.68549023320469,76.55212084042373,12.851289235097916
2025-10-15 23:00:00,18.52252839255406,0.0,28.4486982963805,71.26993613494703,14.553313176144517
2025-10-16 00:00:00,17.54510781254747,0.0,29.58026315204673,86.16151815774715,14.343454087063758
2025-10-16 01:00:00,21.17524930063014,0.0,33.38339759265271,82.84822307805976,8.528550818600475
2025-10-16 02:00:00,23.221045346395023,0.0,44.214744147724495,85.4354082596635,13.100580174455898
2025-10-16 03:00:00,20.99126079161962,0.0,13.333426486236625,81.67675752046213,9.482380523799387
2025-10-16 04:00:00,23.47217261863742,0.0,12.42042610648808,82.25032487699131,9.489570247137234
2025-10-16 05:00:00,25.49768664114649,0.0,13.600142131689264,69.16671221750266,15.240825725431737
2025-10-16 06:00:00,25.132600163898715,0.0,34.333750007530604,71.90859871358926,18.015333099220655
2025-10-16 07:00:00,26.122957194784178,127.00959250591868,48.674210679696685,86.51245530831511,3.048341078237483
2025-10-16 08:00:00,27.042374647596407,219.74860429488103,23.529908426407342,74.56378432542705,10.15619839314888
2025-10-16 09:00:00,29.09612940646033,445.68276299201045,0.0,68.82669057388159,8.770253151762063
2025-10-16 10:00:00,30.328998237625672,552.727177929575,4.440107060844369,65.00233006507311,14.867891793128905
2025-10-16 11:00:00,30.291744462957404,556.8144503904198,17.504449158059828,76.80183369900965,5.073720419167315
2025-10-16 12:00:00,30.417470952223052,534.973786885969,21.634066687571778,76.90655189811353,0.0
2025-10-16 13:00:00,29.624834313536127,507.20467101140935,23.874170591179105,74.797327067525,14.477448932574829
2025-10-16 14:00:00,27.12105508998871,469.8197748802214,30.578716844713757,70.6848097095025,15.38067158565125
2025-10-16 15:00:00,29.56433416497744,295.49447091234293,25.32380503766329,81.99205127870147,4.130172276276311
2025-10-16 16:00:00,25.691756298161824,194.05797845604255,45.74009415815111,82.90978263601805,11.789397845752147
2025-10-16 17:00:00,26.961065513885302,156.9033059578819,19.859740414779466,80.55999392739328,17.11371264132057
2025-10-16 18:00:00,25.844226598651968,0.0,17.065230607866855,63.92461104777109,6.541086010958028
2025-10-16 19:00:00,22.08511199231058,0.0,37.18313307780692,80.31713223542154,12.263363071335913
2025-10-16 20:00:00,21.571627925874427,0.0,6.965368951108211,68.97110400556382,12.380117583165742
2025-10-16 21:00:00,24.08415196453506,0.0,35.845375579800034,79.579457535393,6.08174250358633
2025-10-16 22:00:00,20.42831502550874,0.0,31.538297755894003,83.58638001238334,9.321547499593065
2025-10-16 23:00:00,18.44586204415091,0.0,27.788362651227487,80.07994818716737,4.626072660736658
2025-10-17 00:00:00,20.82548184071378,0.0,53.824141607238936,84.47282429613784,12.033080091905155
2025-10-17 01:00:00,18.950231930396352,0.0,20.666888320579233,76.43808946573404,7.869370925424837
2025-10-17 02:00:00,17.957530580974314,0.0,60.904472557861176,78.78366266378559,13.875966446237952
2025-10-17 03:00:00,21.924505335614498,0.0,26.61852826157851,72.88311599597945,13.870227263747637
2025-10-17 04:00:00,21.09273566856876,0.0,10.844753325446579,79.20371570378474,16.09675286711854
2025-10-17 05:00:00,23.907788448463393,0.0,31.04879371492238,75.69834600217685,20.881562736885122
2025-10-17 06:00:00,23.727841779553753,0.0,13.85632199521848,79.65699945572118,11.523615502403327
2025-10-17 07:00:00,26.99779950715002,93.66261765244022,18.7236622827975,78.81310032202946,9.669902500037022
2025-10-17 08:00:00,27.522886651074543,225.54413116411962,35.955499500232364,83.3064674292349,10.299114393490347
2025-10-17 09:00:00,24.95390156937289,384.291283183279,38.33373132975187,81.55491954601462,8.057221291571727
2025-10-17 10:00:00,29.611082150924982,479.91861198834306,20.667484496186127,72.59516763513527,12.825992972257259
2025-10-17 11:00:00,29.23731723357266,384.95618616186334,44.81107717569601,80.11141140812758,10.261056837590921
2025-10-17 12:00:00,31.626071763934874,412.43148748002284,47.36261637031701,84.34867283092252,14.440339794940023
2025-10-17 13:00:00,30.127738164252776,388.79557940476536,51.54452634844937,71.78890024112812,8.845120222883804
2025-10-17 14:00:00,30.097471044887943,349.1663020782515,37.941201106885835,85.23956158312731,10.032753137812769
2025-10-17 15:00:00,27.396169693692364,308.8956407944675,50.45143068128548,80.05283500026515,14.2519852026688
2025-10-17 16:00:00,26.257250753023474,295.5646289628266,1.7880235803891331,70.12699748613339,9.589780093310328
2025-10-17 17:00:00,26.0450899242207,126.57666887046017,25.23140177057306,76.0627742562858,3.5802843330723393
2025-10-17 18:00:00,24.315537864254825,0.5946164858464563,16.994921155148607,74.45223670866966,10.788974783527044
2025-10-17 19:00:00,25.22965537144733,0.0,31.78838791691088,71.6444402532197,8.382324472692478
2025-10-17 20:00:00,22.0850240527465,0.0,21.42826171204894,76.85293698849506,15.797131151661077
2025-10-17 21:00:00,19.656536648175248,0.0,27.507632370754013,80.95025075546722,15.25982617014389
2025-10-17 22:00:00,19.378356622369378,0.0,58.23262320306074,75.4791447504293,3.7799095828369804
2025-10-17 23:00:00,21.209276107639692,0.0,27.454203053694325,71.22823055921607,14.578705734695317
2025-10-18 00:00:00,19.490129806757757,0.0,36.20688475785321,84.65752849992863,13.367542582928166
2025-10-18 01:00:00,19.591009924519533,0.0,26.51596005113647,81.28932424459614,5.3896267938387785
2025-10-18 02:00:00,21.755681175360507,0.0,31.135699319352504,80.06427882998794,15.070078776492464
2025-10-18 03:00:00,19.98283830284162,0.0,30.09025020654107,75.16439632984734,6.384974130698188
2025-10-18 04:00:00,19.301835166344034,0.0,36.72486098959739,83.91400302374808,16.417755508372597
2025-10-18 05:00:00,22.304742488523324,0.0,47.479613033207656,76.55968843074453,9.789227193543072
2025-10-18 06:00:00,25.022280169409807,0.0,54.71090996404994,83.2877052507688,6.663356298947864
2025-10-18 07:00:00,25.67729460337265,127.51940343467761,34.6443012286375,72.3270164321605,20.215206677694358
2025-10-18 08:00:00,25.1790058481898,207.115502301348,38.843203290534035,79.17394023129728,5.756846160723011
2025-10-18 09:00:00,29.563975650989317,411.9050358957984,12.737032362216496,67.64770738104565,7.412755129756237
2025-10-18 10:00:00,29.25023740313154,414.1074919487364,28.68184886376569,80.61198090952297,8.99441081239183
2025-10-18 11:00:00,30.042912588872444,442.3366851134814,44.10434197325384,82.73555775890817,10.382543652557828
2025-10-18 12:00:00,30.253057692017943,404.98976402675606,42.9895295762573,77.40654583900793,14.944601980718442
2025-10-18 13:00:00,27.84911196614004,480.06345013473924,33.174145991925755,83.61766578542417,11.890355041680483
2025-10-18 14:00:00,29.431433964580098,375.9084340925448,43.29590939351929,75.67768547001457,16.182006979807518
2025-10-18 15:00:00,29.42278817839491,312.1011716097416,37.36150063490728,78.80053458962715,13.355743740219957
2025-10-18 16:00:00,28.689967653781416,211.87992745812227,48.004593873889824,78.67354668299993,5.708229893673603
2025-10-18 17:00:00,26.939301902329007,124.43685778783795,34.340387354356665,82.30606039346223,13.916448244129313
2025-10-18 18:00:00,25.374632910469195,8.898867006295312,24.66452526643448,79.62714865799497,12.168452353176182
2025-10-18 19:00:00,21.154821484585423,0.0,35.037618853995355,86.14596418819119,9.253366260724109
2025-10-18 20:00:00,22.188149305688853,0.0,0.0,71.13669984703314,18.294901330081224
2025-10-18 21:00:00,19.92848379409945,0.0,35.74328604577574,65.1985651510191,14.220556756236327
2025-10-18 22:00:00,22.04425558190764,0.0,0.0,68.58901931404243,13.766906972311224
2025-10-18 23:00:00,21.347428562944387,0.0,4.14804888891873,79.71119646450248,14.113694294698963
2025-10-19 00:00:00,18.39578079416535,0.0,36.776529014114764,78.85979192322097,10.15861239832707
2025-10-19 01:00:00,19.74206747783844,0.0,37.162940059001926,70.79174385078647,14.391687575370188
2025-10-19 02:00:00,20.624403505738645,0.0,12.563568297901043,76.34389082051237,11.892286029802797
2025-10-19 03:00:00,22.26696297690461,0.0,19.31846937181592,78.1598697581425,8.73782179674199
2025-10-19 04:00:00,19.953164523273912,0.0,50.55811482921198,80.06055913618272,7.641574142562023
2025-10-19 05:00:00,20.464864014600078,0.0,22.739548026409857,75.4314118789515,11.233903791764527
2025-10-19 06:00:00,24.681061312194668,0.0,63.643804686044774,82.0223122890646,15.529907629728374
2025-10-19 07:00:00,22.634721604526145,123.34596906571468,29.971202202354807,80.76044080549035,11.563531843572058
2025-10-19 08:00:00,27.337612380857284,256.1987603258733,36.120542653219005,79.26249105601204,11.076781744801666
2025-10-19 09:00:00,28.936872259691903,239.30484948494848,54.25311597747911,77.4438723377356,12.822087758447662
2025-10-19 10:00:00,30.568499147849902,349.74489593521395,31.965406742901294,77.40835767743678,10.450353338703529
2025-10-19 11:00:00,28.65175865291415,537.8594283888049,14.964840289637982,69.8283244126365,16.94551914170498
2025-10-19 12:00:00,29.841004388077305,465.0511327739749,28.35408822458565,83.96767486691193,12.498667716266128
2025-10-19 13:00:00,30.308060171105364,413.6087643104974,29.465838957148637,81.33873937966341,9.527441301255083
2025-10-19 14:00:00,27.43315925608513,480.2814115275787,9.52887521697652,71.70584819619589,3.2443391880949477
2025-10-19 15:00:00,29.356954291111418,375.74058960795463,26.16251892988765,76.59240736177831,10.519291662447275
2025-10-19 16:00:00,27.488113270897546,227.98686992333194,18.86711859003845,79.71244379656487,8.636060263806366
2025-10-19 17:00:00,25.138483243696655,165.03385325001446,43.86536635781151,80.37751715594055,9.737424527737527
2025-10-19 18:00:00,24.815262991994878,0.0,30.519178112778835,81.74946770171292,15.29640410045506
2025-10-19 19:00:00,23.156238191855337,0.0,25.75806376278645,84.40301085959503,11.606845830236356
2025-10-19 20:00:00,23.145564383423824,0.0,28.407271040661357,75.22557277340528,4.690582624325578
2025-10-19 21:00:00,20.627336224977856,0.0,33.34683027609249,87.52333263987295,14.142668900983749
2025-10-19 22:00:00,20.59655887057193,0.0,39.252212995346696,87.54915387078012,5.634464015459642
2025-10-19 23:00:00,18.994628013056953,0.0,15.004316569959279,76.19467895243591,13.52349510956192
2025-10-20 00:00:00,18.336877338255785,0.0,14.376185510680923,72.67395476746394,8.818508314529373
2025-10-20 01:00:00,19.9494365265925,0.0,46.570188231037946,83.88068926920636,12.67613825913452
2025-10-20 02:00:00,19.0601480425087,0.0,23.814946916929042,75.92221004346693,11.091120859437291
2025-10-20 03:00:00,22.06129350150577,0.0,8.747368611046888,68.96378884785027,9.844861098633656
2025-10-20 04:00:00,22.825975320385297,0.0,36.65719064074657,82.45177733876393,12.67095533964071
2025-10-20 05:00:00,22.267329009795382,0.0,36.9505470904903,74.82991592452508,12.175064278204328
2025-10-20 06:00:00,24.833987589990173,0.0,7.039271141149403,70.3919466968581,17.83088100994408
2025-10-20 07:00:00,24.84955838363342,122.83769122045634,33.442225731954096,77.05611420640734,12.567904934655479
2025-10-20 08:00:00,24.97046638101286,163.76856871677012,41.033746386425605,73.73656935559976,13.040433062401332
2025-10-20 09:00:00,27.315214216806627,336.9836421429889,35.61579677559395,82.14902717695516,8.942705583448799
2025-10-20 10:00:00,28.82078816942271,329.9749377360048,39.47972225642093,78.45512213653787,13.497566207766571
2025-10-20 11:00:00,30.063533502387973,519.2402131351245,8.935963528638766,78.26867740727344,6.352433934546648
2025-10-20 12:00:00,29.750396938166478,447.37660144650033,34.965602324942935,77.10557602614443,16.348791034753358
2025-10-20 13:00:00,30.565679159537076,482.4471467460426,25.4607036079433,73.79734815043444,5.335641343374816
2025-10-20 14:00:00,27.610684024635685,426.02304270458404,22.758147619130327,71.07472072684959,7.763272609902826
2025-10-20 15:00:00,27.601899030201967,329.9986323187136,43.0583341412959,80.86944471094014,5.636385442924063
2025-10-20 16:00:00,29.19374974085126,205.1223929107705,52.18911766011345,82.94160811492911,14.288030851701466
2025-10-20 17:00:00,23.339764185231573,107.72653667988641,56.91555081900538,88.48675675313409,11.150283569307582
2025-10-20 18:00:00,23.968532430851244,0.0,49.72211807258857,83.22034460518614,15.229815136626476
2025-10-20 19:00:00,21.869035670950993,0.0,28.353987275547244,88.32772994601696,7.515336222274309
2025-10-20 20:00:00,21.802055103024735,0.0,35.290802445395144,81.88347866649885,13.890442112389671
2025-10-20 21:00:00,20.45575738895535,0.0,41.50234307676365,76.42303723806722,14.394463641252662
2025-10-20 22:00:00,21.008748079149953,0.0,31.81766923949193,73.49572338317239,12.438074615251745
2025-10-20 23:00:00,20.05862075434205,0.0,31.961462818673166,81.70555993574555,11.72156713635653
2025-10-21 00:00:00,17.784098162834965,0.0,42.35629697814273,76.87981894727534,12.666611581973704
2025-10-21 01:00:00,18.887161179740175,0.0,29.110760309611017,81.46883782314501,7.812767969488312
2025-10-21 02:00:00,20.151121823532744,0.0,19.06069595439508,80.27070094010097,6.651956652674605
2025-10-21 03:00:00,21.907062249636308,0.0,23.782904012462122,81.30837754655674,13.36463560568076
2025-10-21 04:00:00,25.144244176402232,0.0,39.508655666006135,75.80959103891284,10.500668704431073
2025-10-21 05:00:00,24.100940306447768,0.0,30.044899367999335,82.55343967077032,13.315812817849773
2025-10-21 06:00:00,23.165151109603997,0.0,35.10314965302507,80.96396093856492,17.959111322687264
2025-10-21 07:00:00,25.653497399811975,46.138439011530394,40.05118863303285,77.17541724471353,10.173929270090218
2025-10-21 08:00:00,27.21667005986228,255.14190928724759,24.377378056535857,75.26483827599273,8.818507441761676
2025-10-21 09:00:00,27.34172678080449,248.33593539929862,41.34372245444709,82.64107039406228,10.770053287034651
2025-10-21 10:00:00,29.422863172955427,410.83654692520906,35.68263905187592,75.1929747979037,11.940016453833852
2025-10-21 11:00:00,26.358239922843037,555.2836764592081,11.477803696327822,74.4750121977705,13.030445419236779
2025-10-21 12:00:00,30.20049551404473,362.3473033657006,51.63457186779367,89.65657838253848,12.468180970924033
2025-10-21 13:00:00,28.691726488604054,493.7072394319442,22.48882884364626,80.18872888940125,19.438629458782458
2025-10-21 14:00:00,28.668911224036343,489.03641815622603,5.1735698522222435,71.45298674702208,11.942076552495564
2025-10-21 15:00:00,29.922374732985517,382.3744446287491,14.324344356205465,74.31344292250942,13.839514775708853
2025-10-21 16:00:00,25.34142867802673,236.65948960250665,14.68432258982517,71.22955165571148,10.586774455675169
2025-10-21 17:00:00,26.130031294015915,135.26860680720375,30.782599779863002,75.27666321469505,15.586454907108333
2025-10-21 18:00:00,25.51349905902671,0.0,25.892242416806443,69.01005426783053,10.473520335185983
2025-10-21 19:00:00,23.408743176577918,0.0,24.947520485391106,78.03111724547482,8.670481229352305
2025-10-21 20:00:00,19.8829510091421,0.0,39.295529482237185,84.30393187717175,15.586155756886884
2025-10-21 21:00:00,22.70138271587732,0.0,35.09813041789056,79.06510776867579,11.525752334971656
2025-10-21 22:00:00,19.876513721867877,0.0,34.740718059664296,75.36708148096469,12.718094689084642
2025-10-21 23:00:00,18.96596876977155,0.0,36.14742685993039,80.5726037771561,15.734902266288849
2025-10-22 00:00:00,19.00384653119342,0.0,39.24202002003357,87.71875086437706,12.518034974188252
2025-10-22 01:00:00,19.081054838291617,0.0,0.0,75.67775004543694,9.403005001059254
2025-10-22 02:00:00,18.530113684547313,0.0,24.53342621603308,77.25646768169463,9.085086092801799
2025-10-22 03:00:00,21.086376134011992,0.0,0.0,81.12419558863012,14.246723395393428
2025-10-22 04:00:00,21.131071367756014,0.0,30.54089890196693,92.00914896977767,10.160139360855892
2025-10-22 05:00:00,23.98553380632639,0.0,29.93050541663482,75.53408321052513,11.29212334501354
2025-10-22 06:00:00,25.08034841974395,0.0,45.6829841218452,80.4792699266482,13.431779857584608
2025-10-22 07:00:00,27.814939738849773,118.83983961053222,47.81451589081681,85.29804450808481,13.521866603190482
2025-10-22 08:00:00,26.63235119165973,179.51483296147723,33.04162572378551,73.75067191651067,15.70687959710736
2025-10-22 09:00:00,26.898783507618692,305.1062887960154,22.494583839046502,79.8844996009124,10.845452690182682
2025-10-22 10:00:00,26.826936261267882,372.59309865411615,37.277416688186065,79.85265220016373,17.369409172906725
2025-10-22 11:00:00,32.088449811386816,474.54384910588385,22.0812354401353,76.6152338357604,10.109034695175968
2025-10-22 12:00:00,30.26821467351519,477.64785034935653,29.979110228349768,74.1273561340652,12.98200204997738
2025-10-22 13:00:00,28.336957511955827,387.6385754391218,44.79204475441152,77.05895077707815,11.504505974402344
2025-10-22 14:00:00,30.93870291301369,446.0742977569012,21.633429810158646,64.89022468601001,19.45423141561636
2025-10-22 15:00:00,29.706019283028795,260.32242070638495,42.085179588637516,87.53929648699322,10.701712056696078
2025-10-22 16:00:00,25.150813524852538,209.87640203079448,40.16102053038453,85.0248653191028,10.967256731125346
2025-10-22 17:00:00,24.72205216594766,101.92786630378262,15.678122743037678,77.62801789216279,11.242870095020773
2025-10-22 18:00:00,24.235451979335735,9.67144835928507,44.608411923261016,83.3084159383123,11.163326866604894
2025-10-22 19:00:00,21.722268427729063,0.0,40.47849518057258,69.39014482710982,13.281877318287556
2025-10-22 20:00:00,21.781920976260107,0.0,31.528888310589863,74.90942805610806,16.49279742470935
2025-10-22 21:00:00,21.797490902483204,0.0,18.565148129585218,74.14125862884615,11.517475016353268
2025-10-22 22:00:00,18.292108143303043,0.0,17.11190972136645,70.17742944630602,11.592674687742335
2025-10-22 23:00:00,19.958745858964992,0.0,21.935061346454663,68.07234368309032,10.180153545302817
2025-10-23 00:00:00,20.85336208790347,0.0,38.1389169493794,75.56991067766612,9.88665127193758
2025-10-23 01:00:00,20.02497189944729,0.0,15.66562248897903,75.2083745803147,11.169400193943176
2025-10-23 02:00:00,19.905886439704645,0.0,36.56268372929805,80.45178287396831,11.858531144990069
2025-10-23 03:00:00,19.930248526459085,0.0,11.373667066824112,78.44149365742577,15.261730175230314
2025-10-23 04:00:00,22.914409153570112,0.0,26.938971233417266,87.66347993978371,7.510636858139286
2025-10-23 05:00:00,21.510223348665903,0.0,31.64471631861013,82.16345317784261,17.400374597728423
2025-10-23 06:00:00,24.649944074264614,0.0,66.67695217588374,86.14399801354563,12.746587194941835
2025-10-23 07:00:00,25.661580398322865,152.53540306731608,9.340265167194488,81.53746179235863,11.061151999409994
2025-10-23 08:00:00,28.297609053913575,199.0315172283591,52.080218497352,74.91573112659145,8.344664874878504
2025-10-23 09:00:00,27.112275236384136,318.556623962136,32.2476362098092,67.65085227391017,13.860129153374555
2025-10-23 10:00:00,28.017385183302093,369.4739042392285,36.167578770239444,74.45566986374106,7.966473408935679
2025-10-23 11:00:00,27.549519519465445,410.6461058089172,31.775218700823068,81.92231398677745,13.08232212012794
2025-10-23 12:00:00,29.902784276821485,421.41548339507943,36.670902272928494,79.5751091868193,12.93634274396632
2025-10-23 13:00:00,28.61298325534437,420.93355721963036,27.694723434569735,71.0401148426578,10.082251732597554
2025-10-23 14:00:00,27.543745568312342,298.4856512184521,51.810752721861874,79.23565366824421,4.329440446260302
2025-10-23 15:00:00,26.872987479093226,347.9900730590159,23.152932836629162,69.59986758483855,19.800145384579466
2025-10-23 16:00:00,27.532551865242734,191.6851742644568,46.98351858268872,75.45845481639954,8.132410345694415
2025-10-23 17:00:00,24.194561295713576,206.23038074459026,20.334493196804658,83.25972797860054,12.10771202077148
2025-10-23 18:00:00,23.015898965367366,0.0,29.096222303980696,77.1544958874385,8.535586906985762
2025-10-23 19:00:00,24.20548934750095,0.0,13.920561715646713,82.74722746838111,14.888041635717993
2025-10-23 20:00:00,21.61835797126264,0.0,36.8253558052128,75.56351336313651,10.323322448873055
2025-10-23 21:00:00,22.04085942568782,0.0,51.676889353898005,86.11871849076181,9.575945373570741
2025-10-23 22:00:00,19.537025141016848,0.0,28.83965730268719,79.46477385610208,13.822609747653894
2025-10-23 23:00:00,19.503221919179992,0.0,27.046714519441355,82.28460320697828,6.264507298477888
2025-10-24 00:00:00,19.465133034315926,0.0,13.280745553981099,75.72315895741801,9.010922830535732
2025-10-24 01:00:00,21.235786996644375,0.0,26.56061019671538,82.43020146604455,14.089011112613644
2025-10-24 02:00:00,21.62945163595,0.0,6.108086104177087,75.10359184320075,16.332774750750037
2025-10-24 03:00:00,22.225618224516143,0.0,16.306830199217593,69.33650536655176,6.9656952954816465
2025-10-24 04:00:00,20.944479449882834,0.0,33.40179069163703,82.92234957756378,9.223854091235694
2025-10-24 05:00:00,21.68497031508806,0.0,49.78519796612095,82.72805879055534,13.897810600283623
2025-10-24 06:00:00,25.250972882778022,0.0,72.13816291844255,84.41329690139648,5.6172157436362316
2025-10-24 07:00:00,27.34582681930251,141.89210594237858,21.20122372393649,78.7183207915928,16.490557760890077
2025-10-24 08:00:00,28.273608332553202,178.1671000848171,51.5295023496816,87.29912707657353,8.578486711600696
2025-10-24 09:00:00,27.814441921265026,306.53519392366076,33.65628720602472,75.87407969177308,9.933174649795575
2025-10-24 10:00:00,29.538222108057433,361.4757201590693,27.731285298804362,74.79926341697572,12.429941805505388
2025-10-24 11:00:00,30.06057706125485,429.4571592552009,36.488916775892285,71.72754112819486,12.029392432578872
2025-10-24 12:00:00,29.455569609592068,436.37194979220703,30.928747255199387,68.34021573317717,7.69197331228828
2025-10-24 13:00:00,29.341658824402284,454.0634214916003,31.65593588418328,76.35119366218035,18.46863237993971
2025-10-24 14:00:00,28.719724937564685,451.30095528116414,23.875002557599963,79.67106430950301,0.8932201647737585
2025-10-24 15:00:00,26.77295239346901,380.59163504232004,9.02835510301724,69.42481744470008,5.963387261040672
2025-10-24 16:00:00,25.870075811976104,251.39845870997738,6.845621962168778,79.01986243814656,7.795181751613562
2025-10-24 17:00:00,24.64410173634892,107.4758663937978,39.7986732492184,79.27768309269311,8.19111535827171
2025-10-24 18:00:00,22.182936170981588,8.717549950466019,25.8494986487143,76.17988761091374,16.17068917077497
2025-10-24 19:00:00,23.153566660839175,0.0,21.0586665051575,74.39617307447774,4.419558547835537
2025-10-24 20:00:00,21.709198596110017,0.0,30.127584400847304,83.23347917978376,17.736231348532726
2025-10-24 21:00:00,21.716963451254923,0.0,41.923983793734415,76.47889857922699,10.983664376544905
2025-10-24 22:00:00,21.570749429749497,0.0,32.70545914539597,78.34595153525864,6.191502288471242
2025-10-24 23:00:00,21.153897523653992,0.0,20.15917595038549,73.17984959511622,2.604343541442077
2025-10-25 00:00:00,21.034388572386582,0.0,48.394394334734244,80.18560010611719,11.559197361634185
2025-10-25 01:00:00,18.376549009662853,0.0,53.687782544724485,84.89123500712336,9.876508698765043
2025-10-25 02:00:00,17.9987093962784,0.0,37.418349829842796,80.13816459410855,12.816896788427405
2025-10-25 03:00:00,21.864816222136227,0.0,44.60495267016135,87.17987222749002,10.427958522970913
2025-10-25 04:00:00,23.487156946245076,0.0,48.629399952207166,82.63040544511571,16.254680680576314
2025-10-25 05:00:00,24.919078432444856,0.0,46.95148974606771,84.82503939656189,11.777609704749164
2025-10-25 06:00:00,24.82087854918399,0.0,39.21148765668936,80.99351586460308,10.264940615927532
2025-10-25 07:00:00,22.88876357021179,121.00848792132788,38.97520570612324,87.37928189204635,15.841777452375304
2025-10-25 08:00:00,27.165675779047575,227.29011298128972,37.79490860019754,77.91195093942707,12.802423483770205
2025-10-25 09:00:00,28.447990510798874,372.7805003918214,13.539934881794345,71.6699281759912,13.775523425050633
2025-10-25 10:00:00,30.14820802314226,306.9306401341788,40.51084735289379,83.38067357363454,16.620185236031226
2025-10-25 11:00:00,30.878529910207448,552.6360916316835,9.66279043310169,70.25390391244872,9.307937833172346
2025-10-25 12:00:00,30.372906900984837,514.5353167870321,18.081008173124175,76.50627443185105,11.057041921992498
2025-10-25 13:00:00,28.256550040244633,331.2591469148236,49.55347601712131,93.88945852592767,15.852889573593838
2025-10-25 14:00:00,27.182657986587643,329.17124834523474,42.60330244041296,75.72866359861553,2.3275411109564033
2025-10-25 15:00:00,28.42006687987784,262.2367965457909,52.31097434528794,90.52308588628213,12.208479297705066
2025-10-25 16:00:00,25.66024383303067,252.90325409732662,25.924884244690617,74.22115134466564,10.39677479881734
2025-10-25 17:00:00,27.402156940991592,124.05581144307077,12.716267380848485,79.80713660911715,12.13202298361883
2025-10-25 18:00:00,21.974456858026407,20.63813518447693,26.39344204394486,80.78242125841102,8.115232697444426
2025-10-25 19:00:00,23.633240847184368,0.0,31.530469458608614,81.38926953415205,15.95831293127831
2025-10-25 20:00:00,22.10577894374914,0.0,31.184830745100147,77.77552510890706,8.608189466468799
2025-10-25 21:00:00,20.38605290286066,0.0,47.00520718135053,81.49087751329269,10.514191221945461
2025-10-25 22:00:00,18.657605301065548,0.0,24.58094362494832,73.78655721086939,8.571407325687144
2025-10-25 23:00:00,16.68044515196258,0.0,35.28051707704386,80.39944270394896,16.6835532388133
2025-10-26 00:00:00,18.428797091206132,0.0,15.17059275848091,74.1587713946192,2.4162225979030403
2025-10-26 01:00:00,18.6219771160511,0.0,36.754759170657195,81.40048449081706,18.985257879210636
2025-10-26 02:00:00,21.234785020681418,0.0,30.04662825278455,71.32316380240407,17.3958135810431
2025-10-26 03:00:00,19.56640814740372,0.0,18.75279992573224,75.91646435845023,8.678178646664099
2025-10-26 04:00:00,22.20825618073355,0.0,26.46255956737721,83.64766639272302,15.430823078380518
2025-10-26 05:00:00,21.145647413113682,0.0,27.237363802271677,82.40773651201788,11.88222753341597
2025-10-26 06:00:00,24.743977035409284,0.0,25.947673059943558,76.94033059170786,17.909029032335724
2025-10-26 07:00:00,22.504739150773155,124.66429156664476,56.57011863401525,97.62890929701277,16.63112076189379
2025-10-26 08:00:00,29.343539414410525,203.05474956001044,28.523309965381806,73.89253005458059,20.198743796774508
2025-10-26 09:00:00,27.47180050419615,311.7523431631293,26.341558347339934,76.08125929711237,5.068491077505985
2025-10-26 10:00:00,24.816930460304103,498.88644899003253,0.0,63.074885446103664,10.76538141860076
2025-10-26 11:00:00,28.016209196318123,497.2645355923282,16.58688972030784,71.97611449258287,3.9329305133662604
2025-10-26 12:00:00,27.981293480088993,452.92418403234126,26.05389863315471,85.30535128311023,9.227840138549668
2025-10-26 13:00:00,28.09671994311977,479.6965930053649,19.71220985735036,72.936138561772,19.984221690768052
2025-10-26 14:00:00,27.975747587484317,333.11516747496927,50.72561390066696,74.89588537126394,14.409082500078814
2025-10-26 15:00:00,26.793785989710088,376.07052365054307,27.52593336905672,81.27240986028085,15.314461348276538
2025-10-26 16:00:00,25.558318682911946,183.269430223912,49.326663739773785,84.49396934355055,14.522087694844467
2025-10-26 17:00:00,23.90746177101473,115.05226990751748,30.92556951075552,82.34850344216326,13.348125448306053
2025-10-26 18:00:00,25.187980634213634,38.18630864948782,30.55841754632365,76.42615190023452,9.4385291768398
2025-10-26 19:00:00,24.38703545739514,0.0,28.668053284312485,72.52333867945707,8.598833063721644
2025-10-26 20:00:00,21.288708412893445,0.0,30.056943774321887,77.45281316613536,9.30621651674781
2025-10-26 21:00:00,20.56119283212593,0.0,55.78192504574789,87.68552726854085,1.8675200376310297
2025-10-26 22:00:00,18.325297245928077,0.0,0.0,70.93957071272723,9.671845704221148
2025-10-26 23:00:00,19.382352159492633,0.0,0.0,73.08242304248694,10.959400090068646
2025-10-27 00:00:00,19.348730521025654,0.0,21.85243753415829,73.92670836617287,8.61574177290356
2025-10-27 01:00:00,18.934930306152374,0.0,30.21791822906353,80.88972265599803,10.988168834098284
2025-10-27 02:00:00,20.234548082403776,0.0,40.35156637146019,81.08763969070316,14.117772984333145
2025-10-27 03:00:00,20.91556514095928,0.0,37.09630797041213,76.65737264050976,15.394024874937179
2025-10-27 04:00:00,20.179396424407933,0.0,24.236311306791446,77.78191913848755,6.4205767762514725
2025-10-27 05:00:00,24.306644172560727,0.0,45.28565539862643,79.79195649404875,9.085179804964929
2025-10-27 06:00:00,23.77983749244724,0.0,45.45293104729096,84.93207947734831,15.284484296249412
2025-10-27 07:00:00,27.52211593823037,96.03080177036166,32.76086746907348,82.47768403269521,13.994072241159689
2025-10-27 08:00:00,27.09632439647068,201.5381598241687,44.43986358730262,83.60320619511526,17.599588180860707
2025-10-27 09:00:00,30.147524605641806,317.2563384464167,34.08967895148193,69.87535398932029,16.91618513659519
2025-10-27 10:00:00,29.90775456924626,430.10490393838046,21.577754598256746,70.13442169536377,20.738380388769183
2025-10-27 11:00:00,29.174753278254148,368.635707400833,40.46725258500007,76.60771582231052,10.852299159158617
2025-10-27 12:00:00,28.109738703620177,401.78199944710724,31.659196838680167,73.7667681824732,17.897215857204326
2025-10-27 13:00:00,27.967369044470683,440.87159585179757,30.020097701317304,74.64568419368382,7.820946069254118
2025-10-27 14:00:00,29.07284921962516,298.58976671769307,52.094303582843615,87.33889088310464,22.18092656900739
2025-10-27 15:00:00,27.77137544508662,450.6805845129908,0.0,73.3775658759314,11.818787596780414
2025-10-27 16:00:00,25.784043523437276,315.4397715277051,8.734737447606456,70.24682118470287,12.604816723422221
2025-10-27 17:00:00,26.42685078763135,185.0032307082276,12.193943604384447,76.09342658290964,14.569399663267323
2025-10-27 18:00:00,24.10018035968853,0.0,24.551090286467918,78.21695577999111,5.806101328958835
2025-10-27 19:00:00,23.84639516460403,0.0,26.18087745350955,76.85396603366749,7.010023402132879
2025-10-27 20:00:00,20.281666543513662,0.0,7.390115283404288,78.59640235234917,10.832200213744356
2025-10-27 21:00:00,21.813556892703573,0.0,15.222629515337605,71.27714230781183,12.14400975607989
2025-10-27 22:00:00,20.37094485145496,0.0,17.087374822146447,75.52999966413547,19.18458442605524
2025-10-27 23:00:00,20.77698906258082,0.0,66.86136138113838,82.39449147422046,9.546268488199601
2025-10-28 00:00:00,20.251433546545723,0.0,57.026129216207195,80.25416999813734,19.012078400272866
2025-10-28 01:00:00,19.040705343248856,0.0,23.823758734730262,70.3460087577577,10.12883091469208
2025-10-28 02:00:00,19.435659973855984,0.0,24.54625064539802,72.34192790961494,10.109216465103557
2025-10-28 03:00:00,22.76318028004997,0.0,12.761940042175588,74.24151077431382,9.982725592076518
2025-10-28 04:00:00,21.103034885417937,0.0,1.378043801620997,69.71663482138291,8.847793632757604
2025-10-28 05:00:00,23.659642478591078,0.0,28.24679720387214,76.21339647714646,13.358493164136938
2025-10-28 06:00:00,23.48497080576782,0.0,15.032220251339615,72.7894938510104,9.171838686903818
2025-10-28 07:00:00,22.854421116948142,121.59069475717094,28.727242025069852,86.66736046401896,5.794533313527551
2025-10-28 08:00:00,24.885233068466743,271.21210009927694,5.996912264347838,66.1305423618313,9.22860794825957
2025-10-28 09:00:00,28.044004951867798,368.69283611397526,18.570383125346133,68.26552843989435,12.75507513887977
2025-10-28 10:00:00,29.22237212402331,374.41373197791984,32.229406429542465,73.49688282591495,6.002158306125442
2025-10-28 11:00:00,29.342380459046034,373.95548464794456,35.493143966759064,78.16245474960792,14.101977182979764
2025-10-28 12:00:00,30.470508247426036,435.90872686259416,36.26207938113022,81.11880017110393,16.535182533136513
2025-10-28 13:00:00,29.31904122886419,489.4500092118377,10.19266523764444,75.29324819450883,16.429356541166733
2025-10-28 14:00:00,27.30309579630237,308.9963057805766,42.82028595203343,85.38279870041194,13.491670272174607
2025-10-28 15:00:00,28.288900637463115,325.1203515335718,17.996824550972246,73.76467671191264,3.6812386463821785
2025-10-28 16:00:00,26.701264244823435,211.35930127580338,39.492868719109595,77.93642194351986,14.565123444457079
2025-10-28 17:00:00,24.52664371469269,113.48316376736247,29.840419850727102,85.99841188023939,15.360706299681578
2025-10-28 18:00:00,24.595048987521402,0.0,9.35418751383078,58.77824764559686,7.68157268814797
2025-10-28 19:00:00,22.78985988592456,0.0,25.25703443128218,77.25957473715259,10.972119928009713
2025-10-28 20:00:00,20.694273179460932,0.0,35.48045613095651,81.9660077782897,13.708420610727288
2025-10-28 21:00:00,20.214014484049873,0.0,39.194480707118984,90.18493801605683,19.108765846653867
2025-10-28 22:00:00,21.488284152897076,0.0,27.885181538333722,69.49522190237263,10.370860328093142
2025-10-28 23:00:00,20.946298925059683,0.0,52.976683359015794,82.05153780884822,16.213857737730727
2025-10-29 00:00:00,19.157250979633947,0.0,45.11266156479839,75.66652673869588,13.520823573139012
2025-10-29 01:00:00,19.157481772390373,0.0,26.15018825400371,68.72254295976101,12.105219534115644
2025-10-29 02:00:00,17.71957679621706,0.0,41.25182718205417,80.68239181294886,17.384469269688466
2025-10-29 03:00:00,22.612304340025673,0.0,59.0069022778228,89.57534870651389,9.624655966011641
2025-10-29 04:00:00,22.7599080521606,0.0,59.407269011745406,91.51767898676778,13.89198905176978
2025-10-29 05:00:00,23.596105414985264,0.0,11.580001787662539,70.74622059659664,10.687741202617941
2025-10-29 06:00:00,20.95551366636441,0.0,16.102003332642738,78.26480498586398,4.777420336215054
2025-10-29 07:00:00,25.25995826994738,47.68359929228806,52.273781801007765,82.34085821809995,17.544022431890088
2025-10-29 08:00:00,26.24739627776743,254.55944868760264,14.125784237435441,76.42720551330633,14.02235791787845
2025-10-29 09:00:00,28.33585757430576,364.190663002408,10.161883000624815,78.11246835230645,10.643611768303927
2025-10-29 10:00:00,27.656450559894896,426.9018049762318,22.707088039514296,74.60715222914808,10.089838424553747
2025-10-29 11:00:00,28.441069448638007,431.71258227655267,36.30340064211879,84.24456165535904,11.81605767027547
2025-10-29 12:00:00,29.717900419223355,448.6232698437838,28.464049400833556,70.64319084805317,14.252688772045467
2025-10-29 13:00:00,27.7366408528123,461.5283701068892,20.241545693916116,78.23244288040236,11.223657808166998
2025-10-29 14:00:00,27.49653512907232,433.5000051429081,19.886813074132363,80.06558936311467,8.32433928117208
2025-10-29 15:00:00,27.69952213620423,338.50747304480984,19.31494403380937,79.37485372113731,8.897428907298004
2025-10-29 16:00:00,28.152695012936686,240.46025182888704,16.80735557011586,68.10382807896598,10.791870289480512
2025-10-29 17:00:00,26.257769482485198,105.19667127942938,64.22449315914093,85.13840287021902,9.480852046425586
2025-10-29 18:00:00,25.310688888194488,31.494446422589366,34.462666067783324,80.37993883483173,13.056428231798103
2025-10-29 19:00:00,22.700880221149518,0.0,43.301385816071075,83.6854766228523,8.993004228055158
2025-10-29 20:00:00,23.356265029500108,0.0,22.663837978216144,76.79189948696848,7.315839541062048
2025-10-29 21:00:00,18.113592540797804,0.0,27.210649842209268,85.28155498985689,24.13306064331725
2025-10-29 22:00:00,22.211447563581803,0.0,19.296690279444675,69.06422538197344,18.72424015226215
2025-10-29 23:00:00,21.880321134870947,0.0,0.0,69.56669765985352,10.575780164079667
2025-10-30 00:00:00,19.439068148459604,0.0,9.329860847282006,65.02774448935709,13.87055811160291
2025-10-30 01:00:00,20.097779191282473,0.0,2.840719800294078,74.85175712240063,14.225828140098209
2025-10-30 02:00:00,19.46594005193259,0.0,0.0,73.90320622941154,9.698224755252747
2025-10-30 03:00:00,20.037494116133573,0.0,12.069615385528458,90.80479655754337,11.734503781369472
2025-10-30 04:00:00,20.551335406088008,0.0,49.874335190724466,88.56768177869708,11.4450350112059
2025-10-30 05:00:00,22.487656047405295,0.0,29.333457484434685,79.66704166976466,16.48935451316153
2025-10-30 06:00:00,24.56818041234906,0.0,49.35845643481761,83.97886242522124,17.545654930057356
2025-10-30 07:00:00,25.685411120886698,108.01701779709984,36.164738653513126,77.65531844211304,18.055912447444356
2025-10-30 08:00:00,28.92805088726026,221.3194785733691,41.73838238572739,80.79782643316537,13.150913398321375
2025-10-30 09:00:00,27.5113577095377,373.86561497157857,16.486545070431372,75.42617741914658,19.49554712587281
2025-10-30 10:00:00,26.2401167832353,375.37756176735365,37.85926431289006,69.75500187084944,11.58755877661381
2025-10-30 11:00:00,30.81269983309743,392.1639501160135,40.93071351111519,80.64534135534917,20.234257607932626
2025-10-30 12:00:00,27.258226332323947,494.95299138046806,21.350290616494604,75.80388654614876,9.21431568003589
2025-10-30 13:00:00,27.947887822349937,428.77062083262666,38.3931055592425,88.22615960008889,6.7298940356855494
2025-10-30 14:00:00,28.528859996740017,363.92680925272055,38.49281637862249,78.7355162961322,20.035872927015326
2025-10-30 15:00:00,27.923328406936577,290.10087753311615,21.75671068304876,71.47295164057408,13.729344024109917
2025-10-30 16:00:00,24.46639707945193,241.6745712071891,13.158473515935075,75.01231922746581,12.734413690149388
2025-10-30 17:00:00,24.169148212288547,150.3063304753739,12.238075021525916,73.8558868829447,9.169965367311764
2025-10-30 18:00:00,21.920449694407353,0.0,31.297583128821927,77.93332521242762,8.184282806442496
2025-10-30 19:00:00,23.359598650868374,0.0,34.90514803183972,72.87740315634663,8.744250703145527
2025-10-30 20:00:00,22.8838607441754,0.0,18.112112543131282,74.36535153010978,11.45979476414064
2025-10-30 21:00:00,18.721543530608447,0.0,30.39878011989148,75.94550413921152,10.919136348196984
2025-10-30 22:00:00,20.809697814101682,0.0,38.558055542077284,79.48565171884242,4.165582865656218
2025-10-30 23:00:00,20.22585013023837,0.0,39.27286071997951,84.49510377641462,18.73867988906188
2025-10-31 00:00:00,17.922411639753705,0.0,53.27820180183733,81.30861700826699,10.985064211066572
2025-10-31 01:00:00,16.37222178856514,0.0,49.15471248297065,82.77668243746018,17.411373571744754
2025-10-31 02:00:00,18.05644382276332,0.0,14.980628508651838,77.7927153884559,7.926439163409996
2025-10-31 03:00:00,19.46983489772449,0.0,55.25379314307034,83.59596163049673,13.382059698070337
2025-10-31 04:00:00,23.28337576749061,0.0,22.03535243166428,89.11226167878992,14.991012859845384
2025-10-31 05:00:00,22.331315093604967,0.0,45.67309218681641,83.36290828722863,15.621038300194751
2025-10-31 06:00:00,22.470327297851263,0.0,31.019799390766334,72.2249155916347,10.479147346463941
2025-10-31 07:00:00,25.265502013588783,80.77784376907857,23.817759323145488,72.0181008133659,13.228063614336707
2025-10-31 08:00:00,24.5952516945134,231.7419742365425,2.8845471033760077,66.38217507873033,12.848014031147127
2025-10-31 09:00:00,27.98337963783965,337.3706434254883,27.426532346754776,72.58399470926759,10.779608447047138
2025-10-31 10:00:00,26.838367408507555,483.3217625736204,6.609251470415867,74.36144834742493,5.875589404167185
2025-10-31 11:00:00,27.52655193583625,363.794358362135,44.50948853764159,75.51584206253114,9.727206589090375
2025-10-31 12:00:00,29.267343329600116,358.6982871288361,52.75188985708872,81.19184218315601,11.120678796695872
2025-10-31 13:00:00,30.884136585726885,489.4124880530069,18.046335160549646,79.64269784358179,11.006551875049432
2025-10-31 14:00:00,30.966454513867518,344.69546567648615,34.52956113778907,75.43856133460584,18.095999849321114
2025-10-31 15:00:00,25.96291241505799,323.93369271856665,19.119127169880368,78.29277774425955,14.585886098187068
2025-10-31 16:00:00,25.503615441908742,243.3896259978774,20.572729047948158,66.95278867664908,7.764381423186711
2025-10-31 17:00:00,25.74349086269983,124.3666390010534,41.617420557980566,78.73975623947021,19.42696020821949
2025-10-31 18:00:00,25.298629819439974,0.0,29.42192607234881,73.18096010796722,11.15577760300773
2025-10-31 19:00:00,19.671799644662016,0.0,56.09472062896518,86.62176499350348,15.493878682115671
2025-10-31 20:00:00,21.392741531216846,0.0,22.766512819456185,71.35882633663803,7.382378262139687
2025-10-31 21:00:00,19.61038389117286,0.0,44.99004498711734,92.70423806419537,10.440555572191299
2025-10-31 22:00:00,16.947849088977062,0.0,31.46120119436673,71.17619846482091,15.724813862443739
2025-10-31 23:00:00,17.211256421203235,0.0,41.9366701461635,87.6313847927541,8.581343923629664
2025-11-01 00:00:00,17.97578672713511,0.0,23.2926351400508,81.56817620396366,11.385316912916512
2025-11-01 01:00:00,18.96072391920019,0.0,29.25661743672626,80.06935155395155,13.346473863723583
2025-11-01 02:00:00,20.69430022408953,0.0,28.26751681051598,78.28490043657553,7.321628639180626
2025-11-01 03:00:00,20.639012168342287,0.0,17.459143277313192,84.59372734735983,3.7628310717462865
2025-11-01 04:00:00,22.445694792986288,0.0,39.93122301872629,93.02077098278974,15.626098950056768
2025-11-01 05:00:00,22.45453993575718,0.0,39.753735083675465,79.58391933919138,23.441217059472685
2025-11-01 06:00:00,22.79746379365024,0.0,38.9033204235835,81.14505740576908,13.780630737340859
2025-11-01 07:00:00,24.769113810149197,104.4234911731553,53.05448480876467,80.83625304190403,15.255712393548507
2025-11-01 08:00:00,27.118066076378312,189.16257788190902,51.740172018544555,77.07089610355594,9.050719771807078
2025-11-01 09:00:00,28.591758250725896,377.13083197455484,24.37582965226297,78.17075744677973,17.097490372592354
2025-11-01 10:00:00,27.851783453813532,340.6517601214567,35.59578477651267,80.01929069098301,10.272724896876758
2025-11-01 11:00:00,27.33567281501573,417.70655205389414,20.645989661126812,67.06004006110412,15.687168769137603
2025-11-01 12:00:00,29.150249132001747,409.5230802051687,30.350329741718333,79.54505499157764,13.946707131924864
2025-11-01 13:00:00,29.164897909108568,439.22739976128116,21.00375826321703,76.34190414471797,13.576975629083481
2025-11-01 14:00:00,29.646555355459586,270.60850328759915,54.301054637040764,80.1720569182333,15.088277434265212
2025-11-01 15:00:00,26.367035695753593,296.1424425284963,35.45547225514444,75.62619940502893,14.018514127923835
2025-11-01 16:00:00,25.345757094122945,256.40493437326387,26.729563078433667,79.04942604254101,12.470039065947446
2025-11-01 17:00:00,25.990997006982393,133.2247473359211,47.90427857784566,90.17182836931728,16.272266178381145
2025-11-01 18:00:00,23.184229882356497,12.607712546165176,0.0,72.56434366592354,7.095804946268113
2025-11-01 19:00:00,21.8352088616729,0.0,0.0,74.67713992701287,9.044718518034474
2025-11-01 20:00:00,22.844275355850655,0.0,41.937579828296606,76.94677168549727,17.969232578863636
2025-11-01 21:00:00,18.396052330570082,0.0,30.90702672176052,76.94598688297374,12.236976749647027
2025-11-01 22:00:00,22.056830587454314,0.0,33.75669450391141,82.22073290228997,10.384075435693479
2025-11-01 23:00:00,18.087838356182825,0.0,10.104058450221768,67.07111443588269,14.644680434524673
2025-11-02 00:00:00,19.77630271811337,0.0,29.651494337244507,79.53243666811167,14.832299859004728
2025-11-02 01:00:00,18.678487102524116,0.0,60.05264115602013,88.7285023896137,7.803354571078231
2025-11-02 02:00:00,19.672199745884026,0.0,42.36299429693794,81.497248112544,15.037875838027924
2025-11-02 03:00:00,19.772399438849416,0.0,32.54559817714218,80.81739979064947,12.176630640898596
2025-11-02 04:00:00,22.26310544211531,0.0,23.414191348425934,76.85318125970805,14.018315759151772
2025-11-02 05:00:00,21.903939532734405,0.0,24.081407221959093,73.67395286194045,11.246889665877935
2025-11-02 06:00:00,22.904725381073813,0.0,0.0,64.7237573616113,11.857203588204854
2025-11-02 07:00:00,27.300995393616038,109.07458976443179,33.86460631381741,77.9694355229224,4.369233547064641
2025-11-02 08:00:00,26.187753300590245,171.5699186917194,42.68224662722781,87.31492867868643,8.554371691709584
2025-11-02 09:00:00,26.30668547107978,342.30056999276366,6.3657100924407715,76.81732835708387,13.278690167225562
2025-11-02 10:00:00,26.04231024650917,390.2493307761141,20.078746615397762,73.4366786393592,21.48968272162382
2025-11-02 11:00:00,30.90443636626456,496.0570782695272,12.638030516498667,70.74331998103347,12.101002723818931
2025-11-02 12:00:00,27.932052805080616,500.6017833969432,15.519732077868547,71.54156315152014,8.004767813273794
2025-11-02 13:00:00,31.15957463596928,396.8879122408463,30.802224402328502,74.87870055924101,12.081752119121344
2025-11-02 14:00:00,28.498193470231385,423.94954933927244,0.0,71.21401809497624,6.426302856556892
2025-11-02 15:00:00,27.37084046079837,292.1828455249433,39.21405657535596,85.03529505155126,16.959996419299237
2025-11-02 16:00:00,26.370352750498842,172.5990985209577,41.307826049005236,91.7354497745027,12.257710521741592
2025-11-02 17:00:00,27.824387241044754,133.60853506628035,26.233461179446312,72.28546960610818,15.524505196013795
2025-11-02 18:00:00,20.799671654225325,0.0,0.0,74.18595098643675,9.386180110236536
2025-11-02 19:00:00,22.634104544319598,0.0,15.053720609964156,77.12998648587337,15.320528203534932
2025-11-02 20:00:00,20.80479110468337,0.0,48.493529011540446,81.40393148979739,5.930294844809087
2025-11-02 21:00:00,19.83700048793173,0.0,0.0,65.94440368154595,10.097911874380305
2025-11-02 22:00:00,19.513534183334727,0.0,24.78714881709721,78.6966225609975,13.397711946417642
2025-11-02 23:00:00,18.47379626868214,0.0,12.299988322991116,84.95332657482076,9.541595912233557
2025-11-03 00:00:00,18.830779381965225,0.0,42.06855452377255,83.0877572462415,13.54146790709199
2025-11-03 01:00:00,18.72592968237352,0.0,19.87329071784808,72.27327519151905,12.363840628580514
2025-11-03 02:00:00,17.548456864058192,0.0,36.059310311034174,79.64622750490061,15.99829895582766
2025-11-03 03:00:00,20.546451457841833,0.0,38.4819062875364,74.88763871766551,14.41020086155535
2025-11-03 04:00:00,22.017080301829882,0.0,57.5433875959503,85.22583628317942,14.448881868933883
2025-11-03 05:00:00,21.587428986347316,0.0,26.955870844869448,80.96789350159918,14.86564813592625
2025-11-03 06:00:00,26.01447441631172,0.0,35.64066554433917,75.59499480071807,6.369826174257274
2025-11-03 07:00:00,26.616548009496352,137.95885701346523,7.72416781308846,55.710509578869846,7.376568717854957
2025-11-03 08:00:00,27.18334750354295,142.32051166833764,47.85620344940616,83.32095410063131,6.851773919434271
2025-11-03 09:00:00,28.203110387789586,331.9896560046973,18.59236727892953,71.95986246009906,13.124025897352965
2025-11-03 10:00:00,27.955462571935474,447.92648578497534,21.588687538683814,71.50050332495832,12.734690046919468
2025-11-03 11:00:00,29.899622382220514,422.23229745706954,29.666283077261838,73.1851193951591,17.02449443531534
2025-11-03 12:00:00,30.62819051030116,510.45403379366047,6.556734819902257,73.09621475691462,11.734500683437021
2025-11-03 13:00:00,29.4662698627213,360.6980772877746,33.43155043393407,75.94841756744309,9.14477169976566
2025-11-03 14:00:00,27.174968189186547,359.5847660056929,44.51199409387516,85.75398145719285,12.761602951850339
2025-11-03 15:00:00,27.070157550780586,291.7968452021202,34.394007352459376,83.35023654103753,4.218014773881927
2025-11-03 16:00:00,26.831980557489345,219.13369301568324,6.166536537319125,70.21367702633476,8.675421724630958
2025-11-03 17:00:00,25.969373115393022,90.69981170872187,28.142860585055107,74.58597930390599,2.0187319690345404
2025-11-03 18:00:00,23.485489135713813,0.0,41.13043354469236,81.44832754266548,13.370604233793422
2025-11-03 19:00:00,21.555263177868632,0.0,1.8301685105113847,70.54728674193657,8.97431465379803
2025-11-03 20:00:00,23.14567859821161,0.0,13.878509792734292,65.28520720158869,10.164822799947839
2025-11-03 21:00:00,18.65665997981305,0.0,43.1481540612228,91.60905827862916,8.431070920653234
2025-11-03 22:00:00,18.032351213375442,0.0,34.0514315129593,83.42968393328653,9.027145418006885
2025-11-03 23:00:00,17.03131423082325,0.0,36.17957373190131,78.22277109071224,14.579444250150797
2025-11-04 00:00:00,17.297257364784016,0.0,57.89242211434967,76.34660086450666,7.150341414303403
2025-11-04 01:00:00,20.315792639105002,0.0,37.02829167759304,79.35754471318828,13.874165342919504
2025-11-04 02:00:00,20.85882899484061,0.0,39.86832015649769,77.94837158972153,8.748527900010377
2025-11-04 03:00:00,19.89208032955818,0.0,70.6611829082749,88.42861766225074,6.8090488307403145
2025-11-04 04:00:00,21.669082144519454,0.0,26.79293162864264,66.67851816408434,16.245022117895125
2025-11-04 05:00:00,22.216122253871944,0.0,18.031758545722575,72.86428808891459,16.218310952665266
2025-11-04 06:00:00,21.974303556556794,0.0,36.41694597370699,77.80148144773823,9.662975692290065
2025-11-04 07:00:00,27.701507765785003,61.66283940238035,36.584865440833426,78.07961381577144,9.632143689904385
2025-11-04 08:00:00,27.81103538488661,237.85325770134017,22.099269120806877,74.22212356709476,10.101464927938078
2025-11-04 09:00:00,27.520152563156998,299.2992597525636,14.514044706677288,73.81174245655944,7.48544102922672
2025-11-04 10:00:00,26.741343550107878,259.1893171314093,64.64766633135116,93.8066019427169,10.696993904018601
2025-11-04 11:00:00,28.061087871420266,363.13560457194103,34.90265205582034,75.9914288970069,13.545376422894348
2025-11-04 12:00:00,27.623720213449676,463.50236523703114,19.015719278968866,70.10458200840013,19.246361109575645
2025-11-04 13:00:00,28.48035947494799,378.658702399349,43.73895453419398,72.07603210568803,10.768108532541177
2025-11-04 14:00:00,28.256900576196983,435.6111538178435,28.36282272657998,74.34661480938028,15.510557903639043
2025-11-04 15:00:00,26.615944194274903,287.6548627370577,26.206778305232532,69.60304832733597,12.721906515934258
2025-11-04 16:00:00,24.133136851516536,194.797603654402,38.434093078717396,84.83903421499352,5.232763687476272
2025-11-04 17:00:00,27.589645337238892,112.83070768492367,10.62176597652465,72.08646554037145,10.433343980097124
2025-11-04 18:00:00,23.832658201176393,0.0,35.28940805875759,83.99477820954556,11.164261910693877
2025-11-04 19:00:00,22.82334780503579,0.0,58.694322115976284,92.62856364048916,18.792868064792586
2025-11-04 20:00:00,20.474741228398155,0.0,36.99266493295966,75.90166571244272,17.870246783366568
2025-11-04 21:00:00,17.957725074434926,0.0,24.35681844324803,75.70874704891271,12.725039693149304
2025-11-04 22:00:00,19.08545572120626,0.0,22.393420793576368,83.44397084789887,15.97670778944752
2025-11-04 23:00:00,18.274055687167326,0.0,23.84490039982336,78.21620464376625,10.606804753261493
2025-11-05 00:00:00,19.38496068268378,0.0,26.190559829283284,80.29744553990773,15.786952159258885
2025-11-05 01:00:00,19.81083770169201,0.0,24.332902008625922,82.32648770425143,11.61799496350878
2025-11-05 02:00:00,20.126977292448316,0.0,43.7446716161185,86.44969457848256,16.5779320853009
2025-11-05 03:00:00,21.211786118507884,0.0,4.001863451865255,73.92049571164532,14.997734590174666
2025-11-05 04:00:00,23.307331537467906,0.0,42.93000075618201,88.26820788431527,15.012303161124663
2025-11-05 05:00:00,22.675278023631947,0.0,24.304702122861585,76.38361228423001,8.248883643690062
2025-11-05 06:00:00,24.891546554801113,0.0,35.654216785430584,81.82689420442674,10.100535149261901
2025-11-05 07:00:00,25.398679959247378,144.81215633906396,13.095181346987044,72.6302008211005,13.663780316936649
2025-11-05 08:00:00,23.492519967777035,205.97248321352262,49.92946600274154,88.11124685088933,16.070314915035667
2025-11-05 09:00:00,26.797223526187043,285.6309571894275,48.68452440257809,78.69772438211291,13.067786782017786
2025-11-05 10:00:00,26.6646680476956,335.25095226231815,44.393857886251105,72.73448257401057,10.97052837815238
2025-11-05 11:00:00,28.593058449109336,496.50436960492016,7.278678363096908,74.85533476050857,11.129489038671712
2025-11-05 12:00:00,27.4342527806406,399.2971496390954,42.43681606599079,75.44337343674803,11.007938123798803
2025-11-05 13:00:00,29.079580276233106,361.79693119648,36.07282631453563,73.11005623228372,10.711995406393449
2025-11-05 14:00:00,29.068029534251995,405.4680822023697,5.920931293011485,77.49467806551709,18.13618042975083
2025-11-05 15:00:00,28.562740953507273,314.4180186172954,29.63553924343777,82.00587142378923,9.579828911649539
2025-11-05 16:00:00,28.067606017729876,178.1249166544764,35.468017335498935,76.99435977698877,13.804554759677309
2025-11-05 17:00:00,22.577829903968773,100.6940238265266,38.341129107347264,65.02129215483758,12.528753526436661
2025-11-05 18:00:00,21.903865942317463,2.990675396820414,32.65892050423284,81.59535093091621,6.726757390862359
2025-11-05 19:00:00,25.974630504338776,0.0,34.3684712527107,82.0584476003445,6.6743505693825185
2025-11-05 20:00:00,22.274946823565735,0.0,52.104170883796435,86.31885737173242,12.28073884022801
2025-11-05 21:00:00,20.218814444176708,0.0,48.3905086486602,85.46907245002461,4.6087463463368845
2025-11-05 22:00:00,19.1740877322316,0.0,0.0,70.2669409794354,17.3216231070145
2025-11-05 23:00:00,18.55901866507959,0.0,25.23842167743477,75.5234069007588,9.815462242446646
2025-11-06 00:00:00,15.888434804041035,0.0,27.53023458684073,73.0184840780391,9.60374544552927
2025-11-06 01:00:00,17.5686483613812,0.0,3.718521409095434,68.85734971963271,15.078180961045955
2025-11-06 02:00:00,18.926776437058834,0.0,31.41274587348468,80.67159330252154,11.007759542211797
2025-11-06 03:00:00,18.93615358480584,0.0,48.7313665861576,85.0820533632936,15.0407410238641
2025-11-06 04:00:00,20.14162854112284,0.0,13.701482106141146,78.40324899080179,8.394735651079793
2025-11-06 05:00:00,25.434560951899282,0.0,35.04601408034809,71.96416310045153,11.934034452940265
2025-11-06 06:00:00,23.07515637480076,0.0,16.262647840553434,66.35826028043454,14.687045020547083
2025-11-06 07:00:00,25.057956565096433,145.7339200676408,19.921319644804846,73.37311086436281,7.548812897034377
2025-11-06 08:00:00,26.21760249934192,188.91569935746696,52.16090451255053,78.05784752600965,14.718985624178595
2025-11-06 09:00:00,27.704136582979828,342.3561717661917,21.861632698322623,76.289724969573,1.4270354799293195
2025-11-06 10:00:00,27.111964752128138,350.6811379439082,36.93318733515937,72.66711903327112,16.908678456278693
2025-11-06 11:00:00,29.85301008273271,541.7908410934347,1.9317282590851939,75.95614126531171,7.870920811097087
2025-11-06 12:00:00,28.978936180525835,349.2729299658644,57.934763420923204,80.07654863595398,12.554108243233944
2025-11-06 13:00:00,26.558620774440353,384.3474779619795,39.03978669459748,87.78952476398076,11.560174896828938
2025-11-06 14:00:00,27.592677148760757,374.8436297137088,27.262502360246074,79.34823327030671,7.4636979078543355
2025-11-06 15:00:00,26.71404641789649,299.65732760640503,38.63319764999842,74.42503219976095,7.725138539451656
2025-11-06 16:00:00,25.61869023690727,231.07765072596666,8.852708565782844,82.89409868267873,12.528013480170317
2025-11-06 17:00:00,25.358486397239695,74.43089952313551,47.73796112628986,83.50797889507407,14.660239989717144
2025-11-06 18:00:00,24.227448074770066,0.0,25.140228367553547,77.53153691151667,7.715917520031876
2025-11-06 19:00:00,22.77985911098266,0.0,26.93895727427348,77.04170019005554,13.511202786615726
2025-11-06 20:00:00,21.34289529433791,0.0,22.625165775517733,78.83762375941347,13.362834989067357
2025-11-06 21:00:00,19.978100442857375,0.0,21.29022895881623,79.0029452306386,9.551635059315194
2025-11-06 22:00:00,16.27560920456889,0.0,40.42005917442613,77.3888036535957,6.847021215315895
2025-11-06 23:00:00,19.583936615011364,0.0,33.83860275156334,78.5043029429877,11.541756883707352
2025-11-07 00:00:00,18.977969609298793,0.0,39.7762221210456,81.72586487761896,13.449138658678786
2025-11-07 01:00:00,17.23329049454242,0.0,29.86807965771643,81.84572866351756,11.257943818959353
2025-11-07 02:00:00,19.377739228653812,0.0,37.69799716615772,83.56628479256123,9.514923603359744
2025-11-07 03:00:00,20.649895405131925,0.0,23.717268841124426,77.70454187038114,13.053741036937044
2025-11-07 04:00:00,22.365730470452952,0.0,63.44597762114323,83.8050200566054,18.233596886984504
2025-11-07 05:00:00,22.71240593627382,0.0,6.481043753542522,69.25544049551337,7.242864730062376
2025-11-07 06:00:00,23.761191634521648,0.0,48.91405985344477,76.75689420314335,11.253672881875996
2025-11-07 07:00:00,25.86800852392394,36.52041722180165,50.518611760814565,85.76245748351722,23.498500993158373
2025-11-07 08:00:00,25.44460725940802,231.12449235958226,17.217617910516093,71.45782791814796,12.024351547860043
2025-11-07 09:00:00,27.41424737706668,196.62568737636295,63.4391041583396,84.83886644535527,8.104727539568245
2025-11-07 10:00:00,26.865789152117596,327.3251493910005,44.93235424417977,82.44193972311473,10.336287402126608
2025-11-07 11:00:00,29.616124137013408,318.4067736262373,44.567085102343675,80.76902349617238,9.200671091675105
2025-11-07 12:00:00,26.2504848371267,409.2287355585657,30.42033280538815,77.68945389213418,13.042589515449322
2025-11-07 13:00:00,29.234496743501133,418.4698618319806,26.741607626719855,71.82541779859345,12.567989078865361
2025-11-07 14:00:00,27.696257954984976,403.84516370975695,26.85886759440588,77.95459099728919,8.796994638916125
2025-11-07 15:00:00,28.13364672153729,291.7104525633409,35.857958944792756,77.23029944082806,19.218141908889283
2025-11-07 16:00:00,24.828401604151686,141.6392485546737,51.017794125508445,82.64818605347013,12.891423009005642
2025-11-07 17:00:00,24.754183163634163,94.67275640433,32.71971326792129,84.30664329776518,9.813065518729093
2025-11-07 18:00:00,23.421928402311032,22.15128381651733,16.328345652940644,77.14538812255421,5.931930169967209
2025-11-07 19:00:00,22.61306268821336,0.0,42.366405935774694,78.39561405349319,8.539258618317426
2025-11-07 20:00:00,19.481278749817996,0.0,43.81726119592189,81.33755385855876,7.2067677802865076
2025-11-07 21:00:00,20.634654994237298,0.0,39.81989292671679,88.90695950511113,11.228722425849591
2025-11-07 22:00:00,16.613319900244118,0.0,41.182483597874736,80.31671065462403,8.519269475621407
2025-11-07 23:00:00,17.64528547996246,0.0,25.93607804763288,78.08663290579719,14.432739888964683
2025-11-08 00:00:00,16.253446365998794,0.0,16.065162493041306,78.94900151164781,8.465529572355996
2025-11-08 01:00:00,19.532051463425727,0.0,16.977098540388305,76.44042435510033,14.209658893568728
2025-11-08 02:00:00,19.475038367119303,0.0,5.468051273132129,70.63166646998009,12.23927187465514
2025-11-08 03:00:00,20.34231171031537,0.0,33.55422917318925,75.67010772545937,14.259741656035766
2025-11-08 04:00:00,22.70014159040288,0.0,28.748268251601097,77.78155111567376,15.024409632885234
2025-11-08 05:00:00,21.580175979856808,0.0,23.400184432054367,79.95311643285444,19.14330300385971
2025-11-08 06:00:00,24.07745676111621,0.0,0.0,77.0428825190415,6.604010452649644
2025-11-08 07:00:00,24.664919652121775,105.16630656507492,11.290237954587468,65.8460511058534,13.948509004672083
2025-11-08 08:00:00,25.672890454210563,149.78960190941564,46.812609771047505,90.71614051211316,13.933106460907393
2025-11-08 09:00:00,28.519142862915054,350.72466600699045,20.030609999053034,73.33773580670625,15.254652368676318
2025-11-08 10:00:00,30.3215655666246,332.96062576497206,35.408875164852624,82.97811729749753,12.213633862434735
2025-11-08 11:00:00,27.553717845002655,423.62985424427075,9.139718550371157,68.51419557479824,15.161031141662065
2025-11-08 12:00:00,29.3688308442556,382.67750553042663,51.58058223538846,74.48562380808154,7.412616576246123
2025-11-08 13:00:00,28.529476493165948,394.75869343549226,27.839585099179853,70.16574395039736,7.374744971937892
2025-11-08 14:00:00,28.04556854338752,344.1604072409897,34.35060594725303,76.7760324567798,9.440689332480837
2025-11-08 15:00:00,27.141860328956025,244.3842026931772,64.88669687822528,88.82086093306891,12.945335997267229
2025-11-08 16:00:00,25.351993986380247,163.49599916810567,52.74660150884105,83.5898135641378,12.822753943255274
2025-11-08 17:00:00,19.918615871594145,109.48094648452799,25.401515680694132,76.16141338614122,8.309966720669017
2025-11-08 18:00:00,25.280247497257786,0.0,21.101697226944612,81.12350377480526,7.091594912215646
2025-11-08 19:00:00,21.08774778579303,0.0,25.116824827207022,77.1759731442386,8.63468068871397
2025-11-08 20:00:00,20.47097108684396,0.0,37.64847372714804,81.79039612022993,5.04519678582778
2025-11-08 21:00:00,19.463080699323505,0.0,28.421637986236934,93.7910840008469,10.268542171526814
2025-11-08 22:00:00,17.93592394512817,0.0,24.071337824947925,77.33725333113755,10.96994132020119
2025-11-08 23:00:00,18.76767842842872,0.0,52.00771876063563,80.75755236156344,14.364531736828395
2025-11-09 00:00:00,18.170374628487554,0.0,28.286851623332446,80.8009555487275,12.081829454825117
2025-11-09 01:00:00,17.466854890612524,0.0,64.49383639555978,91.22387561472428,20.398284424090576
2025-11-09 02:00:00,19.091946397260834,0.0,31.361138456282596,80.53140994588603,14.817550297219103
2025-11-09 03:00:00,19.649486187757653,0.0,56.77977591337091,86.08208336152603,15.788242207440849
2025-11-09 04:00:00,21.934170937210798,0.0,35.3597913406594,87.01097700787265,13.22679676899481
2025-11-09 05:00:00,20.19138794503741,0.0,44.44440859874172,88.91863001930797,14.365121128018863
2025-11-09 06:00:00,22.18097467737695,0.0,19.130834227234132,74.92005659464213,10.07358291250936
2025-11-09 07:00:00,25.464962914137494,119.8152707571189,17.193611661188825,71.31118566872728,11.25816689780216
2025-11-09 08:00:00,24.896314968053574,188.19279531102146,36.89558932522481,81.68546430182936,19.531007764729576
2025-11-09 09:00:00,25.589091759160393,267.23348604316124,44.828298636979724,78.17254410546197,11.96119665397563
2025-11-09 10:00:00,26.79072959014726,361.5831317907676,30.60384753000694,82.10816078452811,6.202732146078405
2025-11-09 11:00:00,27.926337594285407,444.26992249842164,10.704099973744544,74.65735573542786,13.322436830918836
2025-11-09 12:00:00,28.10164817764911,455.8791317609956,9.596124505660093,85.58393909214001,13.98064085657943
2025-11-09 13:00:00,27.784663959048572,490.1096540150383,8.592953967206384,79.39702337571534,11.047741421829695
2025-11-09 14:00:00,26.220973120475215,484.9547705749945,3.485668305909286,65.59456861853917,2.6609016104753236
2025-11-09 15:00:00,27.768621305898595,293.86891002564687,31.64228039170631,75.20133349399487,16.728539591216276
2025-11-09 16:00:00,27.452066485471246,197.71071929430659,46.87565882562038,72.08135306156528,13.263409846745025
2025-11-09 17:00:00,22.038518727746123,133.97528343898261,29.79876319612787,67.50517895663305,10.248904317258361
2025-11-09 18:00:00,21.20837799188568,6.669796144866774,0.0,71.43787763779093,14.752236542413272
2025-11-09 19:00:00,23.237599636231145,0.0,27.13859309498177,71.38708979685242,3.258375821095086
2025-11-09 20:00:00,22.768716037349726,0.0,27.558015050510893,85.73012501517127,11.825345664057764
2025-11-09 21:00:00,16.924514225387373,0.0,61.43998125338159,92.66089546129787,10.908825768225267
2025-11-09 22:00:00,19.957921227276557,0.0,8.142931306206656,71.73457247463199,16.375731499056133
2025-11-09 23:00:00,20.52759551547434,0.0,24.139835961012064,75.36425746121995,12.178523396428819
2025-11-10 00:00:00,17.05094646937897,0.0,55.587790208168464,92.816170365572,9.320770664299474
2025-11-10 01:00:00,20.39602145847746,0.0,36.74967512019822,88.75105202288606,16.390422632421455
2025-11-10 02:00:00,18.61056283089542,0.0,38.44969610274637,76.2078500612496,2.0863563508446124
2025-11-10 03:00:00,20.045576726773945,0.0,31.718766555358172,73.66693943230507,13.61754516526294
2025-11-10 04:00:00,19.73707910605041,0.0,34.94915307985897,78.32127066875839,6.694291326225905
2025-11-10 05:00:00,23.17932427327683,0.0,41.66414295417804,83.14509562441735,10.233456577084702
2025-11-10 06:00:00,24.25687016786173,0.0,17.857705216608505,72.30753749729328,9.93017594905558
2025-11-10 07:00:00,26.708299802922998,93.0078485035994,43.170878683623,83.09754552127725,15.798993528636698
2025-11-10 08:00:00,27.544871994804918,213.22455684381686,9.404954746716914,82.02100108135026,19.283893118913596
2025-11-10 09:00:00,26.695721263411958,298.4261536168363,34.92551959247307,71.74686572278529,4.6280641940387985
2025-11-10 10:00:00,31.543101633620285,334.18250419576344,32.68111444929491,75.26043396696787,13.419272657123917
2025-11-10 11:00:00,29.757741989422776,427.67190247421723,20.75560367711838,67.84028004339321,19.847604691850595
2025-11-10 12:00:00,28.87475326052098,464.4674610947421,29.659720870115297,72.95079316880793,9.191267296668613
2025-11-10 13:00:00,26.70541082945727,462.1901520559006,20.661897710016703,73.73628034242333,8.493098758610845
2025-11-10 14:00:00,25.513166885887895,428.2294643124314,13.924480097073836,70.06808916758094,11.640008986630898
2025-11-10 15:00:00,24.829080106694704,318.5702527187771,24.695778875795334,79.09947053468464,14.550128994094274
2025-11-10 16:00:00,24.458317281959715,235.7472858035312,13.440170469425077,74.49607644068195,13.302400685807694
2025-11-10 17:00:00,26.25667109313153,153.1508634628731,34.841961961398724,80.3170852295388,10.307289694079802
2025-11-10 18:00:00,23.805298002300404,20.054190786006036,12.748717587714548,72.1328957984203,7.427288028033707
2025-11-10 19:00:00,21.080602051070027,0.0,40.67965534486577,79.98478359251061,17.298502545393188
2025-11-10 20:00:00,20.495452700795905,0.0,12.277813981067698,72.29168285214705,7.5156076604954976
2025-11-10 21:00:00,19.30147818522264,0.0,21.505576266284905,75.28788368901304,3.410538590400577
2025-11-10 22:00:00,19.882021267720198,0.0,20.630948876772315,78.32048058507043,5.217965365348366
2025-11-10 23:00:00,17.200016192349707,0.0,49.87720093312258,74.32184437663537,10.189300748037825
2025-11-11 00:00:00,18.571909079736788,0.0,34.954349184248876,81.44250756675909,17.717739572860836
2025-11-11 01:00:00,18.677799155071042,0.0,26.823992961834087,73.6106755492945,6.587751458307877
2025-11-11 02:00:00,17.683661345664692,0.0,37.48079161604585,79.07336050166765,17.961712244459626
2025-11-11 03:00:00,21.646190709826385,0.0,0.0,62.99540690100854,15.227275597855845
2025-11-11 04:00:00,20.233074209305606,0.0,29.35299615538639,76.55992938351775,12.368574428077936
2025-11-11 05:00:00,20.53264639034996,0.0,59.96271266707144,87.35020137380722,2.801758640462362
2025-11-11 06:00:00,24.226060751161924,0.0,31.985197596040088,80.69781207117703,6.863022631133464
2025-11-11 07:00:00,24.48225625359931,95.57113056568917,31.01869753754003,72.20067835854105,9.016789863337927
2025-11-11 08:00:00,26.148273584242443,178.64395384008793,38.221925694632944,81.72743347572579,18.833903254333627
2025-11-11 09:00:00,25.112766943469406,285.8320056156351,43.43407864971518,86.84048516572624,9.895032536988042
2025-11-11 10:00:00,28.50358492384243,450.1858014135845,0.03799960665210378,67.31551196532264,6.910171300109952
2025-11-11 11:00:00,30.771102783112934,527.0287162301645,4.765102773134597,70.63017585109878,10.991462947056796
2025-11-11 12:00:00,26.47563292906587,447.6031524594394,33.1543693662922,68.02451457133466,6.019615829117081
2025-11-11 13:00:00,28.407417357017398,421.3772509561445,19.276851571537357,70.12293001112916,10.865356596382405
2025-11-11 14:00:00,26.42654119275285,222.01334659130663,49.68037893329871,83.85871464040243,9.289789577476219
2025-11-11 15:00:00,30.149338561195112,332.11069450701444,25.272384151721642,80.6230322747808,22.014618328758424
2025-11-11 16:00:00,27.228838999380997,253.63487669169663,0.9820389643032321,67.21479493728886,6.3786063750162825
2025-11-11 17:00:00,24.77815154923724,104.30153258944993,10.979791247340046,86.42515543823328,18.268728224496503
2025-11-11 18:00:00,21.521089059155425,0.0,0.0,72.39128484213418,5.439331954925503
2025-11-11 19:00:00,20.54134865506393,0.0,26.488116940756314,71.22404255815867,12.375507515663383
2025-11-11 20:00:00,21.587473635171996,0.0,27.174238091034248,84.04135203370294,13.359967904041786
2025-11-11 21:00:00,17.810543014820198,0.0,23.633059353271534,71.02196773119115,11.748711278422421
2025-11-11 22:00:00,17.05674176069879,0.0,46.18318558544608,84.67942025924604,12.630762429827184
2025-11-11 23:00:00,18.29916829105857,0.0,47.9777975477504,78.6533688298044,15.844716013805654
2025-11-12 00:00:00,18.237141759448185,0.0,27.44417364965833,71.38829990170888,13.041680485500132
2025-11-12 01:00:00,18.72811178694878,0.0,0.0,76.05154417967631,9.308390536554866
2025-11-12 02:00:00,18.1621901829571,0.0,39.259223707383875,79.8415925821721,9.265228249149896
2025-11-12 03:00:00,20.724356693079212,0.0,38.33040342762863,89.15230762574654,11.253549458396998
2025-11-12 04:00:00,19.443340962172183,0.0,34.64087355235417,74.70404930370049,11.019691720863289
2025-11-12 05:00:00,22.58424252315231,0.0,44.72219623962174,74.04470917322882,11.445050236132008
2025-11-12 06:00:00,23.342056971310104,0.0,12.5275785530844,71.2822586713458,10.931177018035752
2025-11-12 07:00:00,25.138639125871233,92.19688746068604,60.13133079277708,99.76458082797848,7.3692780829349545
2025-11-12 08:00:00,27.10029755654474,223.86834888450903,15.60858370287198,78.05667932907157,6.6701143239928395
2025-11-12 09:00:00,26.007301946337932,233.7701445582084,41.23834390801282,83.22795575373536,15.38901224859148
2025-11-12 10:00:00,26.534426316598474,419.7161022309286,4.6897845837997245,74.17697824923971,1.232817660128628
2025-11-12 11:00:00,25.698417337489822,443.41252721760765,16.046029690949236,71.78252761380514,15.590429527346815
2025-11-12 12:00:00,25.43899736434185,344.0871164364945,52.74552970088004,97.06728418906155,10.401593702085753
2025-11-12 13:00:00,27.664562814996557,444.5076090611637,26.08650265498725,78.71236836109657,17.982212315265226
2025-11-12 14:00:00,27.254047362833237,282.73514270428825,42.598839076991965,82.4331840827495,17.034804136071738
2025-11-12 15:00:00,25.1873259338473,267.60574121946297,33.55433083078869,83.5847985651876,10.368116798722934
2025-11-12 16:00:00,24.431270479212564,200.46488820434698,28.42562765999741,71.12550022488224,10.526415802670426
2025-11-12 17:00:00,26.338285329038854,106.86210172922567,50.457754873990346,78.31696132335077,18.89593112683792
2025-11-12 18:00:00,24.202291803435195,0.0,26.450117630221495,75.8046161862437,16.415442915246693
2025-11-12 19:00:00,20.129515926390827,0.0,3.288928386547944,76.80944579984566,14.055407186699266
2025-11-12 20:00:00,19.988647622586964,0.0,17.951398620724426,69.04928744810226,15.474334916457238
2025-11-12 21:00:00,20.05596968226213,0.0,38.26787593052541,80.2718014351079,7.563306172325154
2025-11-12 22:00:00,17.919186738450644,0.0,35.93263659543762,79.3010335362613,12.617821030500124
2025-11-12 23:00:00,17.182767047569136,0.0,6.494126246468426,65.22418746635329,7.243199505783199
2025-11-13 00:00:00,17.571528695852745,0.0,19.134862208876985,73.65332805280691,6.503824977218406
2025-11-13 01:00:00,19.59947823425691,0.0,21.274179761966302,79.1398837962182,11.719259982838162
2025-11-13 02:00:00,20.216942889122205,0.0,24.517956088286624,69.7305993602459,9.57052746607885
2025-11-13 03:00:00,18.519633445707345,0.0,9.361296170976729,80.66905199443289,9.803066267723592
2025-11-13 04:00:00,21.10996463779464,0.0,20.57443337820782,78.36734057604515,9.028581356373175
2025-11-13 05:00:00,21.708817710516357,0.0,19.070842721107088,77.29142128035636,5.935633680121735
2025-11-13 06:00:00,21.70054207453817,0.0,41.572998896428786,81.22910880267683,18.865822318008682
2025-11-13 07:00:00,23.91914657305758,104.6713665816763,42.136819664853654,75.53472306488692,12.730147092927547
2025-11-13 08:00:00,23.867743770373103,208.6799574924019,27.812843128667758,74.17456496473254,5.621867852293365
2025-11-13 09:00:00,28.058753929001796,297.4168554126759,24.11940306193903,77.68031124117007,11.933853806810285
2025-11-13 10:00:00,29.35958888914412,369.8961237947557,32.0988646805867,74.41250181438465,17.6905024233524
2025-11-13 11:00:00,27.30713234016906,470.2120810548424,17.751373388166378,75.3355188630635,14.722478594748694
2025-11-13 12:00:00,27.167445108462427,502.3279906991601,12.797518767488388,68.67985632937848,8.564986233948648
2025-11-13 13:00:00,29.211850115158523,418.20982618495793,15.896681866114246,75.89954251427305,8.8160041285843
2025-11-13 14:00:00,28.92236885696625,419.32914670112626,20.47780254042815,77.46149829654162,7.195587874402245
2025-11-13 15:00:00,25.098047298242502,327.7446658391778,12.547893003115934,65.28382287654426,7.658379300300277
2025-11-13 16:00:00,25.31879014539159,182.06115915245397,32.43089338594312,78.69644750718197,8.97800022557001
2025-11-13 17:00:00,24.228723536050037,91.54608061424601,40.94573510675563,73.04378560682967,6.174199753468581
2025-11-13 18:00:00,22.00923905901864,20.77821088121836,6.193525488026374,62.99179062787027,8.533755837505861
2025-11-13 19:00:00,22.218929191571114,0.0,30.3769306682405,75.3419320357626,12.894760839312859
2025-11-13 20:00:00,19.601319279160897,0.0,26.700963071004967,91.7696306867737,9.679060216543421
2025-11-13 21:00:00,18.77337533987401,0.0,35.12263028305205,83.89159103490647,12.625545089645879
2025-11-13 22:00:00,18.54937564706229,0.0,29.80591847844618,85.67959349083722,17.97802883240267
2025-11-13 23:00:00,16.245838116431727,0.0,8.196010801025537,76.70420967541008,17.752461823485703
2025-11-14 00:00:00,15.286587425354988,0.0,11.064160517142518,75.5502689369965,10.281499526744811
2025-11-14 01:00:00,19.324101621509108,0.0,30.44135363377459,83.238681248889,15.042796355399098
2025-11-14 02:00:00,17.667429641557028,0.0,45.43171379618264,79.55995715949953,11.605000112463813
2025-11-14 03:00:00,22.199766078324437,0.0,0.0,73.07260817190522,8.04850420896815
2025-11-14 04:00:00,23.02336597893338,0.0,35.1858986970237,85.2784588395401,7.291993332536564
2025-11-14 05:00:00,21.007459242577248,0.0,47.844330079314645,86.35707224349096,12.738665994218133
2025-11-14 06:00:00,26.000745570582037,0.0,27.7046118569068,83.28994095382274,15.72275972133864
2025-11-14 07:00:00,25.472918790041074,62.85009419901079,38.25303744039661,80.70532233973631,6.814972236067806
2025-11-14 08:00:00,24.621068732498625,219.611331171827,19.453963786532967,83.68073389591113,9.824323631110213
2025-11-14 09:00:00,23.139118920501403,276.4448811750073,28.20950701084685,76.59035014555003,10.069109027297063
2025-11-14 10:00:00,28.184705374127237,408.15431908648225,5.686297225377725,81.83233065026944,11.271830383468611
2025-11-14 11:00:00,27.830290445115452,490.69014712246,0.0,72.74349354520345,11.05106277688764
2025-11-14 12:00:00,28.52074673779143,400.72015921893876,44.141487018379124,78.8875284647923,14.356016664621123
2025-11-14 13:00:00,27.49211877831418,451.7578802493609,15.225076084133372,67.83680028363882,18.34918274834526
2025-11-14 14:00:00,25.803089685468294,356.45257700357,23.16708232494854,71.93135196306407,7.676370895513571
2025-11-14 15:00:00,25.940375918509833,298.2037678842924,9.203366200947102,67.66297683117747,6.758358438403889
2025-11-14 16:00:00,26.378605148053175,200.80989389178725,8.850454453741861,71.86222680932158,11.431984911109534
2025-11-14 17:00:00,23.793383924250755,94.96589024878656,27.392434498580755,70.9593093574416,17.180515882937378
2025-11-14 18:00:00,22.491433461779234,0.0,19.056342087965305,81.90416274619406,5.1033052022176255
2025-11-14 19:00:00,19.690678236337078,0.0,35.66956496992048,80.5674038790512,13.108967692244407
2025-11-14 20:00:00,20.57853730263638,0.0,36.78807628469388,80.51098687006649,11.034049463141269
2025-11-14 21:00:00,17.9789312464581,0.0,34.81274469486911,74.22941234092883,15.157789914310849
2025-11-14 22:00:00,19.82393371700998,0.0,33.57901186392665,75.6259743904772,14.191711039357916
2025-11-14 23:00:00,17.176016374580044,0.0,53.6665230739783,73.78839158691417,12.877393400959866
2025-11-15 00:00:00,17.52548532813393,0.0,13.98609346432671,83.00672626924889,12.649395245773151
2025-11-15 01:00:00,20.893450149800756,0.0,29.175977006956234,71.12139351046963,8.82568663582634
2025-11-15 02:00:00,18.18122713734546,0.0,46.99034730779383,76.36088404101739,15.550414541047802
2025-11-15 03:00:00,18.801619478872677,0.0,48.96809714007055,90.53764832354696,17.994498982126544
2025-11-15 04:00:00,21.171209227447026,0.0,8.673545259831407,74.98052822493949,10.834319299290396
2025-11-15 05:00:00,19.294965077372463,0.0,25.31466837516195,78.08810626948502,9.63392257155992
2025-11-15 06:00:00,24.5359527640905,0.0,50.371816438008906,84.66390357184892,11.93798252480256
2025-11-15 07:00:00,25.49611792778329,95.00410585108395,37.62118657798598,84.40038082163483,15.03988587240122
2025-11-15 08:00:00,26.091687914115557,237.983528807106,32.92894547219659,78.86785976465,11.478983421922404
2025-11-15 09:00:00,22.05520781019195,296.0601975494824,26.73472959848015,69.70772750800211,6.538162531659261
2025-11-15 10:00:00,26.902792456682096,381.0848238800254,24.242986114383818,79.74127702197141,15.020568437328658
2025-11-15 11:00:00,26.084803683416823,359.071361910185,34.323285946354865,80.82982031729262,7.784821929775315
2025-11-15 12:00:00,29.371239464925818,386.92324639120267,26.214388125232748,82.05567784883824,13.008695553982475
2025-11-15 13:00:00,29.10785919065657,380.32351371288183,29.361320684333336,70.77865697510742,4.002618495952933
2025-11-15 14:00:00,27.744440521480616,403.5172180280515,31.178980591725562,74.03636958178095,11.991552181442906
2025-11-15 15:00:00,24.881389995429135,330.36221239760914,19.828927072597512,77.23546769240593,10.718262143456036
2025-11-15 16:00:00,27.352483119460825,195.67704011303562,37.98194060822158,74.7200548514266,4.030827073300412
2025-11-15 17:00:00,23.863056390565685,39.09546873553195,73.7136697262313,77.13474645844414,15.016941514009796
2025-11-15 18:00:00,25.25688303274915,22.781270024596207,3.3452004101088733,72.0844205412992,5.761818593941908
2025-11-15 19:00:00,21.960808607187253,0.0,34.8601878628497,83.94596384013552,12.082017109351177
2025-11-15 20:00:00,21.068751070370055,0.0,18.597148670716415,74.89431540241576,9.282920231482601
2025-11-15 21:00:00,18.775971039914392,0.0,38.66103866278875,83.6395396459823,6.010826222011601
2025-11-15 22:00:00,20.408815877972575,0.0,30.698362099917915,80.68010571487301,7.352013924784111
2025-11-15 23:00:00,18.871235563914766,0.0,41.427821610636954,81.62874685605217,8.208616534257917
2025-11-16 00:00:00,19.7367941417035,0.0,47.632598647631696,83.67744632413783,16.311281226633724
2025-11-16 01:00:00,18.2622093681003,0.0,32.88631676652272,86.2779383463968,14.987578016762942
2025-11-16 02:00:00,18.469757665479758,0.0,46.98078432621267,78.20347954976305,21.127044921719545
2025-11-16 03:00:00,20.099170247270205,0.0,0.0,74.90034852436443,7.95249463599313
2025-11-16 04:00:00,22.23633760325306,0.0,53.856784468740344,78.27435668343954,10.516575469811508
2025-11-16 05:00:00,22.88869431533281,0.0,35.6259322783851,75.54927785897024,12.320788330561749
2025-11-16 06:00:00,23.040725890735043,0.0,46.16765033617773,88.11539027406641,10.887315993638014
2025-11-16 07:00:00,21.740746107030823,117.42836678187079,11.701863827377174,67.66519706455212,8.254841031397923
2025-11-16 08:00:00,26.41453679261721,239.5357319639365,17.538451775919967,73.26447618636718,11.094621984765135
2025-11-16 09:00:00,24.526252610677037,263.4052585046598,32.189074412171614,90.2250662390779,14.423888191957618
2025-11-16 10:00:00,27.23666944335472,365.284483828057,29.744431659938055,82.52836080003614,3.0386575053690326
2025-11-16 11:00:00,27.540168029298083,363.7431479392601,34.246028820149846,74.79462218595545,9.42349817243032
2025-11-16 12:00:00,26.017935913449193,356.889324796423,46.26772741394949,78.88511521633541,6.702214475760031
2025-11-16 13:00:00,28.174918089715813,495.2476243959482,3.5216952704572613,69.8536054632392,9.560760384476161
2025-11-16 14:00:00,29.991775022626143,306.1467073960911,44.60728607575964,87.26277642074169,13.960884314368746
2025-11-16 15:00:00,25.990181656833332,306.1650592264879,30.124228649368906,72.6742941988553,15.973978741591104
2025-11-16 16:00:00,26.356678502571558,169.04670511882028,26.943272083131784,71.5214715360557,9.612181172616197
2025-11-16 17:00:00,27.217526957311836,99.33529150667326,7.933271484226644,75.51745411185702,10.821753814967469
2025-11-16 18:00:00,23.982432126146026,0.0,37.54573002565297,71.43338285110283,5.148787538492308
2025-11-16 19:00:00,20.72864341596684,0.0,0.0,66.3853177243496,6.558136612891607
2025-11-16 20:00:00,20.669154176394063,0.0,39.72591016858069,80.455659507808,12.81486338620928
2025-11-16 21:00:00,19.950515273543864,0.0,7.61841246790512,72.79292476605335,4.944862885584757
2025-11-16 22:00:00,20.39486499576845,0.0,30.80186868926211,71.86813793846065,16.488141699586723
2025-11-16 23:00:00,19.60967125281866,0.0,28.212467440081195,79.9303681677674,13.504689003359537
2025-11-17 00:00:00,14.212545319411001,0.0,47.54307220940825,86.57271139410365,8.758827314960605
2025-11-17 01:00:00,16.87069897414057,0.0,27.320172464791646,75.0369916398883,5.4373531735716725
2025-11-17 02:00:00,18.392232265121063,0.0,19.587921582815014,84.49193211276784,8.10220694835057
2025-11-17 03:00:00,17.957986936209196,0.0,22.400959560431957,78.65457219141527,7.522767852369613
2025-11-17 04:00:00,15.503274996623105,0.0,49.093241531319954,78.9735242674821,7.5866712657085165
2025-11-17 05:00:00,20.575994763852457,0.0,38.044454537713406,88.57861715126468,6.274981498016907
2025-11-17 06:00:00,22.80870023370698,0.0,24.21555027715258,74.06596060789701,10.289177105017957
2025-11-17 07:00:00,23.424619161298672,66.63198763507762,26.4533037005323,78.04400037255131,14.251708345142085
2025-11-17 08:00:00,24.017367791841696,201.96339868694773,6.492343641218294,69.63657462553117,7.480288251221557
2025-11-17 09:00:00,26.402831941593956,262.09068157241046,35.82711301277311,82.16711895964288,13.570889761913046
2025-11-17 10:00:00,27.5895356701909,374.9274103553103,3.6027643845680153,68.40461930659355,8.86916754984784
2025-11-17 11:00:00,27.033846906731167,394.7341202737025,41.27694698753184,78.20987813815478,14.51311411570068
2025-11-17 12:00:00,29.596660992656712,411.4162818658034,31.929323887368987,76.79294361285419,8.45055583557186
2025-11-17 13:00:00,27.718051895529598,247.04444570118238,65.80427699360884,83.83361018902268,14.414179719643483
2025-11-17 14:00:00,26.01055327183779,374.19373092575273,13.497966694135414,78.88198162501473,11.155423568092335
2025-11-17 15:00:00,24.887029410318892,315.06596338520166,28.460068634390506,71.14299636643018,16.872281187615815
2025-11-17 16:00:00,25.03653327920468,124.46263689335659,56.97431551384594,84.3523605051395,15.083688531426409
2025-11-17 17:00:00,25.554936098552236,62.02677795572952,47.870844604371214,82.63179608246509,13.417570781246436
2025-11-17 18:00:00,21.742598701554865,0.0,19.556819226301506,75.05464359170598,5.098287835993244
2025-11-17 19:00:00,22.293942127124048,0.0,33.35951142560172,83.88727965433196,9.566982234002984
2025-11-17 20:00:00,20.436318006459544,0.0,30.02999034622631,70.97230991473806,8.299907165607388
2025-11-17 21:00:00,21.869062977864285,0.0,34.22933801091236,82.16656127382325,8.422646217925767
2025-11-17 22:00:00,18.99059390727749,0.0,19.519793460227554,69.85659803892219,11.038016485352616
2025-11-17 23:00:00,17.07607078074198,0.0,28.660193959488982,76.10975527509389,12.39629401218561
2025-11-18 00:00:00,18.724272376905958,0.0,6.029214370849296,66.01021200696906,11.421225241851513
2025-11-18 01:00:00,18.938391446231286,0.0,32.02685177802123,77.55549835122112,16.64711813319617
2025-11-18 02:00:00,17.920750654605115,0.0,36.75031010132748,77.6584085472412,13.771712560926513
2025-11-18 03:00:00,17.718263667950115,0.0,26.58870881034174,86.23079663976306,6.418031961324213
2025-11-18 04:00:00,20.963837738106406,0.0,5.774236641228182,73.55581551334676,11.098875367001703
2025-11-18 05:00:00,21.555466493793766,0.0,44.82797794277194,84.22260461235344,14.578908634832999
2025-11-18 06:00:00,20.795476870253047,0.0,35.46787556989204,74.26012952477,16.822149868210246
2025-11-18 07:00:00,24.391964513712264,102.77256459746111,19.10977353448535,78.86903427077905,10.338722235304004
2025-11-18 08:00:00,24.438901222084297,224.10812450981336,25.79099329742904,85.02304304292532,10.711679586861962
2025-11-18 09:00:00,24.332243241023377,385.17106748853234,7.4899589582724175,76.62219909624568,14.69008418746412
2025-11-18 10:00:00,26.639367762029263,353.5303966653596,14.618848083331434,67.1487439814351,11.445275828428349
2025-11-18 11:00:00,29.264415475426127,384.4197098608582,21.932829804642907,72.82283586588973,4.703008204449407
2025-11-18 12:00:00,29.33747193962634,314.74045246201615,48.42631218420227,82.29840781058087,5.169828876491774
2025-11-18 13:00:00,28.827398853566784,441.1390969571988,20.407449136687866,71.94193657706452,18.38348020135499
2025-11-18 14:00:00,27.44712176555382,312.49821803302194,39.60320488993138,92.49868722395378,5.12524948742178
2025-11-18 15:00:00,27.077062259806233,286.89876940167727,21.925256957076304,73.05837274648873,10.42741528497664
2025-11-18 16:00:00,25.395229945433268,212.04478214485982,33.719213412778124,78.45376210777358,15.2184285683289
2025-11-18 17:00:00,22.624521140945664,129.91879520550006,27.87906746784297,74.62494875827258,4.335524926652204
2025-11-18 18:00:00,21.5898395210037,0.0,43.09584900139115,82.74390489142277,7.8285499816034445
2025-11-18 19:00:00,20.683561560774248,0.0,21.977829926721633,83.3536733276751,6.111929375670729
2025-11-18 20:00:00,22.088758789139092,0.0,6.412076249963388,72.91398250800545,17.525109021642876
2025-11-18 21:00:00,20.63115603403571,0.0,9.27076452954551,72.17795145336925,18.5361545419799
2025-11-18 22:00:00,17.0330241382648,0.0,22.021837590858638,71.63095354574551,8.164404970207539
2025-11-18 23:00:00,18.006771308107584,0.0,11.26410043982921,80.20919125557805,12.881198049979943
2025-11-19 00:00:00,17.198453285177102,0.0,36.15318023519327,79.79005737561931,13.039908703993998
2025-11-19 01:00:00,17.69058273821942,0.0,23.013477527128835,76.21630054768411,10.02750066430178
2025-11-19 02:00:00,17.694859887195562,0.0,65.61909825039648,76.10585967627561,6.7738489420348555
2025-11-19 03:00:00,21.013707774471072,0.0,3.934281072943019,71.24543109771449,19.426570118384042
2025-11-19 04:00:00,20.197264072819923,0.0,33.05449768064702,77.27850992241045,4.388669781545207
2025-11-19 05:00:00,21.7087511912247,0.0,13.080704647414965,64.9338414313049,11.502455516947732
2025-11-19 06:00:00,23.01337823872897,0.0,22.59897989425982,81.1957953888114,8.539558167068336
2025-11-19 07:00:00,22.679836568818924,113.21197172530914,32.121292100108164,76.00213544356951,15.638309887923095
2025-11-19 08:00:00,25.36296237794833,319.72795547563754,0.0,79.72340003185765,13.383786704687932
2025-11-19 09:00:00,27.63838834501128,281.56673640194924,33.55239175182041,85.3645473846487,7.762365915472223
2025-11-19 10:00:00,28.966467870802756,274.06236636106144,58.54361193411252,80.74141474915554,9.766673140162244
2025-11-19 11:00:00,26.059312244165714,417.6796137515151,23.19842552447111,82.78727780584762,4.9593156941600185
2025-11-19 12:00:00,25.7476609621503,383.5002061885609,33.897117852082644,86.71484129109429,12.474060776579375
2025-11-19 13:00:00,27.632246656254967,326.0289955209922,45.37382539688099,78.45344157317255,15.112200392856296
2025-11-19 14:00:00,28.493913438133387,361.6478280733495,27.54069749959505,71.4977868119249,9.610378469018816
2025-11-19 15:00:00,26.72485186725718,318.3973163119378,21.28559717202775,64.58589811777622,10.085062993217552
2025-11-19 16:00:00,26.106227469659395,283.50345854655717,0.0,72.03627387499975,17.63138685602358
2025-11-19 17:00:00,22.247614069089774,102.23624602585049,39.614860790924595,75.74994372490133,15.725693600184794
2025-11-19 18:00:00,21.978258841204656,0.0,28.30247385406654,79.88134427495156,16.806182593659376
2025-11-19 19:00:00,18.57280134771227,0.0,14.809742229177573,72.12726043184546,1.7723084523328776
2025-11-19 20:00:00,20.0366081067359,0.0,31.898950654165404,75.12058849225451,13.783715695208048
2025-11-19 21:00:00,16.37282339172666,0.0,21.24479464790728,74.09781896472437,12.067729481598942
2025-11-19 22:00:00,20.124175764226077,0.0,22.073608033267114,70.05069104634174,6.095739099723989
2025-11-19 23:00:00,19.913481347591922,0.0,39.09436734163062,78.0268032313809,7.779126946931668
2025-11-20 00:00:00,17.86079566729197,0.0,9.924263830142333,70.16888326292111,9.622469973792638
2025-11-20 01:00:00,15.881984956185025,0.0,45.70972929110638,83.0243563875748,6.917504335547235
2025-11-20 02:00:00,18.83625855877661,0.0,9.034707553223946,74.00452853541618,7.256934432161231
2025-11-20 03:00:00,21.559297547678163,0.0,20.059478874671044,70.47509964782165,9.156601736785817
2025-11-20 04:00:00,20.79641527720468,0.0,58.84419291099866,91.14561188921867,15.23628662970627
2025-11-20 05:00:00,22.92434308973727,0.0,46.91032142463634,81.54108572374068,9.518292128944628
2025-11-20 06:00:00,22.04724422240659,0.0,31.464059887431603,86.12112508828359,9.784253407961774
2025-11-20 07:00:00,22.83948129094088,144.50400817062837,15.892046767481752,75.80250100315968,14.891943542070676
2025-11-20 08:00:00,25.08583851570023,248.26218927442667,22.060915399501603,76.14787326678967,4.046010038061452
2025-11-20 09:00:00,23.708776072121463,268.70697078580804,31.099129718785445,75.81357551624646,12.464102088157322
2025-11-20 10:00:00,29.951401276242,353.94728047022187,30.562848485093976,80.27219889019177,13.085757277319125
2025-11-20 11:00:00,27.689133319481655,390.8327814791404,28.63693605561056,77.2236977717888,13.099161666309403
2025-11-20 12:00:00,28.804763968288785,371.26188080651076,29.537512288737236,81.4059920225559,9.471456552043257
2025-11-20 13:00:00,26.907627172141947,391.55343059990685,26.784373354423288,84.73326125057683,7.079766931784089
2025-11-20 14:00:00,25.002073865718096,427.6764787335499,8.370318965399807,68.75800432059155,16.496575079774097
2025-11-20 15:00:00,28.067052313429553,289.1657879509173,22.252338867587508,78.47034476157205,7.686635228234061
2025-11-20 16:00:00,23.716628761952055,166.28547253545182,43.719360809802694,84.34792677023508,7.717849597198511
2025-11-20 17:00:00,24.425544745764295,118.05522945302131,9.47498553673324,75.04547421361288,10.554554205360295
2025-11-20 18:00:00,23.253969382326964,52.788233282752635,27.15666732691082,75.18507552590616,8.401343798185483
2025-11-20 19:00:00,21.48000059688162,0.0,17.70369106843734,73.18909070050073,15.088400200477448
2025-11-20 20:00:00,19.157999620574817,0.0,31.67025644097167,76.17445331566164,10.522813469196262
2025-11-20 21:00:00,18.947903313544842,0.0,24.170502283997727,74.23185476887238,15.930419274863754
2025-11-20 22:00:00,17.11276603483439,0.0,52.16090497462004,80.32268900866757,14.403143925363215
2025-11-20 23:00:00,18.900260996492953,0.0,37.59874731285381,80.09216124998169,10.327095287134028
2025-11-21 00:00:00,18.378365651644472,0.0,10.322952513341829,70.08489151069926,14.97221458023365
2025-11-21 01:00:00,17.777902351424185,0.0,40.06842017420548,83.57863816006797,9.400072870570598
2025-11-21 02:00:00,17.56637071377106,0.0,18.380222156069053,76.29487037941932,9.63843856219223
2025-11-21 03:00:00,21.839334009680677,0.0,21.345054429336997,76.95597639531859,13.183889177127407
2025-11-21 04:00:00,18.442671463897458,0.0,34.70728530160683,78.5929749871042,12.641863584294505
2025-11-21 05:00:00,19.333262394465095,0.0,22.62378870404798,77.15044928501091,8.43644318122928
2025-11-21 06:00:00,22.52874687108036,0.0,43.39283724484433,80.28228488954474,6.024241080795145
2025-11-21 07:00:00,23.593988346867217,125.94326886372053,18.382349077299068,79.00420441613451,10.844543439986685
2025-11-21 08:00:00,26.56221183707749,227.69399234113064,20.71580171112955,73.03267225581031,8.127317187182552
2025-11-21 09:00:00,27.010839943260205,285.40008374548506,20.154436596778368,76.9146055013858,11.12630485764942
2025-11-21 10:00:00,27.003864927895638,331.026775602602,21.515418774674416,68.84642023573524,9.391875917700409
2025-11-21 11:00:00,28.11542289500745,275.3643061695531,46.487873333217195,85.01502905874578,9.454122339668524
2025-11-21 12:00:00,28.26217011862135,364.63856241158163,39.43194440415455,76.87235613324405,10.898972522854105
2025-11-21 13:00:00,30.19960751357867,301.45330365305955,55.64915931018106,78.87099171146355,12.488760202492198
2025-11-21 14:00:00,27.294854072463053,207.90863268635317,64.01466305848882,80.26543948597423,15.980771520493196
2025-11-21 15:00:00,25.28548827934619,346.2690707465632,14.539244521014904,67.80238065537037,12.419717969696675
2025-11-21 16:00:00,25.393406075673468,200.3630026424542,31.056286909909332,75.59770415550037,19.93050685448084
2025-11-21 17:00:00,20.525166634158087,152.94579714135023,12.356995250348504,81.55361229116396,11.18359359781406
2025-11-21 18:00:00,22.59291284205032,9.263396749589829,18.335911083775994,72.02842656040713,8.2250715174439
2025-11-21 19:00:00,22.762136632821974,0.0,20.548762346164956,64.72701417961119,10.362257560673989
2025-11-21 20:00:00,20.91819400042834,0.0,14.142676887925884,76.27527155469396,12.980426905837335
2025-11-21 21:00:00,19.487943596703435,0.0,14.221690906523795,69.11094847431227,14.724787153951361
2025-11-21 22:00:00,19.149238529216245,0.0,27.835734322196178,82.21058569565491,16.757666957714285
2025-11-21 23:00:00,19.239959022792483,0.0,11.749223724203894,71.99592828349678,6.519444010085038
2025-11-22 00:00:00,19.44684516245023,0.0,42.631904387064495,80.42090923442883,17.254291089230172
2025-11-22 01:00:00,18.346105271893542,0.0,16.23369693873729,81.3430627131766,10.627602109841025
2025-11-22 02:00:00,17.8529698491739,0.0,72.14353455144588,92.49658571432735,9.899373077221059
2025-11-22 03:00:00,16.050929239302143,0.0,23.229233235534075,71.21778367128992,10.346349894276495
2025-11-22 04:00:00,21.365667188072635,0.0,31.080264628755785,73.11892313669756,16.397033927270286
2025-11-22 05:00:00,21.96970977513506,0.0,10.569882233009473,64.47936439065391,12.357596332344768
2025-11-22 06:00:00,22.79249906673313,0.0,55.59137637191459,97.54507404557563,7.93139489414957
2025-11-22 07:00:00,22.99367001472268,122.4458361890174,46.792510212043744,77.98554062528129,7.521451876355027
2025-11-22 08:00:00,26.34873933730531,167.43050434434406,34.45373806104169,84.56018853830103,6.793505462779248
2025-11-22 09:00:00,25.795168285318752,326.94532780069943,9.797961768306514,69.96884237110977,7.563745451893021
2025-11-22 10:00:00,26.879420007525,322.5007549415724,33.160003165869306,72.9088100541296,11.967798759843761
2025-11-22 11:00:00,27.35088569848921,423.221132287737,13.178534309741174,73.34980460304521,6.154202083691735
2025-11-22 12:00:00,28.178848966577736,322.65583755179154,51.93532895210041,81.17368394982127,10.883461331295605
2025-11-22 13:00:00,25.93044925006876,307.3848035285156,42.13792097779759,84.70428627075741,17.715039796896285
2025-11-22 14:00:00,27.65548617236433,335.1827291344536,31.431585577316042,81.83149304138063,18.04281205382832
2025-11-22 15:00:00,25.19242077504489,368.7279965457929,0.0,67.32043178907188,16.201893174355064
2025-11-22 16:00:00,24.202496913993684,218.82602282911034,15.24876032011454,67.03204345456975,3.582822940823708
2025-11-22 17:00:00,25.03894902030027,67.7306311487358,40.31641697399809,74.38744163969724,18.71070964907301
2025-11-22 18:00:00,21.300504733538347,25.75463496503758,48.193255375847336,71.49094831744283,12.776452064901228
2025-11-22 19:00:00,22.44842162876359,0.0,46.63754717238197,80.96982534084589,12.643756127481588
2025-11-22 20:00:00,20.225818475084164,0.0,6.119804966378169,72.48707672787842,14.421602974251666
2025-11-22 21:00:00,16.91574805349876,0.0,34.52328460219356,74.429319350803,14.540000761725262
2025-11-22 22:00:00,20.037733321180845,0.0,45.23272824724394,76.03426652539136,4.786924251075755
2025-11-22 23:00:00,18.16774244695979,0.0,5.124966516266323,72.52566087004479,7.806383527439395
2025-11-23 00:00:00,18.066396239621476,0.0,29.881432269401454,75.65062538877518,10.029797524770558
2025-11-23 01:00:00,19.03381848627949,0.0,34.107635974626845,78.65719144414118,6.384315970836386
2025-11-23 02:00:00,20.17289256297214,0.0,25.488531227298978,75.5600746774832,15.26305404456383
2025-11-23 03:00:00,19.279833673112872,0.0,2.2175721689819774,72.95606919486033,15.866597039945887
2025-11-23 04:00:00,20.856506133209532,0.0,25.11452834889407,74.37376108108863,11.21347828820959
2025-11-23 05:00:00,21.742479098254694,0.0,25.09041854617464,74.61751175697589,12.448892136716179
2025-11-23 06:00:00,22.10830459525246,0.0,27.778913931783688,68.26948887451991,11.343815755465906
2025-11-23 07:00:00,21.78966064571356,71.03179551332063,21.547928618623956,75.9168702375019,11.47400994580829
2025-11-23 08:00:00,25.333431290800114,194.59816891504303,23.35481770137799,76.53214884371265,15.638468770035956
2025-11-23 09:00:00,27.882185699735306,305.26637432396126,29.40440576479533,76.33027633835093,4.408226077384626
2025-11-23 10:00:00,27.64249248525179,302.6318596334798,36.63681907454567,88.6220010983912,13.77625408823357
2025-11-23 11:00:00,25.99601159714061,416.62699413128064,25.433598557149992,77.32289141150842,11.319094712013749
2025-11-23 12:00:00,28.98081057130302,357.6193448455363,23.85526607447997,74.88430942663962,8.338876423017698
2025-11-23 13:00:00,26.98135093799674,361.6937149645713,31.38531057381687,80.34484984705422,9.555855348751972
2025-11-23 14:00:00,24.16452599864333,426.19029603391516,1.186261111572275,81.2862040664352,17.388794994552907
2025-11-23 15:00:00,27.412841479634658,303.9688953378635,37.15552690839687,80.4905707248669,6.547773167156698
2025-11-23 16:00:00,23.825037802643596,167.73433784450708,29.991553543155618,66.85671596161247,10.825348714607737
2025-11-23 17:00:00,26.16307472453053,118.1696614798465,30.595402898963428,79.93468227593395,18.047717267930178
2025-11-23 18:00:00,24.046138034741286,26.423294531219884,44.41101461391696,77.1496558163684,7.140031761411568
2025-11-23 19:00:00,20.963798332689933,0.0,0.7077670492762778,61.469996083379826,8.210727111141965
2025-11-23 20:00:00,20.651200413445444,0.0,0.3924919521155452,79.53824916141451,10.18886213535559
2025-11-23 21:00:00,22.169592843383544,0.0,34.107057679852794,86.6585579950976,13.355994042300187
2025-11-23 22:00:00,19.523914744230535,0.0,29.893247173072265,74.06883697708288,11.173413004597638
2025-11-23 23:00:00,18.03406351473927,0.0,32.55265414787898,74.98989841526331,8.04617855069875
2025-11-24 00:00:00,21.271239320713118,0.0,23.068093872413318,77.42717362956178,12.943014708376236
2025-11-24 01:00:00,17.838565311043062,0.0,39.965305113598966,76.93964727277749,11.595854094391246
2025-11-24 02:00:00,18.941571373865266,0.0,43.9895826448668,81.53079173685845,14.710503360464916
2025-11-24 03:00:00,17.762728076535193,0.0,37.25973440927291,77.13461427766777,15.557763009219814
2025-11-24 04:00:00,17.83820460297161,0.0,26.087573123931254,75.89415101997402,5.359420472453609
2025-11-24 05:00:00,20.847100923199505,0.0,0.0,63.901158884788806,14.132519205769324
2025-11-24 06:00:00,22.565269637924043,0.0,41.53854312055692,85.18433697172237,11.058410400329898
2025-11-24 07:00:00,24.237477013490388,123.01892771361874,48.32592999326389,88.51480614429154,15.717139715351287
2025-11-24 08:00:00,23.169636767438448,211.88549025680598,39.668376179759704,79.99062858395696,13.958908668954335
2025-11-24 09:00:00,26.909749652931037,327.72045562415065,16.805363589487403,74.0336659300618,18.25659721884054
2025-11-24 10:00:00,25.765964965910378,287.5679226426781,40.106915905016365,83.3576193245412,12.030362093672045
2025-11-24 11:00:00,28.13632292690305,309.0869980413876,42.90794561942168,80.5660436900145,10.532135089728175
2025-11-24 12:00:00,28.730743555941714,300.8614507105789,53.38224371698628,91.73376864002236,10.617247560349725
2025-11-24 13:00:00,26.830806442621892,425.8822145769309,16.858351136580637,67.65815253586624,6.6945414098740885
2025-11-24 14:00:00,25.592501535219284,306.1524168238069,26.603181231837922,81.16662987608579,14.56256692628591
2025-11-24 15:00:00,28.057617146776423,261.5919160366419,41.20908076715183,79.5726157942622,7.654776173662233
2025-11-24 16:00:00,26.150124850833922,226.874129475011,30.861151071572365,72.23670657187961,14.74037038049998
2025-11-24 17:00:00,24.007003587759204,131.46066925756233,13.24008596923088,84.99441466853915,9.76801495861935
2025-11-24 18:00:00,24.42429522102878,0.0,36.21924427540054,91.36716864827483,4.75806108765102
2025-11-24 19:00:00,21.329484143900533,0.0,38.6799245072275,79.48120881808282,17.887082425500395
2025-11-24 20:00:00,19.20867975499192,0.0,31.31944344496503,81.22218563820374,0.0
2025-11-24 21:00:00,17.677592538627646,0.0,33.29377390769916,77.36587328359595,11.337653537026307
2025-11-24 22:00:00,18.04507323336304,0.0,26.11941147471405,76.32161767085165,12.241805384229616
2025-11-24 23:00:00,18.6889466181757,0.0,52.17418403574089,78.62770808395126,3.3845171715253795
2025-11-25 00:00:00,19.284659705468663,0.0,16.48961724430985,68.87839440002493,12.589495877564968
2025-11-25 01:00:00,17.678906875227977,0.0,21.19018855854332,85.91646096796542,8.380357719865783
2025-11-25 02:00:00,19.72490811322269,0.0,30.164782702912884,78.43862003956342,10.514164208395695
2025-11-25 03:00:00,18.66388855894312,0.0,43.18431041551339,82.299418954494,17.531257980161964
2025-11-25 04:00:00,18.96189530157589,0.0,7.539402448581949,69.03797522013068,10.947850608353784
2025-11-25 05:00:00,19.485670296375392,0.0,10.345548753518411,74.66338765528857,9.115024312107606
2025-11-25 06:00:00,21.819860774784075,0.0,0.0,63.25805002453671,9.318161637019656
2025-11-25 07:00:00,22.122813295656552,135.72178483489785,30.490428378799063,74.48549228796105,18.628935262171343
2025-11-25 08:00:00,27.59033784637576,235.9832623730623,13.225412741901842,67.21892894859971,12.27972352195872
2025-11-25 09:00:00,26.58459198596339,288.26587993168664,24.231748349731248,82.58466888315091,7.676536416356166
2025-11-25 10:00:00,26.683800440837086,301.796588790566,39.92067284837562,71.76810632732835,10.042764765750276
2025-11-25 11:00:00,29.54620414832309,367.4040558031499,20.3768591882573,68.81620668871,6.258557023461563
2025-11-25 12:00:00,25.785025146165545,412.2130811223209,33.46923034115047,68.31160745595128,9.866620962638844
2025-11-25 13:00:00,27.129316170609375,385.0990556311275,25.50993138372417,71.90802376035023,17.707070767572453
2025-11-25 14:00:00,29.407675674483116,320.27017043569145,40.08171472644655,77.36167242587331,11.338750926689096
2025-11-25 15:00:00,25.82625397301917,275.57554293325563,37.12692101022013,84.34669404189772,6.508294577832387
2025-11-25 16:00:00,28.158830637754388,182.84238709528537,19.62099455738085,73.62143484633327,12.704759460369912
2025-11-25 17:00:00,24.793354242615106,80.45594992403304,27.47022369899321,75.14561824419623,9.8031990334613
2025-11-25 18:00:00,24.175676407050403,38.675497676387394,45.65615096580741,83.33722689861919,14.528447756086162
2025-11-25 19:00:00,22.919240770807228,0.0,35.90065305381145,77.3727615334297,10.825437581805595
2025-11-25 20:00:00,19.98005592415095,0.0,9.045569133733029,85.36392320826502,16.233359759974388
2025-11-25 21:00:00,18.307763655921516,0.0,39.83427091757074,78.30738606469461,8.349129540295706
2025-11-25 22:00:00,17.997773291061772,0.0,13.730840663456426,76.85160308505375,6.025893115603538
2025-11-25 23:00:00,16.365331340075446,0.0,51.187696049415095,88.52440322812069,16.309786367756146
2025-11-26 00:00:00,17.35619271583615,0.0,45.36148259761537,79.68837172080772,4.253851036354332
2025-11-26 01:00:00,17.606587468571092,0.0,34.348282138776014,80.82294407761512,11.029682532793837
2025-11-26 02:00:00,20.307822939027655,0.0,32.3584926515429,76.5892224632198,14.820381461674552
2025-11-26 03:00:00,19.677668982047866,0.0,26.8645161595887,79.18458273232343,2.565640526476747
2025-11-26 04:00:00,23.013347289157817,0.0,40.17785927100042,81.14708367965338,12.267465269355423
2025-11-26 05:00:00,18.340441911585145,0.0,24.438327458069075,76.70710062598543,5.2381221433682
2025-11-26 06:00:00,20.85978765399596,0.0,33.53354805959841,73.52660108445329,4.297300109885603
2025-11-26 07:00:00,23.27409076358251,52.42623158257244,43.079015497791765,90.64711424594488,7.890186265398869
2025-11-26 08:00:00,26.88218726725335,203.97996291099764,21.572901847116157,78.34289356256986,10.345075171760195
2025-11-26 09:00:00,25.83502800959927,376.8744279387887,20.75710890013958,67.42083626088831,8.21435328296349
2025-11-26 10:00:00,24.86389659661045,392.87733121578964,12.084517789133116,71.23969700776976,15.032492883008128
2025-11-26 11:00:00,26.95291182848657,412.5207673433067,14.032908808107416,65.66831028222165,11.031190801898624
2025-11-26 12:00:00,25.885066728953493,461.6605233930388,2.5740703283774664,74.62116440297599,8.172879107151399
2025-11-26 13:00:00,25.459860096885475,383.2687343003615,40.94743183523295,80.3589654319045,6.80775606231239
2025-11-26 14:00:00,29.37054764590715,275.4407533402817,57.133718131241565,83.94823626173788,13.753122263255836
2025-11-26 15:00:00,25.520386843282772,257.19162594240913,51.37993415205459,78.85508938104552,20.804592441356533
2025-11-26 16:00:00,25.16704318567815,244.26549681830292,5.6087326706022544,70.09930675847957,7.46877064393437
2025-11-26 17:00:00,23.615196438228978,122.24463130101506,40.872820073343,84.66184605566616,9.701433825972732
2025-11-26 18:00:00,22.1150001520439,0.0,51.33159524885335,88.84480954864564,8.323721340471064
2025-11-26 19:00:00,20.054989896548356,0.0,23.14785028892004,81.06081968747161,15.894109953255818
2025-11-26 20:00:00,19.53811947861174,0.0,31.52171145975074,71.23887562056544,15.284107839799862
2025-11-26 21:00:00,19.34481668018354,0.0,0.0,70.21769736524904,8.214915830911254
2025-11-26 22:00:00,19.95604335079583,0.0,34.00104251964962,80.8234214136835,9.303875390316021
2025-11-26 23:00:00,18.84398166010984,0.0,14.046604058479238,71.06117581884703,6.926917713544126
2025-11-27 00:00:00,15.822478037514808,0.0,32.99452526867272,71.63018097699424,10.492479678958246
2025-11-27 01:00:00,18.86272801646866,0.0,6.581956167166794,66.43292710806097,14.408613920807882
2025-11-27 02:00:00,18.695207400269805,0.0,38.142873367163936,88.28031107526269,12.073243852156446
2025-11-27 03:00:00,18.059593797476133,0.0,45.367690131400344,76.72567655653195,17.418973719180823
2025-11-27 04:00:00,20.143991229248954,0.0,18.252302074272485,75.82928032616879,8.031970692883245
2025-11-27 05:00:00,21.85714311743868,0.0,12.946161278843483,73.22629387704207,1.396439764734703
2025-11-27 06:00:00,22.468433836376153,0.0,0.0,69.91082653588687,20.421341733664335
2025-11-27 07:00:00,24.325676564122755,139.1063273075775,26.003796988872345,75.3027904285115,12.158522571752844
2025-11-27 08:00:00,23.785428682205474,222.97141749104756,21.276090985775923,79.7468935113683,14.177909039120381
2025-11-27 09:00:00,28.53348056765962,380.94123059470445,6.734708814779179,71.6317197138058,7.186674193127239
2025-11-27 10:00:00,24.229321875456915,328.1638700716118,36.79528134468258,76.4861487550723,6.389591510880207
2025-11-27 11:00:00,27.98810072597834,405.75528732559326,23.25044427203026,75.9211150802868,11.781515775146335
2025-11-27 12:00:00,27.884057506119834,451.40065948585203,13.863960620321514,66.94566071011091,2.7264366924429897
2025-11-27 13:00:00,28.072720547138985,371.4140836377663,21.681413915393293,77.63916838304694,10.0158256510001
2025-11-27 14:00:00,25.81651056598587,311.13614246191133,46.06956808394423,78.29008118440726,16.392724232913697
2025-11-27 15:00:00,27.462755046972127,190.93214806697426,39.04405415632833,76.5747445181878,13.746085545789853
2025-11-27 16:00:00,24.76689011802461,182.9941279202465,28.049609077522653,79.9126064370818,12.422088485588512
2025-11-27 17:00:00,22.159280808928106,92.61520262154298,39.28657527697279,78.5111721248702,18.93928628095288
2025-11-27 18:00:00,20.98401149944767,0.0,12.586320654198914,72.29389766582322,12.130683595058649
2025-11-27 19:00:00,21.275286368182677,0.0,30.48555151090546,84.31824609907237,3.9065735014257035
2025-11-27 20:00:00,17.831787023706475,0.0,32.20983495729706,74.56175201790714,11.014211497205437
2025-11-27 21:00:00,21.21238887674883,0.0,22.952452372519097,79.09817977018119,18.84889443457792
2025-11-27 22:00:00,19.44073564998965,0.0,36.53187503936127,85.01447854894676,10.58884653007377
2025-11-27 23:00:00,19.95253348986737,0.0,18.29349818033323,81.46498051646144,18.37105901581517
2025-11-28 00:00:00,19.61179514439478,0.0,37.64731061664177,91.40265847671255,15.976941892634102
2025-11-28 01:00:00,17.086837072865798,0.0,38.27788157296938,77.84574363992165,10.279990789787918
2025-11-28 02:00:00,16.91368928818579,0.0,0.0,67.17326744029647,5.678014692471202
2025-11-28 03:00:00,15.35730621580703,0.0,47.85458555265177,87.79612771283776,13.752304225318678
2025-11-28 04:00:00,19.345840246192353,0.0,0.0,75.84932953240794,15.082000085323822
2025-11-28 05:00:00,23.375198095627344,0.0,20.759264616658122,71.77986320103327,4.7234093521818945
2025-11-28 06:00:00,21.297738753806843,0.0,45.38022051386633,84.62441677154364,12.75056097286024
2025-11-28 07:00:00,23.39514254074293,102.70880865778652,25.24069912121339,90.4719377026875,3.0964823067321188
2025-11-28 08:00:00,24.153003284745463,222.97279146381743,8.007210262956871,72.95217410455972,9.041996537811865
2025-11-28 09:00:00,26.396972214175978,364.25927078859115,13.59394407424994,78.10643421101045,4.0607659554096625
2025-11-28 10:00:00,28.375981716954005,288.5112326249159,45.40358619480929,89.02818621915887,14.519122543661013
2025-11-28 11:00:00,25.202599937229678,489.95791153919214,1.1774320417704267,83.08269876787742,7.302879696392646
2025-11-28 12:00:00,25.62183583243344,314.0757634793669,46.934866514430254,83.16893941022093,16.97888841502202
2025-11-28 13:00:00,29.136179791055213,394.0357025677416,29.17346851436566,83.2381078891859,9.296706531130745
2025-11-28 14:00:00,27.657058564262755,353.4281793787227,12.114070043363498,68.98748814489691,8.079414532500984
2025-11-28 15:00:00,25.57228378473295,283.9882273828447,21.253273915459634,75.65188063352343,4.602001620278904
2025-11-28 16:00:00,27.093152199057542,190.23103230058467,14.741634883475381,71.43917351651132,12.301281771311178
2025-11-28 17:00:00,21.89350228175894,73.24612598591764,42.993378012877926,72.08761582520877,14.118072706250043
2025-11-28 18:00:00,23.584522147101552,31.261751005776816,40.98641714644258,72.74375710043401,15.808298294918933
2025-11-28 19:00:00,20.99113984151741,0.0,4.2125829918593,74.10463763588362,12.831434465793745
2025-11-28 20:00:00,20.66245159536997,0.0,23.94611822220999,79.1856064461616,12.802384842968483
2025-11-28 21:00:00,15.73511295685762,0.0,17.052215064835842,70.74464392238175,13.236015392452543
2025-11-28 22:00:00,17.704903221768365,0.0,49.402649526890556,91.53185370911685,15.25745727608756
2025-11-28 23:00:00,18.50215120795515,0.0,9.748513228103686,68.16189764027247,14.118052955660701
2025-11-29 00:00:00,17.25966385320313,0.0,54.06343657027521,86.26325436213068,6.5928830193894425
2025-11-29 01:00:00,19.144251110312172,0.0,29.500578907245938,76.47730977353814,9.627756692401647
2025-11-29 02:00:00,19.600212627477234,0.0,12.570983904298686,74.7874542030412,4.136319738281245
2025-11-29 03:00:00,17.5603265183969,0.0,19.840887239860834,80.86883916526995,12.320579327640711
2025-11-29 04:00:00,20.91318358385019,0.0,17.975717388473242,79.19366189109405,17.418623870716146
2025-11-29 05:00:00,19.757436457207092,0.0,10.88072396976741,77.34577684271805,14.129401652415641
2025-11-29 06:00:00,22.41221321061759,0.0,31.422402895955635,81.44454687947986,9.142910003765438
2025-11-29 07:00:00,24.489055086728918,141.48644435150152,11.58126673962235,66.90823621318239,12.600717383420985
2025-11-29 08:00:00,23.75612532647765,273.85652758472344,0.0,76.15922935727673,11.395760711022492
2025-11-29 09:00:00,26.900531084282843,273.6322809873745,24.304852937277403,70.78969110286081,12.147761271514321
2025-11-29 10:00:00,26.015157686041128,363.0438540677781,2.957157053731759,70.35684515127686,4.934474551400031
2025-11-29 11:00:00,26.416715482925696,394.1969578311128,18.717586978987192,73.01025481563065,16.19642172101048
2025-11-29 12:00:00,28.26063941571804,447.52345032929713,16.36345667094966,75.65238471849341,6.105811571529748
2025-11-29 13:00:00,26.084857441773305,415.45055486954436,16.931758919612786,71.9466348817595,9.379613820251823
2025-11-29 14:00:00,25.51923404586658,247.5678606944577,60.01444652385231,84.43317346000727,16.8372894113854
2025-11-29 15:00:00,27.231029895088252,257.74452903865216,30.84617350754356,85.77122908416949,10.048643769527692
2025-11-29 16:00:00,24.983117434618823,211.88385712324703,33.680565134929985,72.24640680262033,12.001234495462796
2025-11-29 17:00:00,21.745733018734732,132.67725482313594,3.3540255548655793,71.61431427739879,10.646125586329998
2025-11-29 18:00:00,23.454326929021082,14.661586809095102,20.19055299544617,70.00885338817045,11.273181261200744
2025-11-29 19:00:00,20.519316309687326,0.0,33.22953944912268,82.65123561366055,12.121698059695172
2025-11-29 20:00:00,18.018075795686503,0.0,14.632066306304903,71.37166114483858,11.587278133528603
2025-11-29 21:00:00,15.546949716673542,0.0,43.620942652769784,82.81587540695024,12.479857617534664
2025-11-29 22:00:00,19.186304704336347,0.0,11.959551211484548,67.53861742753989,7.016025602601271
2025-11-29 23:00:00,16.394470519726024,0.0,25.704507962022365,84.47465556852089,5.085056595472354
2025-11-30 00:00:00,15.694421842162402,0.0,21.20922540036662,77.36209265837894,15.052977014773186
2025-11-30 01:00:00,18.313014592906903,0.0,32.46480989072874,80.10807785573536,15.798355497941493
2025-11-30 02:00:00,19.02882210112977,0.0,20.39264892216861,80.43914702043956,12.369526375668745
2025-11-30 03:00:00,17.7526522407447,0.0,25.93659559393594,71.61420843105442,12.613321147663918
2025-11-30 04:00:00,20.997852902338227,0.0,26.458048623330217,74.43972267674913,7.662149653177946
2025-11-30 05:00:00,23.688685616784916,0.0,18.984183639130485,76.09301387516396,1.1948677875008666
2025-11-30 06:00:00,24.06208229711288,0.0,37.27640802745669,70.94984794625614,10.869066498120166
2025-11-30 07:00:00,25.1538894941191,93.30937417090801,33.57582562256138,70.39773955555943,4.089382538547471
2025-11-30 08:00:00,25.219787903622745,166.65029249287383,28.67079082120249,73.32841789247803,12.171138326204751
2025-11-30 09:00:00,25.270120283595592,259.85098141027987,23.543124998070628,70.4402749919019,16.39411296077289
2025-11-30 10:00:00,26.568895195006867,244.61491362251476,41.94816045779996,78.83238910059644,9.632853772498859
2025-11-30 11:00:00,27.714013261057385,305.6914029809174,26.46248634278728,79.12068030456592,9.088342717758358
2025-11-30 12:00:00,25.676654498599085,397.63716859993923,25.39954068261094,80.29778863129404,7.246666557598999
2025-11-30 13:00:00,26.140852696407396,424.4229872675954,31.57035044832189,87.06851294979603,11.755525684846834
2025-11-30 14:00:00,24.78547187789529,301.0931395700084,55.44880024456276,84.08125705967448,12.6395187174049
2025-11-30 15:00:00,26.152696559762028,297.4021248742021,9.894656879681943,73.37255372779823,6.418210615985728
2025-11-30 16:00:00,24.91939014396465,175.96586208747078,41.547853395830316,80.57465201668323,15.727690809461194
2025-11-30 17:00:00,22.756994005253862,88.70215160641811,1.602432581428424,72.63840036793484,20.88960085393105
2025-11-30 18:00:00,23.37806901184412,0.0,33.259097373429356,80.84990103320476,16.422390275091253
2025-11-30 19:00:00,19.65934434363105,0.0,53.62624241413096,89.11824774939335,12.238895234008236
2025-11-30 20:00:00,18.914634882620042,0.0,37.330027867009605,85.13635299238122,11.376331247361232
2025-11-30 21:00:00,19.790570569303977,0.0,32.55937617809689,81.81807482335837,9.57373195672065
2025-11-30 22:00:00,19.188753540092243,0.0,21.593257967953868,84.12086556924369,8.942971167318063
2025-11-30 23:00:00,16.447346849883616,0.0,30.465708007328313,79.33311027254382,15.355911970879106
2025-12-01 00:00:00,17.583889764991444,0.0,26.219057768949657,74.90934248100079,15.317780688522788
2025-12-01 01:00:00,16.440155834367147,0.0,18.21035088102967,73.89633908466321,6.232399502927809
2025-12-01 02:00:00,17.695565966252545,0.0,25.651865767876952,77.27945731232015,12.747854938090235
2025-12-01 03:00:00,18.933689085289526,0.0,32.975717409396594,74.03570058439115,16.093287514070767
2025-12-01 04:00:00,20.510710437285944,0.0,18.491743972040396,72.5294916216516,9.523859119023324
2025-12-01 05:00:00,21.400965870853668,0.0,17.905772689729737,69.61711014979525,10.049153376221959
2025-12-01 06:00:00,22.637345421527545,0.0,9.596348436117385,74.77328660397505,13.26374812839644
2025-12-01 07:00:00,22.174281766098726,47.25129848875778,35.860875391333444,81.45818207855929,14.690715436994722
2025-12-01 08:00:00,25.286994009924978,176.02844134442796,38.17984892950591,70.9573379969259,13.625225764843671
2025-12-01 09:00:00,26.534153241313156,231.5580692322679,33.47490666354776,75.16819296347852,12.69066035400586
2025-12-01 10:00:00,27.507976286860693,330.10468417572855,44.47755739092999,90.16913713430469,13.778228244891618
2025-12-01 11:00:00,26.17648727695842,351.75987685871064,31.318014556210912,81.10193058655649,10.455031564405008
2025-12-01 12:00:00,28.47249568038392,380.2716956398225,35.88016406048635,81.02084917828996,7.323144141876447
2025-12-01 13:00:00,25.399458189960697,382.5380535398889,34.55756138456344,75.5582053314817,5.501420168928936
2025-12-01 14:00:00,26.052297797490162,312.61047567353364,28.62689970872688,78.73529302775438,13.813590705471862
2025-12-01 15:00:00,25.459593477775556,292.89341816959546,22.03767257805529,75.6679295309072,11.534671969936777
2025-12-01 16:00:00,23.141102597570942,147.77808637503605,63.21228923687867,82.39817512976157,14.982692797944349
2025-12-01 17:00:00,23.19840528938159,108.33099546821299,23.220735302197372,73.90647560677515,7.845519598915674
2025-12-01 18:00:00,22.57015956747347,9.027518982745503,20.011834333193455,73.31116755448461,11.41093549166678
2025-12-01 19:00:00,18.61463531692929,0.0,36.510147351751606,72.9419752353682,12.140067471860448
2025-12-01 20:00:00,19.26913947992313,0.0,33.77781622942508,72.98624680638356,16.80492008638297
2025-12-01 21:00:00,16.473779260950174,0.0,8.928126785845087,72.81362089195048,13.853426064795089
2025-12-01 22:00:00,20.606107779515067,0.0,46.84017381845608,78.42913683077134,9.382166790957136
2025-12-01 23:00:00,17.72884382939407,0.0,28.5870813697375,77.03285308571165,13.44756583920536
2025-12-02 00:00:00,17.41802284452917,0.0,13.33603357176419,66.74304075814572,7.679235815356817
2025-12-02 01:00:00,17.7265110792604,0.0,47.83176171530811,87.3555938023258,1.9396685995456373
2025-12-02 02:00:00,18.710194576407744,0.0,39.38513357394231,91.49215141462624,18.87306092684805
2025-12-02 03:00:00,19.990512174401008,0.0,11.031870120781289,78.94636870154042,9.051874492346975
2025-12-02 04:00:00,17.721824668089795,0.0,56.65774260386587,91.20883542655464,16.990739600815115
2025-12-02 05:00:00,22.66358042669104,0.0,39.88196052549289,83.75156555737294,9.348725816567235
2025-12-02 06:00:00,23.87401765777129,0.0,29.84705826562431,79.25859112347092,8.26295918281733
2025-12-02 07:00:00,23.462289406946656,100.87504599393179,53.85328208432669,84.42659161334119,10.506292640278776
2025-12-02 08:00:00,24.6000974776607,174.93887348501775,32.38946675744461,73.88471900296769,12.63007063594184
2025-12-02 09:00:00,21.7563896458703,238.27185430241138,29.57875387343952,81.63150882661715,12.183523963042187
2025-12-02 10:00:00,24.96738328360899,373.61069171637865,20.095498259670165,78.48230931811094,12.995561694266705
2025-12-02 11:00:00,27.758577966136304,335.1885762591303,38.72775658960618,77.2531045210723,9.950912123789424
2025-12-02 12:00:00,28.81524748175172,327.6494829304885,37.1490445098597,81.644994419757,12.019160515008208
2025-12-02 13:00:00,28.031561905746035,381.44351229944033,30.22020209834567,73.93058973730643,8.138325478984028
2025-12-02 14:00:00,26.486142208959276,402.9195567412203,18.150204691985955,71.46335299851032,16.784701804663236
2025-12-02 15:00:00,28.293613192220576,225.07892954998638,31.94894781249111,81.66872171971468,6.3414448278406175
2025-12-02 16:00:00,26.061172998826137,218.73471150707812,28.953018213567933,79.53171577132748,8.15976837668766
2025-12-02 17:00:00,23.03656565669309,53.63758506696705,9.997885218986983,71.9342647725596,8.806197384468284
2025-12-02 18:00:00,25.091188623088296,0.0,7.922814730137215,70.52869461509157,19.951868174386362
2025-12-02 19:00:00,19.535332144917675,0.0,38.47730068214654,81.61288909532962,14.991190423106083
2025-12-02 20:00:00,17.841052488850167,0.0,0.0,62.19683938301474,6.585682353493777
2025-12-02 21:00:00,18.171473866355026,0.0,33.0811579044189,75.80572130691365,14.942822287638258
2025-12-02 22:00:00,16.938085525199906,0.0,22.828754133692634,70.89093013956403,13.204757365606367
2025-12-02 23:00:00,16.950404545270548,0.0,49.62369910319865,83.97262943231,13.576162887137608
2025-12-03 00:00:00,18.2655773637335,0.0,22.597976862691866,82.40274991442406,13.913155120673478
2025-12-03 01:00:00,17.354256883880627,0.0,39.89226321377844,83.80572086825234,12.226899249337821
2025-12-03 02:00:00,17.887146641584135,0.0,24.046292381433126,74.8210112585874,11.885505528033995
2025-12-03 03:00:00,18.768984813550887,0.0,31.70622230229215,75.62822363463216,5.373601330948607
2025-12-03 04:00:00,16.722036317544827,0.0,41.05254796380077,78.03549955242642,17.825023130970763
2025-12-03 05:00:00,18.96412557260596,0.0,23.061664255131298,86.96888284566627,9.363062867619208
2025-12-03 06:00:00,21.7271548133538,0.0,44.948323267476056,82.3683190774126,7.298513123864715
2025-12-03 07:00:00,22.426347242172593,140.37050931778418,15.094531843402752,75.45843557596905,8.737432094453242
2025-12-03 08:00:00,24.426735725122096,183.86188604835883,34.41889263837569,68.43506467128536,9.86472719320051
2025-12-03 09:00:00,27.588960257835303,222.07175059486977,43.83959584181779,74.96686199981072,8.987038199871314
2025-12-03 10:00:00,26.461402130723084,287.8838133410726,39.90056237685502,79.83504586525468,15.105627718671776
2025-12-03 11:00:00,25.338869906817507,258.2795879831156,58.74667315103115,82.44502745389582,16.834106138882518
2025-12-03 12:00:00,26.197029734967973,409.62041246175255,18.548410240340093,75.42283850093813,3.090622802195817
2025-12-03 13:00:00,29.28143727154732,406.4510646034621,9.31276122977118,72.58536907178679,8.406534422012491
2025-12-03 14:00:00,28.55042864023096,368.9402898417231,15.08497337257321,76.5409402822105,8.981829857879363
2025-12-03 15:00:00,26.538234030688333,236.63155745284092,39.906638498226556,70.70011631258926,11.306750486634055
2025-12-03 16:00:00,22.69683146650812,158.95865765704258,37.46884401404068,74.48654336735717,18.698710243031698
2025-12-03 17:00:00,23.921001099560048,101.29641412756999,31.53384989471124,77.84725066902067,8.322377890381468
2025-12-03 18:00:00,22.72686568730796,5.997237002954014,13.15564426339305,70.69286517116865,16.90743076791811
2025-12-03 19:00:00,20.96716650380676,0.0,41.50300939993591,79.72928944536004,11.490312042144884
2025-12-03 20:00:00,18.98704508611988,0.0,11.629428335241894,74.6544374276093,16.868382220201607
2025-12-03 21:00:00,18.221105195448647,0.0,47.3842437356535,79.43822996883868,11.125384372205664
2025-12-03 22:00:00,17.066303060146662,0.0,72.86157634709798,90.66679924071912,11.930752011834366
2025-12-03 23:00:00,15.909834181099976,0.0,35.49676719857326,83.25763932920216,11.68428902175468
2025-12-04 00:00:00,18.978870421363347,0.0,38.74662203486615,81.21522028600194,17.10633396690438
2025-12-04 01:00:00,18.520465037347893,0.0,22.60710346656661,80.52734500762038,11.7636205497866
2025-12-04 02:00:00,17.502550940974135,0.0,2.8468001836977557,61.27161048638274,10.979349958350682
2025-12-04 03:00:00,19.125384130199993,0.0,20.959209554546664,73.49082000555609,13.594751243459143
2025-12-04 04:00:00,20.209697392762326,0.0,13.606571383518759,78.88184278148337,7.1614353813381015
2025-12-04 05:00:00,23.95473963524091,0.0,8.294931353774764,68.20875652830495,11.761499001676695
2025-12-04 06:00:00,23.33742552044505,0.0,55.83539912993474,79.50794065619259,10.27917767421396
2025-12-04 07:00:00,24.58238196511377,112.54574531603868,34.0929377703866,78.25453619830293,17.589708263501976
2025-12-04 08:00:00,24.752461552244764,193.5494872178327,35.695313709209756,79.1743640405828,13.459414006463357
2025-12-04 09:00:00,25.17386899525414,265.9029482334731,25.36466452205626,73.94160113336383,14.039139142713186
2025-12-04 10:00:00,28.33073658263692,364.03005136113103,27.406933763348455,85.86999212588486,3.2130389338163887
2025-12-04 11:00:00,27.880669119536012,298.19696420682726,44.46826023359,82.41741845948155,15.050340713562056
2025-12-04 12:00:00,26.124681694983913,415.9698996381857,29.51494321957177,72.99561914507011,10.765584227175571
2025-12-04 13:00:00,27.62274188734176,326.5141938833541,37.96040907037099,72.19915379482761,6.149388095345332
2025-12-04 14:00:00,27.62181516912388,326.6421064912547,27.05993553232476,78.69959431772494,11.73291414726806
2025-12-04 15:00:00,23.014039898006647,254.6126573157783,24.867706639019293,72.181926962676,5.1702340903485275
2025-12-04 16:00:00,23.503983404894562,203.8184004482869,8.89628751597207,83.51157088032188,12.88892869698742
2025-12-04 17:00:00,23.968775734619115,114.46761866036532,0.33376406449307794,72.67783867712238,15.752572353316936
2025-12-04 18:00:00,19.70128654027725,0.0,26.076571484003974,80.41380974682185,4.141551985725861
2025-12-04 19:00:00,18.613020494091145,0.0,30.84745037989849,80.21334536355502,11.422445803979521
2025-12-04 20:00:00,19.35148597274209,0.0,10.708049449368136,79.43213664596472,9.87583954566885
2025-12-04 21:00:00,19.30655986614532,0.0,29.48287702448051,66.54799180399836,3.515859974641028
2025-12-04 22:00:00,18.572078035303893,0.0,30.80628844485753,72.94941023600964,15.20633044503212
2025-12-04 23:00:00,19.43057652230819,0.0,0.0,76.3061035567311,12.502841739613915
2025-12-05 00:00:00,17.286475550311472,0.0,16.273130107807482,83.02821075359513,18.9180103046005
2025-12-05 01:00:00,16.865454655111105,0.0,36.10895840603203,74.37101127235074,13.79011760862731
2025-12-05 02:00:00,16.14983801513111,0.0,35.805880940936156,71.4858387027533,8.27429507751542
2025-12-05 03:00:00,18.14398268876724,0.0,12.694876254003592,75.33973059527068,12.69208756924288
2025-12-05 04:00:00,20.59932059645087,0.0,32.376720757496024,81.48134419366959,16.75806443461434
2025-12-05 05:00:00,21.863976135075774,0.0,45.33610838040708,82.84134256073084,10.40732598595205
2025-12-05 06:00:00,22.523537204802164,0.0,41.65609438486347,80.78734763577305,15.492460733403512
2025-12-05 07:00:00,24.184877137450858,107.2818906914535,28.570713194790983,68.30567148504358,2.0088989079030757
2025-12-05 08:00:00,26.338831122852092,207.15204972399792,22.980355300135614,73.96921346118546,17.04928579830555
2025-12-05 09:00:00,25.812919798043808,323.76393030337516,20.559832734982436,74.18851505909322,14.229543620147172
2025-12-05 10:00:00,28.28717400405262,334.0618991823073,37.017296743644856,76.32004707773733,1.6733869730709188
2025-12-05 11:00:00,26.064520736411314,417.1340801747997,32.92655959714332,68.7782696543557,13.176952177699683
2025-12-05 12:00:00,27.084254138152485,345.46062607530814,39.441060091533004,82.77130956878432,4.026039606525079
2025-12-05 13:00:00,26.384078428681917,353.8570416084331,31.97810719681728,82.4157274428421,9.154565334760349
2025-12-05 14:00:00,27.54017618623803,259.7756288201129,42.28145925521163,76.5161155823948,14.829545213754779
2025-12-05 15:00:00,24.39623662141898,282.5895254750905,31.4188879943655,77.31542846472706,11.02684001629803
2025-12-05 16:00:00,24.261237377900585,172.59469617443858,41.7703307419753,78.3688393712787,17.114967727371884
2025-12-05 17:00:00,21.05604828349828,102.9343702447216,43.062341555499586,79.22121681414882,12.40805554208295
2025-12-05 18:00:00,22.952221407295944,0.0,17.932100546627797,77.5560213535964,10.746806296275526
2025-12-05 19:00:00,22.506264628985647,0.0,2.8778392969388094,73.98011488967252,14.537871096757641
2025-12-05 20:00:00,20.86345283274525,0.0,53.1523928402183,89.5824364748305,11.307233212539657
2025-12-05 21:00:00,19.7004144876331,0.0,33.849880960683926,84.82705316713984,11.591828843393923
2025-12-05 22:00:00,18.940625991906867,0.0,4.282711567558177,71.42055352699599,10.640811681190666
2025-12-05 23:00:00,18.25950534157724,0.0,19.292707541719334,90.34477326475721,10.694630077488506
2025-12-06 00:00:00,17.9561195200018,0.0,41.57811438554742,89.50087045753043,16.7197775191742
2025-12-06 01:00:00,18.21036357421577,0.0,25.804847533006605,74.47895766457559,8.623035274813033
2025-12-06 02:00:00,16.97489142294188,0.0,22.319078710213095,77.71652989707304,7.794728603200165
2025-12-06 03:00:00,18.36161982823536,0.0,51.0132279046945,74.1199973557031,8.3039398519405
2025-12-06 04:00:00,19.748721449664963,0.0,14.290692804242843,74.79665314774566,2.1472063538847586
2025-12-06 05:00:00,20.426893304921926,0.0,18.027699633677493,83.8613647255104,16.836353295286035
2025-12-06 06:00:00,20.121202683898606,0.0,33.170797125724015,93.2310412306875,8.05539322151167
2025-12-06 07:00:00,21.845988753294378,60.0657604453797,35.85682398080824,79.13091502038492,10.838460162928776
2025-12-06 08:00:00,24.95637416027441,171.32518631649708,37.44514551511097,81.34224217990162,18.104201666597415
2025-12-06 09:00:00,26.870447798015128,255.71754930925542,43.6685706685342,83.96313564192818,11.615880390431137
2025-12-06 10:00:00,26.499676711573706,272.9777428646342,32.97867931022275,88.21823617843665,13.706551657543145
2025-12-06 11:00:00,30.58130276259969,332.748572740772,37.34075908407614,73.88312266664136,6.184667611903435
2025-12-06 12:00:00,25.961714051542046,379.65420100474455,26.11186111027375,89.96127341343393,16.89901096180442
2025-12-06 13:00:00,27.565459126874643,402.56726643573535,30.940474548550714,76.06494033426772,11.060631547668184
2025-12-06 14:00:00,28.166095623510365,334.2805011045505,31.613012700804518,71.8775691370719,7.507473234833946
2025-12-06 15:00:00,27.078319374191885,230.763374081895,33.22647203728554,76.71856408358019,7.585227655257943
2025-12-06 16:00:00,25.5089921310509,157.79426488447214,41.58809711374141,76.57265043029585,18.83930833356791
2025-12-06 17:00:00,24.842830602251244,129.59052356926878,38.327185229172464,82.00165017508107,9.571650969580382
2025-12-06 18:00:00,22.229417862698906,17.859132919350653,30.663255043502748,70.1194303933012,7.546784847012521
2025-12-06 19:00:00,23.025056253498008,0.0,17.863110225884405,75.77021930875094,9.160877667870805
2025-12-06 20:00:00,21.325512049004438,0.0,31.01506887094064,81.92478510715004,11.732243046912563
2025-12-06 21:00:00,17.51397542388745,0.0,29.579733226563842,86.23200695560566,12.086264426600113
2025-12-06 22:00:00,18.245316510746406,0.0,32.897723697197975,82.94066388578565,13.422316579936307
2025-12-06 23:00:00,15.316290460913647,0.0,63.09787960710603,94.63339872763117,14.093938137579872
2025-12-07 00:00:00,19.115036592347096,0.0,22.14340832188147,73.69025822807716,13.695725276617127
2025-12-07 01:00:00,17.59858266903659,0.0,36.334335286880396,82.46474770258533,10.725730578599128
2025-12-07 02:00:00,19.559988605505595,0.0,46.02693100866448,71.47659948903478,20.590064522435412
2025-12-07 03:00:00,18.459012265009758,0.0,31.470028711490745,78.57871554385837,9.619740844032364
2025-12-07 04:00:00,17.223563178745767,0.0,65.06767678758249,89.66714113213173,18.662958925945375
2025-12-07 05:00:00,24.271193505019056,0.0,24.32941062402785,78.87783634325957,8.820421036743992
2025-12-07 06:00:00,22.307126038484085,0.0,34.861338334800706,71.54887982076595,6.031997738677448
2025-12-07 07:00:00,22.130534942230934,135.92990527806876,18.017913826605273,73.28406866081332,4.232541090347245
2025-12-07 08:00:00,26.126201902048827,183.27109976596893,24.727128972850604,75.0590494536179,12.452159448242526
2025-12-07 09:00:00,28.318859298690995,251.94442837430557,33.73400865594987,76.0902977875621,16.334536399361433
2025-12-07 10:00:00,26.20366831926875,290.1351740197554,42.69456093461594,84.41811921896142,7.530642425906074
2025-12-07 11:00:00,26.83732492464095,330.1716419942862,34.78642251035361,77.63686971590045,8.229343255320709
2025-12-07 12:00:00,27.446171032265724,308.2675931807779,48.88672274002104,82.65138983315828,13.988848980699983
2025-12-07 13:00:00,25.522078237568284,392.3591783194988,28.575520341109925,74.91747035329813,11.41860803704174
2025-12-07 14:00:00,25.568970261607088,322.4629253518749,25.01747205241492,81.79314468306309,8.908284453182173
2025-12-07 15:00:00,27.98874845674794,168.87465359719874,70.5597766091908,93.18780281535952,8.41093962545141
2025-12-07 16:00:00,24.464842557871304,196.70751742855953,35.91356474163046,77.81695607953216,13.031980653098788
2025-12-07 17:00:00,22.341982081220507,86.91047424302418,19.207776810321786,89.75359305640859,13.572114648512027
2025-12-07 18:00:00,21.549056461868414,27.38534481537395,19.586043566278967,71.88176343362429,12.946300031873955
2025-12-07 19:00:00,22.237286495157246,0.0,15.859801282029892,79.71534191563518,10.899044432116801
2025-12-07 20:00:00,17.06804497647825,0.0,44.04854033785182,77.74692496505438,7.979607641366953
2025-12-07 21:00:00,18.93222188776794,0.0,24.534340606601372,81.2088731097996,12.484935514495596
2025-12-07 22:00:00,21.007468276773682,0.0,31.910437134847285,82.35150900952792,12.55483447366385
2025-12-07 23:00:00,19.94746321117107,0.0,29.04736988342597,73.26103240242178,6.199507895491208
2025-12-08 00:00:00,17.86261938408118,0.0,40.97238611911402,80.96068879963852,10.839253123444378
2025-12-08 01:00:00,18.99920203062874,0.0,17.2988386067397,84.86352657891328,12.330663286303897
2025-12-08 02:00:00,19.486202920329873,0.0,13.866415707854767,70.52216563767361,10.380359328994075
2025-12-08 03:00:00,18.418314258548342,0.0,33.364459607723916,81.63769769873859,3.826085837897029
2025-12-08 04:00:00,20.819687713390504,0.0,39.014389270498455,82.35806359204092,9.389304203077625
2025-12-08 05:00:00,23.148518467927868,0.0,34.98798469646461,79.11330363108458,8.921892824860915
2025-12-08 06:00:00,20.474564852955535,0.0,17.858194063540086,66.78771185023741,13.13008512572164
2025-12-08 07:00:00,24.161197135255584,112.83142059680235,40.16227263137091,84.60951375912093,22.401647254905498
2025-12-08 08:00:00,25.087373851532025,226.2828293407179,18.842086093565484,75.05549685500367,11.477965117766809
2025-12-08 09:00:00,25.78710350541612,292.85902169373634,22.17692032820425,81.2453929197522,6.316976479136355
2025-12-08 10:00:00,26.466606085304093,360.8847633452725,15.840697129169966,75.19897389551096,10.150010753157064
2025-12-08 11:00:00,27.248255864751805,275.3596161638377,49.51737522978046,82.66445158571696,12.518407391293096
2025-12-08 12:00:00,27.52769962622124,389.3671153216295,39.50132311541024,81.65888099810621,15.001447745389974
2025-12-08 13:00:00,28.40128478118438,350.4381044682694,39.0749006351831,74.6208783694006,16.922232719615877
2025-12-08 14:00:00,27.067051850134437,279.9088936084217,48.70817131713676,89.95751618810742,17.999479910996754
2025-12-08 15:00:00,25.421750101870362,154.27401023606285,72.18973872358086,86.40710045169213,15.758403750017177
2025-12-08 16:00:00,23.52555787427857,233.75030070698116,4.361608441347666,69.79876075783221,10.214909922284424
2025-12-08 17:00:00,22.797375721354364,111.6876233693649,18.92435128684338,81.82296304976738,16.879825586978836
2025-12-08 18:00:00,22.456971702759645,9.99689211833937,20.757373737382142,77.10750865646523,9.647859890004206
2025-12-08 19:00:00,19.905468584257278,0.0,17.237705664259607,74.19135596944611,11.079803549566824
2025-12-08 20:00:00,20.847095984345916,0.0,13.83625128594431,76.45109889160071,9.71806414604043
2025-12-08 21:00:00,19.140993545958885,0.0,25.505204039169517,80.68507237103162,2.7500934874264917
2025-12-08 22:00:00,19.27391439616883,0.0,11.750944270658927,73.5049507745208,15.674575987471737
2025-12-08 23:00:00,16.457361650314432,0.0,35.0256355130612,84.94945505579194,14.453358609037586
2025-12-09 00:00:00,16.01925747024094,0.0,30.77547482142922,72.98820823651727,2.05873546014975
2025-12-09 01:00:00,18.74689069698629,0.0,37.21542997145483,81.85087283359037,15.867787831480173
2025-12-09 02:00:00,17.938458559029296,0.0,37.615926774573786,84.76456133057084,10.667047119950631
2025-12-09 03:00:00,18.30083926077847,0.0,39.04510280140015,84.17512533598736,15.906439283053539
2025-12-09 04:00:00,20.507904078631782,0.0,24.398865947641767,65.86828358674472,11.523103616395836
2025-12-09 05:00:00,21.665434219010507,0.0,61.817151039505006,85.62150984933878,7.661500559284161
2025-12-09 06:00:00,20.467152576530385,0.0,33.51646674723147,73.2888592377014,11.781237407779237
2025-12-09 07:00:00,25.193779319808186,131.02988917161372,2.0627287106280754,77.21547380137073,6.509326733421025
2025-12-09 08:00:00,24.06611640784368,178.85684115351185,14.964363813506738,72.22780398221703,5.85667809409034
2025-12-09 09:00:00,27.84520280228088,354.7128682304226,3.892455164582767,76.71985263350255,13.662738761544738
2025-12-09 10:00:00,24.696159255573097,326.6989080911222,30.26001943726961,71.82536176221838,13.07918337101556
2025-12-09 11:00:00,27.34189311295341,368.6002783181664,28.172921639199995,78.94516036318302,17.398921191358834
2025-12-09 12:00:00,26.858337873063647,352.57563987856753,22.973614531508133,75.80435596219097,9.571140782176816
2025-12-09 13:00:00,24.361469486364566,266.094824304784,60.163891686007716,99.25709879882548,9.156580996923083
2025-12-09 14:00:00,27.285442824673023,323.1421778812156,38.23474311115366,85.40550779222822,14.466954822328244
2025-12-09 15:00:00,23.134061205447896,234.23480800061606,40.89147542169502,86.37218102446056,8.70984591643428
2025-12-09 16:00:00,24.22047851502653,241.75016137836997,16.033897680868453,84.56444135282553,9.560915466439038
2025-12-09 17:00:00,24.829298780827315,139.1717873663043,15.012826630034816,75.49764979671367,12.851023072005308
2025-12-09 18:00:00,21.410598663800116,0.0,30.55208248645432,77.97889951680166,11.02382158712205
2025-12-09 19:00:00,19.630695811800887,0.0,32.59510709478339,78.18655300324691,9.67483144223525
2025-12-09 20:00:00,20.64010884601428,0.0,2.1553264932831446,73.13189858477442,4.497117805725372
2025-12-09 21:00:00,18.239738062662713,0.0,27.29539465725699,64.28727486396096,15.112335355711995
2025-12-09 22:00:00,17.242940812264706,0.0,30.211081243102573,79.02796022747785,10.036846624272993
2025-12-09 23:00:00,18.927506523158446,0.0,26.772762513433065,79.03802233555922,13.8110099390436
2025-12-10 00:00:00,15.5658228376046,0.0,17.799143814799855,75.38566014111997,12.833927511386792
2025-12-10 01:00:00,16.65616662974866,0.0,21.9069722711829,69.37378045023632,15.460496798608528
2025-12-10 02:00:00,18.879539288774062,0.0,27.34711209640806,77.305664201052,10.425082214972216
2025-12-10 03:00:00,16.94621972521044,0.0,31.362000354150716,71.68007108344901,10.177224941297847
2025-12-10 04:00:00,21.891236500962602,0.0,39.07187373825852,89.40307165690385,7.5205197582748715
2025-12-10 05:00:00,20.507288237206144,0.0,46.21284307426307,81.24036653564444,10.14003892167242
2025-12-10 06:00:00,23.220170789141623,0.0,25.584784147091252,66.64965015247034,12.643893050838361
2025-12-10 07:00:00,24.511546150247458,78.25763461597964,23.15765705826963,75.13012758418029,7.8896650300359426
2025-12-10 08:00:00,24.385310892154394,160.49225235011812,36.564835103014595,84.01040407436682,13.091389670647146
2025-12-10 09:00:00,24.99610335383776,292.500952672345,39.16267374616281,80.971643303539,17.827301786562934
2025-12-10 10:00:00,26.357558281687286,327.89655837066397,23.486993501116714,71.39883425885219,9.393500710282753
2025-12-10 11:00:00,27.839403846488377,265.4315042652691,41.85590215449258,76.94682403744025,6.835317071378455
2025-12-10 12:00:00,25.800932896156436,351.8076398493187,44.6937801173396,79.9190688712096,10.581084396665444
2025-12-10 13:00:00,25.348678159400457,336.98580267500404,49.375296984880094,80.39320538229748,6.778124911170672
2025-12-10 14:00:00,28.342875750507453,288.35393545682894,56.674813600797336,77.66944133035894,18.17063482405451
2025-12-10 15:00:00,24.663507507675522,323.49809095667223,17.003757920108416,74.26342461562426,11.18959323902752
2025-12-10 16:00:00,25.043594239942472,217.84269073106097,30.208473139987667,71.17690797634239,8.596608722004804
2025-12-10 17:00:00,23.114514947249322,98.5730224495605,30.1691654492799,82.87033834964437,9.269033550057882
2025-12-10 18:00:00,21.878059898715115,0.0,28.528896472012384,83.25604437769388,6.697992528358035
2025-12-10 19:00:00,22.648696605596886,0.0,20.261056205847957,70.70202237695565,15.057613524785749
2025-12-10 20:00:00,19.472565249220768,0.0,7.716569951533927,69.47503813505818,17.734613337887094
2025-12-10 21:00:00,18.083877320689574,0.0,31.390191690435056,77.06996564883659,5.593138373189448
2025-12-10 22:00:00,17.402527847225997,0.0,18.474665106781313,75.90069812804113,15.096777079109422
2025-12-10 23:00:00,16.59916011705945,0.0,31.289902211214375,80.66684025240522,10.58109216255929
2025-12-11 00:00:00,16.19726198692851,0.0,18.089346874517197,78.45801099979697,15.974428760277647
2025-12-11 01:00:00,16.58946983410508,0.0,13.505124812334877,77.13647003530569,3.339943624410579
2025-12-11 02:00:00,19.900426015174077,0.0,33.514475405653464,87.21288271332395,12.577302568595755
2025-12-11 03:00:00,19.457781456586883,0.0,32.26382290209744,79.49910883529395,9.98159323663832
2025-12-11 04:00:00,19.11962437382349,0.0,38.689229569813996,74.34195616435983,14.570817661569428
2025-12-11 05:00:00,22.050436986832935,0.0,62.78795649626438,78.39351640184249,13.383965333701228
2025-12-11 06:00:00,20.005027945537485,0.0,34.159342968162704,87.76801592512037,11.796991200748876
2025-12-11 07:00:00,25.15085697008404,134.81350140370188,37.276226505961944,82.14470742322797,11.439865075450397
2025-12-11 08:00:00,26.252082388116065,177.2599765340786,13.83658006699012,74.6035943158516,16.941024494343385
2025-12-11 09:00:00,28.511148011504538,323.9322057161733,10.696388391954383,74.69248212714396,9.834924558465682
2025-12-11 10:00:00,27.71352377706551,268.65927328639646,53.7424417016,84.12992648325042,16.144255074532417
2025-12-11 11:00:00,27.466413925811132,421.86007018472395,16.147803301000444,76.1329332519665,13.321443520960639
2025-12-11 12:00:00,28.74686238766966,470.3293565168852,14.340838927970369,71.46023828105653,14.27227837390575
2025-12-11 13:00:00,26.08445675800073,415.7980453070813,29.413516181751707,82.76669347992508,7.4116740236708045
2025-12-11 14:00:00,25.884465467050465,323.5884561957568,28.647113799339174,74.70478240683036,14.261047955307292
2025-12-11 15:00:00,25.520395529284333,315.23655787657896,16.462402403350623,69.82110567982292,12.170597864988308
2025-12-11 16:00:00,26.347925877511578,197.8025483365567,25.4254017193035,67.99993834883216,6.513443950348453
2025-12-11 17:00:00,22.24983325423677,65.14848083472931,48.44063576475156,81.63406040812194,11.572448945563389
2025-12-11 18:00:00,20.81769968050051,6.770353922025416,17.910095867523037,81.742381821819,20.072623091753876
2025-12-11 19:00:00,21.081784163497584,0.0,9.094912734507425,70.87470984666,8.887519877720257
2025-12-11 20:00:00,20.50116953353969,0.0,44.13890431349688,75.11681127342436,10.73634615383952
2025-12-11 21:00:00,17.618841232686233,0.0,37.38445367907055,82.17742767971424,13.672063080944705
2025-12-11 22:00:00,18.609796207022388,0.0,20.692220690270076,73.17624676014435,8.871128889347556
2025-12-11 23:00:00,19.017669900561252,0.0,6.26749475809623,80.50555868557554,10.875187443954394
2025-12-12 00:00:00,18.61553412863864,0.0,18.830649653421553,81.33832112112586,9.14589596136509
2025-12-12 01:00:00,17.68458539475143,0.0,29.17943344726093,72.33769657822985,13.068516117611434
2025-12-12 02:00:00,17.607029834632193,0.0,47.48508134825728,82.41074218577502,12.126705325431427
2025-12-12 03:00:00,20.775710747518957,0.0,14.451270376955145,70.77010426427664,18.530534701305854
2025-12-12 04:00:00,19.574959119948943,0.0,28.732201777327898,72.49428364593405,11.62063792687737
2025-12-12 05:00:00,21.98329970709722,0.0,40.127169898423475,80.50462505949224,11.115914807918987
2025-12-12 06:00:00,24.600699850051306,0.0,0.0,74.45105884155403,14.117745000603858
2025-12-12 07:00:00,24.434877656141573,79.32132512310416,45.5067925190835,81.35293004216986,6.711001752518391
2025-12-12 08:00:00,23.25871532433094,218.63996041618944,12.26324141690344,71.04624679734074,17.38005222954389
2025-12-12 09:00:00,23.97973821734202,248.96142958886023,34.979932401854015,68.16683978690673,7.795073672918542
2025-12-12 10:00:00,25.99814269995022,342.3821943624958,33.70024724416116,75.24626380741853,16.454802841465394
2025-12-12 11:00:00,27.80691191905109,338.16311282918696,46.26879587195768,84.20518598736908,18.13987876563912
2025-12-12 12:00:00,27.633155554007274,374.9025606714217,38.263865713403106,72.76128843705683,9.809968157349427
2025-12-12 13:00:00,29.75376974365817,461.9994074706628,0.0,75.99974512806381,8.281148346597515
2025-12-12 14:00:00,26.95063412012208,337.9564574526554,18.22831129266013,71.64630839591301,10.474703508480381
2025-12-12 15:00:00,25.16479425126697,308.4815324617363,32.0730769402992,79.26214919728274,14.08983940003766
2025-12-12 16:00:00,23.0815891930672,214.02877104169366,27.075301708203195,75.36089127070035,7.361532529162464
2025-12-12 17:00:00,24.88359774388921,79.38345709714687,37.16416094635156,73.72691687289607,11.421303381234425
2025-12-12 18:00:00,22.04705432913933,35.59547117361032,41.84049833504558,83.40454670813206,10.838325841424673
2025-12-12 19:00:00,18.802857002894903,0.0,39.12677604644519,78.021201944918,7.351089093029246
2025-12-12 20:00:00,19.583872710899907,0.0,26.78587586168302,73.64373223859471,7.15927670204881
2025-12-12 21:00:00,17.224940476712213,0.0,2.304944833192792,60.161748773370846,10.628234952917119
2025-12-12 22:00:00,17.171478144733104,0.0,23.16778126717774,83.77965746160044,11.600490478703444
2025-12-12 23:00:00,17.23335436504018,0.0,36.245522222084325,80.55712114230995,8.756367212517752
2025-12-13 00:00:00,15.866219828652994,0.0,13.643291211742834,80.61373676641314,10.999132673548978
2025-12-13 01:00:00,16.57941074039988,0.0,39.46912095182364,84.53133066187587,9.385645004953448
2025-12-13 02:00:00,16.74546848821897,0.0,43.62589945900957,87.97681668239584,17.409659017599193
2025-12-13 03:00:00,17.57494143033944,0.0,31.903004644437637,76.56878587004445,11.183222699204919
2025-12-13 04:00:00,18.232524619217454,0.0,0.0,64.45284324761212,14.390139938513848
2025-12-13 05:00:00,20.12126213199182,0.0,10.828674559322948,77.55244369710132,3.7706752603752633
2025-12-13 06:00:00,20.879843317182342,0.0,58.292837378341225,86.14222656533654,14.20570516724097
2025-12-13 07:00:00,24.099605867769682,104.3014106843862,21.80193310457433,73.55371048137599,13.474411686306885
2025-12-13 08:00:00,24.80399136107786,211.64260692746632,0.23785165306506073,74.10243124781452,9.460359104984725
2025-12-13 09:00:00,27.131614989909245,228.1968004548273,48.528710824654084,83.65308843296609,10.271021707372563
2025-12-13 10:00:00,28.82579271797956,347.9553562696235,30.200333873155092,80.47090693126509,10.89447888900582
2025-12-13 11:00:00,27.75310294103212,313.4499499331102,46.57410733436588,76.41858923841525,15.29856606882431
2025-12-13 12:00:00,27.62741442351178,347.1154279617655,34.15438012829048,83.33256517852695,6.865585925258166
2025-12-13 13:00:00,27.835018876917186,335.694894038144,36.878387043182535,79.07119054926706,14.645878569788854
2025-12-13 14:00:00,26.979643772513484,308.41953696070675,35.445138715717746,84.28868897065674,13.045719760068238
2025-12-13 15:00:00,25.64374434647579,245.26078688863444,40.462324678815,85.16028612006117,10.97994638714107
2025-12-13 16:00:00,24.504827743236863,156.95302910778156,64.16145672834148,89.84612998337428,12.335822213698952
2025-12-13 17:00:00,22.008875563720448,90.96327648453376,44.56509503938782,81.3343113695779,12.475695441504897
2025-12-13 18:00:00,23.133546712084772,0.0,6.294910232316976,75.70154166687347,16.94922379823535
2025-12-13 19:00:00,20.70817281316005,0.0,36.69992272918355,85.6726825284661,13.227005914755864
2025-12-13 20:00:00,21.427325958066316,0.0,47.122211521548266,85.65011831359448,8.585341958305929
2025-12-13 21:00:00,19.69709406021666,0.0,48.040512098042186,84.11855064426338,10.660832949871383
2025-12-13 22:00:00,16.89908716360752,0.0,23.600925254113506,80.97461246055143,6.601733611811009
2025-12-13 23:00:00,18.834020521011524,0.0,47.47416667782191,80.46491611420142,4.814555187989088
2025-12-14 00:00:00,13.703470982876347,0.0,43.91613599326808,90.54346110006583,7.547255693365044
2025-12-14 01:00:00,19.712099863330813,0.0,68.58776155454595,79.83098848712598,13.90969352905817
2025-12-14 02:00:00,15.962329646334236,0.0,18.749973956272328,76.5151576461752,16.033328487743596
2025-12-14 03:00:00,19.140547453320387,0.0,22.38899135399362,74.74637612754377,15.102543162793207
2025-12-14 04:00:00,20.08807654232278,0.0,25.40821427310069,74.18438362029082,6.64936757090488
2025-12-14 05:00:00,22.199172221212667,0.0,22.64666774941837,77.90777110499748,7.941733287653717
2025-12-14 06:00:00,21.60512967683526,0.0,16.649688753545956,69.34427470793878,7.077748944757841
2025-12-14 07:00:00,20.537356738422925,130.92666159619645,0.0,81.7290574818231,0.0
2025-12-14 08:00:00,24.106961241536272,176.71451029207321,23.479507894152988,69.54330559570234,10.503411584544713
2025-12-14 09:00:00,25.28305843901418,261.6179734473486,35.54037089549857,74.38629384176204,14.990038364218545
2025-12-14 10:00:00,23.698612923650696,333.1435511267911,22.60167231741134,70.9172079526559,10.120522067804117
2025-12-14 11:00:00,26.921047749425295,242.19854053945235,59.030717752936646,85.76201285795204,7.8802696811567925
2025-12-14 12:00:00,25.633828591067086,426.32037290809814,30.20063719073794,82.82780553934856,8.12943886298851
2025-12-14 13:00:00,27.705875291797827,324.665714408128,49.36543582776203,84.86551219037675,11.15288459306004
2025-12-14 14:00:00,26.042658888678723,321.34047866922896,33.92130619094952,85.9856491753055,14.776945373344322
2025-12-14 15:00:00,28.11739278343939,225.12662998152499,42.39610964839887,76.29507826745761,11.388533634857293
2025-12-14 16:00:00,24.19940327243837,172.31392790328573,34.18862330900343,82.26085264901987,14.249068391142975
2025-12-14 17:00:00,23.886039398087156,117.38215546832349,50.53176947855344,81.58235328088118,12.20122312059475
2025-12-14 18:00:00,21.755442567933642,7.664438441614242,30.83909025198601,79.63682678283932,12.489110436725772
2025-12-14 19:00:00,18.628091655819862,0.0,37.44181062133178,86.15964437152358,8.111413990285794
2025-12-14 20:00:00,19.266308619652253,0.0,35.49499400475066,71.57245061691302,9.03137048536207
2025-12-14 21:00:00,19.476339093921183,0.0,25.675718128090217,87.50252148544604,6.260547242838203
2025-12-14 22:00:00,18.484895254773257,0.0,36.074734783870156,79.56972941716022,14.210358392675312
2025-12-14 23:00:00,16.821558335709426,0.0,63.51579369296523,79.37257713687201,12.011049165339774
2025-12-15 00:00:00,15.129606791430945,0.0,25.94404586856837,74.80233287385526,0.0
2025-12-15 01:00:00,18.031556776029632,0.0,36.291973392798724,80.92978599212553,13.739216339231376
2025-12-15 02:00:00,18.23859528560204,0.0,48.86668426304164,80.06550153568188,16.339899316753176
2025-12-15 03:00:00,19.58428994749734,0.0,47.103799214164205,72.64884155887886,9.108347787896221
2025-12-15 04:00:00,19.16704388961669,0.0,30.17574626579048,79.20287529201872,13.429927176128968
2025-12-15 05:00:00,18.539607287256672,0.0,0.0,67.66031108925408,9.16108914195612
2025-12-15 06:00:00,22.717277981421404,0.0,37.75054227972699,83.33574363364446,3.41624523652545
2025-12-15 07:00:00,23.305599374338772,105.02599782843882,0.0,65.21222329118243,17.811870398993726
2025-12-15 08:00:00,26.332578648841846,180.07695241115638,52.04905846411847,94.42002557631102,11.78757440341221
2025-12-15 09:00:00,25.59627659153478,246.97541530682741,32.54210806789891,80.91423092190618,12.432768670411201
2025-12-15 10:00:00,26.294409806397542,269.5418463950154,44.99511029807984,82.338588320699,9.75139147988376
2025-12-15 11:00:00,27.395449688292814,396.46226354178975,16.468332927284234,77.17338286122597,9.641295961780038
2025-12-15 12:00:00,26.24737935398023,451.6590468470742,6.712387900499184,62.68342839295849,10.98226900570024
2025-12-15 13:00:00,26.0143424374064,309.1512240050747,33.91131576211751,76.1408870424749,7.52540718264735
2025-12-15 14:00:00,26.22625291610457,311.9700559117243,29.49594840065787,86.40515301632671,18.25065627216626
2025-12-15 15:00:00,24.362395448603472,288.00911209474907,22.626887607642516,74.45169913139362,14.483931412158395
2025-12-15 16:00:00,24.225565638315945,190.46519443166767,31.269919210991457,77.91951587037397,13.63081011814788
2025-12-15 17:00:00,25.838914733617614,89.23268422168216,71.5115383804839,85.71954997418406,13.008447624776228
2025-12-15 18:00:00,23.378813588165976,45.98480555487016,42.517883210535864,88.4951890775558,9.081019286624407
2025-12-15 19:00:00,21.12974384172864,0.0,45.74247908794978,81.09298669623213,16.407482407380265
2025-12-15 20:00:00,21.540570182663092,0.0,42.65905337330034,75.22450130973783,14.575726315069197
2025-12-15 21:00:00,17.415490910080326,0.0,52.191932157782894,97.3797350156911,11.011906959355953
2025-12-15 22:00:00,20.930834555343502,0.0,27.148924906488826,70.82248884332188,7.019357785223085
2025-12-15 23:00:00,16.59510733914871,0.0,0.0,71.07383275181522,3.6963893201380635
2025-12-16 00:00:00,19.620764283715218,0.0,27.171208004909854,73.69071584234558,11.47284925614968
2025-12-16 01:00:00,19.78541145022149,0.0,42.17603564994753,78.11819179195327,11.113105215884465
2025-12-16 02:00:00,15.406490851794725,0.0,15.452994073273896,70.30311265746603,15.515147853837195
2025-12-16 03:00:00,20.387502499704905,0.0,27.354510742660047,75.13054150611391,15.336543639995982
2025-12-16 04:00:00,19.146734736964806,0.0,19.623453854965305,81.00401951386745,11.136749916278097
2025-12-16 05:00:00,19.98336239952719,0.0,52.53043877764696,74.67517422331339,12.302043147089897
2025-12-16 06:00:00,22.697846175767765,0.0,41.241855231098455,87.25982479418167,7.453743732696642
2025-12-16 07:00:00,21.9996219228847,87.35172567221285,39.77310930965939,86.13532437249702,16.232565497916045
2025-12-16 08:00:00,25.168412833844446,150.21352355787482,39.324019696814574,82.65103921416775,11.739281414620262
2025-12-16 09:00:00,24.328317698499184,244.22316811740177,29.441261211718096,78.39192003600606,13.893186983262744
2025-12-16 10:00:00,26.57614670151584,297.9728580541477,32.96334423791255,79.68761001336844,16.355383697597656
2025-12-16 11:00:00,28.581417103815816,425.84869618956463,12.222231292015238,79.93540740881546,8.348681235791693
2025-12-16 12:00:00,27.518289935615474,488.7463832676717,0.0,61.193332837260954,6.688337196924849
2025-12-16 13:00:00,26.377716687533134,318.3147280462557,32.25121695517536,81.79259518483994,21.487383535548766
2025-12-16 14:00:00,27.049778082564774,296.8220920190831,34.85985384408217,74.97663698225506,14.120867816506086
2025-12-16 15:00:00,23.722926210879653,226.81564097639588,48.138968526380665,86.65504081074343,11.292554588328725
2025-12-16 16:00:00,23.42529760009844,124.36216734671603,53.57003724123551,80.86071294509513,17.63808487647134
2025-12-16 17:00:00,22.75056076640677,86.88255662809323,53.5499772749842,87.55926001201135,11.444471082076346
2025-12-16 18:00:00,23.038721939506846,0.0,15.029646100591833,66.60917655891693,12.053423841798223
2025-12-16 19:00:00,21.24925977400854,0.0,24.71602447575346,68.5787500455408,8.962868161394342
2025-12-16 20:00:00,20.211533010405027,0.0,37.205014438220694,79.75420945597654,11.792368704869741
2025-12-16 21:00:00,18.444685400036988,0.0,67.97857016613267,95.45558986281699,12.302647983298517
2025-12-16 22:00:00,16.661160060827758,0.0,52.20148805570874,87.28262011065429,9.602550730240665
2025-12-16 23:00:00,19.120739505648082,0.0,46.790957429975705,85.52520074525464,13.31099783507933
2025-12-17 00:00:00,16.10258690492698,0.0,24.18318066676064,81.98137619849622,8.654778307620617
2025-12-17 01:00:00,17.724839898907167,0.0,16.75200553267313,73.59439332029493,13.141548442014578
2025-12-17 02:00:00,17.53385532771287,0.0,41.83361825074859,84.93207056670995,10.873503864614534
2025-12-17 03:00:00,19.206075606947255,0.0,13.4900810364846,71.64324405091448,3.794106017357377
2025-12-17 04:00:00,18.722585314952923,0.0,26.42345473529546,76.27740128181135,13.804565100393209
2025-12-17 05:00:00,22.0841034793755,0.0,28.27833076497116,76.85771963686746,13.964306522284275
2025-12-17 06:00:00,23.801479686321656,0.0,53.89368133684212,81.22555983342541,21.70889209038289
2025-12-17 07:00:00,24.592533628492824,142.98903896207486,24.679540455604837,76.20075234430405,11.304864368205713
2025-12-17 08:00:00,24.714631319500683,203.26585220648775,0.0,69.0700148059196,10.73328663470897
2025-12-17 09:00:00,24.979589481732887,238.92276930832355,37.56666971493703,76.15640409893068,13.792693451738689
2025-12-17 10:00:00,30.00859073367456,407.673762691,19.514672203441105,73.72437089247222,15.0545421939123
2025-12-17 11:00:00,25.55023561898972,368.95319146302234,30.639465366566203,78.65366143826971,15.36077062788661
2025-12-17 12:00:00,28.15531681297111,368.80084628106744,28.699429487368146,71.5022384021797,12.710113005857481
2025-12-17 13:00:00,27.271967881679892,370.3936125361004,25.894440062733477,78.52009688549711,11.16282079266161
2025-12-17 14:00:00,26.258546739824798,299.3935018655465,41.85510872677056,78.10659457575053,15.463402720182101
2025-12-17 15:00:00,25.785964123321897,361.7694552027935,7.007026824709392,72.92488096029982,10.051954113588753
2025-12-17 16:00:00,23.846438501365245,186.68610610436335,22.244786625684597,72.70774468120804,5.955567129583995
2025-12-17 17:00:00,23.85898582746637,68.72965111588024,40.26056869676072,85.78877131674696,6.0081290160360155
2025-12-17 18:00:00,22.421590227483026,0.0,20.788728369834477,80.66452211093144,9.866377247275942
2025-12-17 19:00:00,24.196572360025062,0.0,5.867899360950421,66.64054512481508,10.77327110936059
2025-12-17 20:00:00,20.90178727534383,0.0,40.02833014885104,83.54681029541847,21.889533468529688
2025-12-17 21:00:00,19.144832093566535,0.0,46.84641945662308,90.12123783784988,11.86221887832164
2025-12-17 22:00:00,18.427817990115262,0.0,29.325071885354905,73.87620171211448,11.652655776542403
2025-12-17 23:00:00,19.57148821643407,0.0,0.5873160229570118,66.91633397648367,8.412034405527189
2025-12-18 00:00:00,15.743542342366855,0.0,41.00346987469638,85.61463337629061,14.525397264318483
2025-12-18 01:00:00,16.937915178193567,0.0,5.51560545291882,66.35232170970602,11.397152567216557
2025-12-18 02:00:00,15.195689381624671,0.0,35.04591282693663,76.64456008702987,9.198949396477701
2025-12-18 03:00:00,19.195968965406944,0.0,17.101966303081742,70.37277005768672,6.809256260242276
2025-12-18 04:00:00,20.6077227522368,0.0,13.016334387709659,77.95034665804596,9.041349258505166
2025-12-18 05:00:00,19.416721583111322,0.0,23.785273418018786,73.62166132312673,7.815779373135407
2025-12-18 06:00:00,23.870700899930124,0.0,27.66446032780524,75.96249292282808,10.458579135135937
2025-12-18 07:00:00,22.364648111629588,128.07475343811154,20.750799918417414,72.14138156926029,11.603459148048897
2025-12-18 08:00:00,24.059888334807678,167.80135855542477,39.2444728474414,85.99470246518354,9.957449553911346
2025-12-18 09:00:00,25.69606647276799,359.0775919926032,23.72288299733163,71.82937598574739,17.004139686183855
2025-12-18 10:00:00,28.40767916703916,256.0581220748151,45.11678674929147,74.03004453402045,16.893418519603642
2025-12-18 11:00:00,25.71906884446938,374.6250865010855,34.631521158866335,71.61605815963364,10.813345466543163
2025-12-18 12:00:00,27.383718139504595,369.20132083681165,19.95056557526952,78.39838184581586,7.140863332008094
2025-12-18 13:00:00,27.842015089204697,395.81596465218263,17.424825416729853,78.05922972328767,10.7520662495027
2025-12-18 14:00:00,27.074235108234735,361.11579156606535,5.70147918850256,77.65700731814844,9.750200568892591
2025-12-18 15:00:00,26.32765212544866,259.0073466564997,34.77492134221647,72.48971593367554,11.487616244573012
2025-12-18 16:00:00,25.49504716535533,196.42654630573963,25.095110465443767,75.34345982110165,9.662654997638029
2025-12-18 17:00:00,22.578052560055156,115.31008695813198,0.0,82.79978915418916,5.8024153598013415
2025-12-18 18:00:00,24.19921059940863,27.301425628157716,22.378200582673138,74.50308548081205,11.25846807625881
2025-12-18 19:00:00,20.566507433392452,0.0,16.89841323538986,72.37258402915239,9.441461796214178
2025-12-18 20:00:00,19.188094212652082,0.0,54.04908755677404,84.57900915491037,11.654712968632273
2025-12-18 21:00:00,20.221476122304352,0.0,4.872244495814492,74.88459357335257,10.61945681415687
2025-12-18 22:00:00,16.855232930666958,0.0,8.793661678203332,76.28629658496433,10.162249454173418
2025-12-18 23:00:00,17.591829392992594,0.0,47.063468320799636,80.10493655939163,12.64205322710961
2025-12-19 00:00:00,16.062268418324173,0.0,51.36732282822858,81.55731399755423,10.979631621041026
2025-12-19 01:00:00,20.447330858151165,0.0,19.84113138538451,74.46088292678321,12.432635734450498
2025-12-19 02:00:00,20.673077282340618,0.0,21.534588124135468,72.68225221982864,8.20553267514605
2025-12-19 03:00:00,18.323106247717735,0.0,40.25940641456883,75.19257028485934,7.6612040248311395
2025-12-19 04:00:00,20.177767755068675,0.0,0.0,80.06309242990707,6.440083752103316
2025-12-19 05:00:00,20.714617950566975,0.0,3.0979701986857897,69.68267678595792,7.448140494098217
2025-12-19 06:00:00,21.548774094587063,0.0,26.804874453508454,75.76768663480577,6.189037483036209
2025-12-19 07:00:00,23.45156960386821,67.87443415531028,54.26423395820602,82.50289003005817,5.942384803314707
2025-12-19 08:00:00,24.449171563728786,189.15903234792765,24.479924143768038,76.10005529966956,13.237839830132623
2025-12-19 09:00:00,23.560619705789165,255.53592564380978,32.52992734229645,80.82218772734214,16.723469177078076
2025-12-19 10:00:00,26.67401076647544,284.10039604175444,48.02271455472931,79.72861800541901,14.631952058896687
2025-12-19 11:00:00,26.776601826696886,239.55254814682232,62.619146465441325,91.38506398926332,11.198569728537471
2025-12-19 12:00:00,27.40781402314158,379.8990463585406,22.363148369044445,78.51869438498898,4.252413036831365
2025-12-19 13:00:00,26.730809449869497,368.8587495928503,30.76332461026774,76.77671668196542,12.305942044651228
2025-12-19 14:00:00,25.863639275918068,164.32566373211603,58.346703786411766,81.42595693773308,6.488107911169731
2025-12-19 15:00:00,26.674870413809128,301.2138795605971,8.182886338397708,77.51912370249747,10.0625069386267
2025-12-19 16:00:00,25.19502815433891,129.9837847567003,46.42959152457646,81.06793271928649,9.12316126835732
2025-12-19 17:00:00,25.110910144946985,139.218952460337,15.74114248085026,68.00489284670047,1.6646784689831513
2025-12-19 18:00:00,22.645102123332013,0.0,32.552960972816486,83.89679754117722,17.549784462052532
2025-12-19 19:00:00,20.450969686645706,0.0,27.37658975526502,74.19485974375333,6.3456138968225
2025-12-19 20:00:00,20.30375251355775,0.0,16.645701455750697,79.50836636607039,9.40912089326412
2025-12-19 21:00:00,15.891622416574585,0.0,16.269346551395007,63.16225492429798,10.297584842655652
2025-12-19 22:00:00,20.40661026594581,0.0,35.16209093007545,77.93621863642316,9.876301870554682
2025-12-19 23:00:00,17.529018484983478,0.0,45.94896538870937,88.70773157811006,14.155768971755746
2025-12-20 00:00:00,19.84008164726127,0.0,29.671483596602243,78.51751230254261,8.519692599152089
2025-12-20 01:00:00,16.04051127586763,0.0,32.669224025428036,82.80190575317745,13.161094170957677
2025-12-20 02:00:00,16.217222968577317,0.0,40.185137638795496,77.15404728082592,13.283276600336166
2025-12-20 03:00:00,18.940338359428665,0.0,17.043245049235395,77.20828664245713,5.341155450322691
2025-12-20 04:00:00,19.97158415049445,0.0,42.712914270623635,81.75125228003478,13.079007827514767
2025-12-20 05:00:00,21.145911966153218,0.0,43.907673100325994,83.07170180550192,7.979494253780258
2025-12-20 06:00:00,22.241863049123417,0.0,70.67192112568594,98.57810034483641,8.871032989098934
2025-12-20 07:00:00,22.47783190120609,119.13004524692914,25.975963786036058,83.69526434510797,12.461048532110647
2025-12-20 08:00:00,22.569326452595714,214.62651150731656,24.74629961940788,80.81114266261397,9.603899969294574
2025-12-20 09:00:00,25.90391861447642,256.723135070129,43.15201471803597,84.97551159186253,13.649351432515461
2025-12-20 10:00:00,24.663046403432087,289.8640474751726,43.90408917811187,76.78078602416254,13.722157495729897
2025-12-20 11:00:00,25.03980992928279,397.4385603683569,23.59121934377911,73.83568791459635,5.4675394918438736
2025-12-20 12:00:00,26.505467646889084,442.8812151971244,25.570086490479056,68.8037927840431,14.240975882940756
2025-12-20 13:00:00,27.389774797270032,321.06643456653586,39.7344892177004,73.5272292729289,13.126790032565513
2025-12-20 14:00:00,28.914503012253167,328.80361029567644,19.20376303340987,70.08109618322531,8.613637067216507
2025-12-20 15:00:00,26.80885998506046,236.45192536276016,25.459516824204567,76.24792729529278,10.729479943764005
2025-12-20 16:00:00,26.3634718481656,225.4804042263199,32.96141815495631,72.21079027495026,14.724641585276416
2025-12-20 17:00:00,24.14414440421639,126.27806447833808,46.55660691676366,81.87167913562337,11.049386086089028
2025-12-20 18:00:00,22.477198819524645,0.0,22.548547401736677,75.54540948687334,19.588465285212784
2025-12-20 19:00:00,23.96372116869811,0.0,3.981759713969712,65.77973781753222,16.16185997158198
2025-12-20 20:00:00,17.780576686837684,0.0,2.8685646316566284,79.72798897754072,10.610562321597673
2025-12-20 21:00:00,17.92755566765254,0.0,12.726330643837791,67.91982080260082,9.724366570511489
2025-12-20 22:00:00,17.234428265518467,0.0,11.920010871430733,80.03146254685768,9.857306626170624
2025-12-20 23:00:00,18.33228398121827,0.0,29.298365265131157,67.35336760970556,9.06230469432965
2025-12-21 00:00:00,15.727694250212672,0.0,14.385496866468788,74.57605401121826,11.220161632422514
2025-12-21 01:00:00,18.162933393608828,0.0,21.677374773114803,70.7567795190326,13.834055143483203
2025-12-21 02:00:00,18.42352179758262,0.0,20.607410895702117,73.16605086631317,5.632458131386606
2025-12-21 03:00:00,19.521921794702685,0.0,25.61108125771296,86.57525432290572,13.851670388843655
2025-12-21 04:00:00,20.533893996103213,0.0,52.0562641432797,82.24914387608769,16.33701749991791
2025-12-21 05:00:00,22.705824337314358,0.0,42.147913011890616,75.65836061703256,14.396103098400724
2025-12-21 06:00:00,21.936131733386,0.0,32.460640399572924,81.31291967670161,11.103252778189402
2025-12-21 07:00:00,23.983404543056217,103.34929720521338,25.303304961720293,74.9995809788025,13.387687350237936
2025-12-21 08:00:00,23.542589963972805,137.0972466266014,25.720209321087545,77.70222967330008,16.483134426678745
2025-12-21 09:00:00,24.281404427789486,239.2245621188168,37.134896219712104,75.11924060906757,11.623968042054837
2025-12-21 10:00:00,28.624508474111458,281.84580126195266,40.981235270717214,75.67555038624899,12.143502502521644
2025-12-21 11:00:00,25.773978743085728,390.28029178065134,18.604436578923856,70.89660832420303,19.46040144160866
2025-12-21 12:00:00,27.833809735243342,350.05668641886024,32.765910504646335,82.0585718781838,12.867270664578466
2025-12-21 13:00:00,27.520088806009653,428.20533266572437,1.7444056404874573,69.2239393273919,6.058044397346817
2025-12-21 14:00:00,27.857706216765234,261.8150683541362,35.394405932991816,73.47864433294559,15.261605295388371
2025-12-21 15:00:00,23.379977097958523,234.77330054953345,43.65093779981315,82.2648352282726,13.790314495478658
2025-12-21 16:00:00,25.658673125514625,182.4689011891683,28.017669767219733,77.60301407632119,8.779215382576343
2025-12-21 17:00:00,23.218757652377437,36.33797489143059,59.46660411253444,88.30185137048363,8.557521429053061
2025-12-21 18:00:00,21.22022218120346,1.563335320844317,19.000122458892108,73.2079911219094,11.90439755859697
2025-12-21 19:00:00,20.379946044403475,0.0,35.48030539998178,79.47522688913448,11.533611392061482
2025-12-21 20:00:00,20.847906058357893,0.0,31.68132797044353,80.95153925447401,6.6070672296139445
2025-12-21 21:00:00,19.415182801794447,0.0,30.71423415878174,73.76951599529818,11.181816669057776
2025-12-21 22:00:00,17.503676520875246,0.0,30.503866650361648,83.48152949476345,10.919439280314041
2025-12-21 23:00:00,15.689635200469182,0.0,33.82527462057494,80.23509151609953,11.44160580264241
2025-12-22 00:00:00,15.612290659182827,0.0,45.538596299611456,77.5877414105462,14.243288521375527
2025-12-22 01:00:00,18.150708711624677,0.0,53.485258691777126,79.15659683700824,5.626688749421817
2025-12-22 02:00:00,16.010206462895056,0.0,32.7854614800936,79.3478415709002,7.190758558046
2025-12-22 03:00:00,18.31226389451762,0.0,45.04895623023046,79.8142704213597,10.304666481808088
2025-12-22 04:00:00,22.986792400761832,0.0,22.292710953654222,79.94819198809468,16.419351893367594
2025-12-22 05:00:00,21.30473249953648,0.0,44.308546938549455,80.49766729713753,21.68655469032107
2025-12-22 06:00:00,22.966322600361465,0.0,21.389342290251108,77.4676200019191,11.088838937769228
2025-12-22 07:00:00,21.916148007254336,89.66783770639127,49.17911418897794,78.81425076408382,12.641135637208187
2025-12-22 08:00:00,22.90590648214378,81.06071843219155,65.97882830855455,86.9938412242918,3.5254803978564873
2025-12-22 09:00:00,26.571501189250164,253.6305868499427,30.987956828085082,84.38894375660166,15.16724729564499
2025-12-22 10:00:00,25.964468068526834,405.7968780467318,0.0,69.41468832931054,11.798575813482161
2025-12-22 11:00:00,28.356735692646076,408.8451327814624,24.598121148983616,73.18119911370815,12.362449372993233
2025-12-22 12:00:00,27.187471844079834,288.3418057255228,51.29734216199551,78.477190013794,7.580014164645332
2025-12-22 13:00:00,31.45429938782847,330.73631265135845,41.11536695303464,79.51684418067346,19.975320198928294
2025-12-22 14:00:00,25.7175098941828,309.6450533809744,36.5529191277814,86.37717713852393,17.909817712523314
2025-12-22 15:00:00,26.042803529046953,249.8128752376287,47.949240486978546,75.31291744444252,13.574876630348589
2025-12-22 16:00:00,23.46900927380425,166.17704027352403,40.08601673638229,80.3015643615047,15.972279861581152
2025-12-22 17:00:00,24.767197874528723,98.78497906340445,51.08509295942301,74.53683403068743,12.758694475804672
2025-12-22 18:00:00,22.70406474720453,0.0,46.610570297360745,80.2449218105524,15.614836737987384
2025-12-22 19:00:00,19.587756600216732,0.0,55.64472193871035,86.3368638144587,7.553228865845269
2025-12-22 20:00:00,19.218928272820502,0.0,38.20115640624977,72.81557446017462,2.815220801834208
2025-12-22 21:00:00,20.37924993478591,0.0,46.398106170065276,80.36859131830124,7.2419392218824035
2025-12-22 22:00:00,19.42849345322996,0.0,28.21230905136918,79.641400544525,8.184685087064375
2025-12-22 23:00:00,15.46305517267728,0.0,23.79730297427087,78.33555792437328,8.61561501362987
2025-12-23 00:00:00,16.528411864843076,0.0,59.02041148004466,88.02063242639008,14.743471709142714
2025-12-23 01:00:00,19.672359053435663,0.0,36.66196701860038,75.39165471330269,10.803745155268306
2025-12-23 02:00:00,17.586714241869615,0.0,45.49210536169575,84.23555772298498,12.159948562664932
2025-12-23 03:00:00,18.837087764676244,0.0,35.27499708993091,77.04314497507876,7.025310707772758
2025-12-23 04:00:00,20.969183893353044,0.0,24.621162109960597,80.63005968676136,6.146393910711
2025-12-23 05:00:00,19.108266957994392,0.0,33.58364026249608,68.02641332355465,11.843595507662062
2025-12-23 06:00:00,20.912565655036726,0.0,54.95880714027577,83.2047700448528,10.579520202965805
2025-12-23 07:00:00,23.007458819025913,119.69963014865584,41.74749798795142,81.53014114829627,12.105636411678695
2025-12-23 08:00:00,26.20018310750677,218.05565781500917,7.746799477803176,78.8038326561411,12.564937434632258
2025-12-23 09:00:00,26.99540126035567,253.78235105117923,30.190230025117742,77.98223251085736,18.06745598827795
2025-12-23 10:00:00,27.399995697960364,231.48592284307918,60.153303764330744,85.91975534478887,12.925856485875597
2025-12-23 11:00:00,26.782893599868284,335.4849892805996,30.21194394601072,79.46300308893676,18.763972798365955
2025-12-23 12:00:00,28.602613060678546,449.05984019531127,6.411716497747353,77.62797316807837,11.945685121731275
2025-12-23 13:00:00,26.76536273305048,228.4045830265151,61.814630155098214,83.57938106793634,15.848744753254763
2025-12-23 14:00:00,27.21565783670127,308.8345051005493,43.65478452095195,73.86584248284446,16.395079633787077
2025-12-23 15:00:00,26.855356975640667,271.91948974993744,32.368703991568054,70.14113607092355,14.497421516157097
2025-12-23 16:00:00,26.840038489458784,226.07692682966353,27.84763083252903,80.30687823576395,8.185554254191418
2025-12-23 17:00:00,23.355045667251176,38.636956868816085,49.6541758206361,84.07632207629949,16.814928955442227
2025-12-23 18:00:00,21.662779114464602,47.54242367305187,25.28914587036717,75.8411572548873,9.76812692469567
2025-12-23 19:00:00,22.523675147807218,0.0,50.642743241499886,80.40166223029563,13.738892040764739
2025-12-23 20:00:00,21.41758075398221,0.0,41.5518261596239,82.12948295199672,12.608996142519203
2025-12-23 21:00:00,17.8922516556548,0.0,37.08912575607031,81.68705982434139,16.430841750446547
2025-12-23 22:00:00,16.36750153134921,0.0,35.601618953793995,82.89442854899683,13.352348481806738
2025-12-23 23:00:00,18.88928807626555,0.0,30.79437632304739,73.37186621714689,5.995076794185022
2025-12-24 00:00:00,15.00417892830942,0.0,49.70216869641344,75.40338750297678,20.851735467076338
2025-12-24 01:00:00,15.108153525433918,0.0,21.037424411746937,72.47549868058391,14.391606628052035
2025-12-24 02:00:00,17.459513845809894,0.0,9.68868999082131,67.09760112418809,8.282464077487678
2025-12-24 03:00:00,18.60606223849857,0.0,43.234168736661566,75.0530031758627,7.612511665153986
2025-12-24 04:00:00,18.13048669782305,0.0,43.486141814281666,90.05064419581994,15.971384880914757
2025-12-24 05:00:00,21.002752928361136,0.0,41.22118418095095,69.86987323868783,7.984793956724131
2025-12-24 06:00:00,22.354835629210832,0.0,40.13349243754503,83.07867131403033,15.209542111940559
2025-12-24 07:00:00,22.678015477225447,31.31856557690287,29.20946121821123,82.48565405547733,15.736804493018326
2025-12-24 08:00:00,27.151927946901623,128.7730160289713,45.82980745905733,86.37198584317785,9.692419747313687
2025-12-24 09:00:00,26.10264799292564,267.74061276274006,33.33419499195634,79.85431163559363,8.710762559786767
2025-12-24 10:00:00,27.805587280383918,323.9150313913814,26.71086348104678,83.15642625697272,9.454673630923669
2025-12-24 11:00:00,24.944976760158628,348.9974088804637,29.339197209443448,86.56005144294299,7.511439360237219
2025-12-24 12:00:00,25.104130157797698,229.3827555110249,64.32716237491192,84.8550158245954,14.134632347517554
2025-12-24 13:00:00,27.43613503927235,456.67416561420623,7.992925662592956,74.1701696611641,11.888763449136517
2025-12-24 14:00:00,28.749866529151955,301.02892417480587,41.51438845771143,86.49508754682832,14.985687966779562
2025-12-24 15:00:00,24.23104190725205,327.48426624936315,8.830910478918689,68.3132748989995,7.1082491531616725
2025-12-24 16:00:00,24.694814154435072,166.85950923202765,32.39406681842985,77.21975504788759,14.97954081588756
2025-12-24 17:00:00,21.6968946213908,103.26916389106242,27.513154615961632,74.54464659688529,7.424953534040121
2025-12-24 18:00:00,21.07421513500436,0.0,2.742142443076279,73.87929322195616,13.494676435014885
2025-12-24 19:00:00,20.965374002921475,0.0,39.853130749780895,71.37798032033372,6.046019139176852
2025-12-24 20:00:00,18.868029936611816,0.0,28.31699596039151,85.48217939692708,17.686809454113583
2025-12-24 21:00:00,16.775709533930094,0.0,2.5294717548557912,74.83499433037782,8.040407827287293
2025-12-24 22:00:00,15.952004497262255,0.0,46.61108825488823,86.25967724663275,14.7269098536313
2025-12-24 23:00:00,14.726984853234555,0.0,55.54265956310847,73.91004640722764,15.490978978741532
2025-12-25 00:00:00,17.633712657943878,0.0,56.96691318455727,80.4459759289509,7.770208389799813
2025-12-25 01:00:00,17.961379915380054,0.0,39.99939465988076,88.80798752867508,15.3405023900335
2025-12-25 02:00:00,18.454346162354323,0.0,35.30592012876542,79.22129875574876,9.562304289513872
2025-12-25 03:00:00,17.29669127060736,0.0,54.537397363545644,76.46952608645611,11.50257538677334
2025-12-25 04:00:00,20.82189039151135,0.0,59.850801830210166,86.99752768821426,10.31165104940599
2025-12-25 05:00:00,21.638870756016424,0.0,51.618578593243065,87.10460455434277,19.0361032221231
2025-12-25 06:00:00,22.02363644240341,0.0,20.491984016661675,78.52691243833387,6.344700197666558
2025-12-25 07:00:00,23.104371573040492,77.25189069801071,37.635220848332516,79.24112340309631,13.60291216480512
2025-12-25 08:00:00,23.67030360401815,169.8857437640101,41.20779021448012,86.4792199808342,9.565744620805518
2025-12-25 09:00:00,25.79949800380499,301.9452345267786,7.470793516350252,68.53771374916677,14.737828259880354
2025-12-25 10:00:00,28.4467028796005,307.48154225568464,41.655457944420306,82.89730421580914,21.36819072230442
2025-12-25 11:00:00,28.32299644551172,193.80916166553055,68.70992543979952,87.65412011045332,10.914115228385226
2025-12-25 12:00:00,26.68108016304711,347.69756150179285,44.21409053712056,80.4359288825747,12.770939758506259
2025-12-25 13:00:00,27.543990745516922,274.3106891074783,56.716244271735036,82.20247873189834,11.29500318996984
2025-12-25 14:00:00,24.91242166830882,296.649619253678,37.35876900203927,77.9348670333885,16.020223200133405
2025-12-25 15:00:00,26.49877495032441,214.75218262375643,33.516773190351365,78.61564413620634,10.681031558751465
2025-12-25 16:00:00,23.43403942829994,144.82063689165443,40.33411890132332,79.15481981930394,15.638795490642696
2025-12-25 17:00:00,24.205581168938494,133.4009051138669,22.3776483303422,79.67892446663134,9.527958705172745
2025-12-25 18:00:00,25.873947561381634,0.0,20.15842024159286,72.5285863449712,19.98287100713395
2025-12-25 19:00:00,19.97904232622704,0.0,53.60961640764917,92.29700273967724,3.9143840416861817
2025-12-25 20:00:00,23.313798015774353,0.0,55.20018319310647,81.44963350343671,14.267471565539342
2025-12-25 21:00:00,19.11644594195005,0.0,19.748453316298434,80.72005034300014,10.945257265345843
2025-12-25 22:00:00,16.709513371602185,0.0,49.13503011841666,88.64341485434483,12.269812431365237
2025-12-25 23:00:00,16.150431565564833,0.0,33.310648416018374,80.78440819586626,12.80710932294307
2025-12-26 00:00:00,20.09580059587997,0.0,40.30829215733238,81.4965028511325,12.24915031818608
2025-12-26 01:00:00,17.83261446434575,0.0,42.11444313150187,78.25888353467766,12.98187603107513
2025-12-26 02:00:00,16.95523257373928,0.0,50.126420561840696,81.45296300618458,14.138723124321833
2025-12-26 03:00:00,18.22132560538855,0.0,36.45193656792375,81.52870328182063,18.818520914309417
2025-12-26 04:00:00,20.0813668166987,0.0,56.36359346950496,84.90301535153273,1.7558605872181285
2025-12-26 05:00:00,20.715926202387518,0.0,39.852356136374794,86.82112098368918,19.380936144426986
2025-12-26 06:00:00,22.471027195833482,0.0,44.57392762701891,79.54987885863643,22.46788845475742
2025-12-26 07:00:00,25.621147696840225,150.80129254178195,22.712224666917223,73.91456170745259,4.131293696759336
2025-12-26 08:00:00,23.054996441745583,99.32424403452876,67.59104870054844,79.16585967305583,13.570978025823525
2025-12-26 09:00:00,26.394911637702883,262.0040429924473,42.258537388050414,83.87303691993546,17.598097280576386
2025-12-26 10:00:00,26.256718438512483,248.19956751282695,45.90612492015241,84.3541175739809,15.96943919678244
2025-12-26 11:00:00,26.20222848724607,439.7472674656362,11.088376371802799,77.77716929982986,17.259256901291927
2025-12-26 12:00:00,28.415184723803986,415.95580868095936,22.870633193789406,80.67256193789026,12.631304884136929
2025-12-26 13:00:00,24.95113411203228,270.41064112085894,53.77941885875688,87.69691729514311,4.55779755097238
2025-12-26 14:00:00,23.27512195900651,265.4502000654916,39.51453031436499,84.59294403458078,17.194244430730958
2025-12-26 15:00:00,25.848785130800596,271.6939870928332,6.504467517542029,74.84914292406758,12.867126183807095
2025-12-26 16:00:00,24.341724643842298,136.2914173251974,50.78551247473321,86.91558600219767,18.404649771962028
2025-12-26 17:00:00,21.55675210556572,112.54888498333462,27.05442147468507,68.37028399211712,5.216761081137408
2025-12-26 18:00:00,19.797640060636517,0.0,56.3809183281266,79.67663001415168,7.955087198466576
2025-12-26 19:00:00,23.237086471133907,0.0,33.893628360920424,72.72187399641393,11.760506444917235
2025-12-26 20:00:00,20.123277608024644,0.0,38.28176383028387,86.95281437113128,17.246464088415287
2025-12-26 21:00:00,18.51136383973764,0.0,52.895482218850645,80.58236819179093,19.091130726607027
2025-12-26 22:00:00,20.545049668402143,0.0,21.748768977155986,73.29112388731717,8.184454539205099
2025-12-26 23:00:00,18.520410415216958,0.0,20.318461422466825,76.38484012628346,9.39016827117302
2025-12-27 00:00:00,19.330095959467478,0.0,32.85826065674049,73.14665353466069,23.1307571592346
2025-12-27 01:00:00,15.666466919768391,0.0,48.213328957030434,85.65608609799588,10.199549258265925
2025-12-27 02:00:00,16.11729877168093,0.0,15.842578173509743,64.94109871407875,13.493519239800179
2025-12-27 03:00:00,19.296700057483292,0.0,10.785217964375654,67.96435109785139,8.731886906882377
2025-12-27 04:00:00,20.068885141289734,0.0,48.16155086836899,84.07413588600072,14.307115248181965
2025-12-27 05:00:00,22.360501578610446,0.0,26.76106227420705,71.17800916792461,7.872720550841148
2025-12-27 06:00:00,19.910010619858753,0.0,29.922346768907857,85.03965061743331,8.144774070275405
2025-12-27 07:00:00,24.23880802404095,61.24736751249229,7.953580933609615,72.63397122296446,8.914547182816328
2025-12-27 08:00:00,25.816085381211593,179.03651198973878,25.621047247432372,82.24319966748453,9.100183182438856
2025-12-27 09:00:00,26.78259375055275,273.8654951179783,35.692227513244845,80.74525106999378,10.568144620793014
2025-12-27 10:00:00,25.83146048111762,246.9105444584442,49.761404827055486,82.55598328488452,14.59147594670101
2025-12-27 11:00:00,27.53386501228545,417.96628543377955,24.237284469192524,70.99643059068369,18.77337809032813
2025-12-27 12:00:00,26.02168193821025,248.55956827824411,60.66637876619956,89.95907364231431,10.671298772477982
2025-12-27 13:00:00,26.47883538280928,388.83430177731447,25.537396600015093,78.66879713760885,7.323006411328214
2025-12-27 14:00:00,25.004345935600092,363.18695071524786,25.559359938934485,87.1124276071715,11.316005068342294
2025-12-27 15:00:00,24.579304615557568,206.48883744092313,58.86610024117914,89.22163120756713,9.537919169851465
2025-12-27 16:00:00,24.216785130872353,137.52962108566436,38.97763924817086,78.17487716098428,5.4083488055340725
2025-12-27 17:00:00,22.68591361134858,75.5029771298797,27.525366027538453,78.97556232943765,15.633332417459243
2025-12-27 18:00:00,21.043607281792877,29.25177475966458,33.4787399950032,81.37383379327034,11.995962353910585
2025-12-27 19:00:00,19.04646476442092,0.0,56.101840625842996,91.0332819229701,13.519065816701287
2025-12-27 20:00:00,22.079460682761923,0.0,57.79877925709733,91.7971255136576,5.181282085346425
2025-12-27 21:00:00,17.843770425640937,0.0,23.553839273658262,76.45201776326634,8.838643026645158
2025-12-27 22:00:00,18.128864384433616,0.0,35.16922981152548,74.04537240284523,6.094954417670575
2025-12-27 23:00:00,14.91374348320221,0.0,37.1580893777257,71.83326772656017,11.776024880275788
2025-12-28 00:00:00,18.80512857489554,0.0,21.604990716726732,70.93273109435223,11.617549211408996
2025-12-28 01:00:00,17.42786441630086,0.0,35.56331658472578,77.36776725487519,12.312562960176573
2025-12-28 02:00:00,17.133020777388445,0.0,36.47843528125121,88.12133255115658,9.156137985221601
2025-12-28 03:00:00,17.93896740431743,0.0,53.501734558526735,92.33211597327336,9.2632040069343
2025-12-28 04:00:00,20.670417517209174,0.0,54.50996779914371,89.37772959297921,11.952632866651875
2025-12-28 05:00:00,16.907065419232474,0.0,31.460451399090577,85.53104740594765,13.001072234562477
2025-12-28 06:00:00,20.9687333617915,0.0,33.18929521656352,75.66505012170794,9.342606234456504
2025-12-28 07:00:00,23.179470938744355,87.124695260552,46.362976905310234,74.58724472525796,8.568522995549937
2025-12-28 08:00:00,24.370390296512657,165.66971602629053,27.620765640570525,72.26699013385867,7.802187400469032
2025-12-28 09:00:00,28.832624160827976,255.24243878564374,45.228194650536736,70.858062200541,9.627692530202243
2025-12-28 10:00:00,25.93144020945292,306.6622810180136,35.079995063937474,73.36050647588898,9.943402097052541
2025-12-28 11:00:00,28.15710892323879,380.5844406093667,21.857613708396386,72.76110220673621,6.700155341168818
2025-12-28 12:00:00,29.395339044610036,413.3635160944863,22.046041681280997,75.98572797734022,9.320257871629694
2025-12-28 13:00:00,27.7416121450836,267.5613931473582,58.10447281494223,85.09216263689842,17.84976058533063
2025-12-28 14:00:00,25.494350828369754,271.10594709083205,34.052270187326215,75.29073178503259,10.524588535647096
2025-12-28 15:00:00,23.90588474626301,163.74634057922688,61.00390378295036,88.55983292588526,8.094796316873634
2025-12-28 16:00:00,25.509231069641768,216.02409193143342,28.694048463752047,74.04492903346915,2.400728881035608
2025-12-28 17:00:00,25.47281271837929,89.58764333408952,40.7666703914481,80.47096919330798,19.38388038847138
2025-12-28 18:00:00,22.749936726301158,0.0,72.28874321974932,83.15978408542657,18.17171677707545
2025-12-28 19:00:00,22.349572076717692,0.0,20.53779120452651,81.27534854984589,12.165308185772565
2025-12-28 20:00:00,22.909715864172814,0.0,7.931374875979049,72.70055946654813,15.047381662011809
2025-12-28 21:00:00,19.59323736588837,0.0,55.6974443437842,88.42950056089975,14.895255109393592
2025-12-28 22:00:00,16.279234957659018,0.0,23.996455793579592,71.52626176914723,10.897142076449345
2025-12-28 23:00:00,17.27693456582375,0.0,36.08799691288219,81.3525798994224,6.843646296097715
2025-12-29 00:00:00,18.83308068718129,0.0,28.20078118303845,81.13690181612671,19.04457314808291
2025-12-29 01:00:00,16.898758075926036,0.0,41.01199605414197,71.54884874130312,10.302435564975559
2025-12-29 02:00:00,19.67909118993845,0.0,22.73151123202609,82.62149913753251,9.607015007518541
2025-12-29 03:00:00,18.429249062286146,0.0,34.290453021562634,73.61110297549155,11.864349788740526
2025-12-29 04:00:00,19.98645258283468,0.0,43.73678423816024,83.040729249399,12.405324626284456
2025-12-29 05:00:00,20.301742357644187,0.0,21.864921045698296,85.40948349817768,13.39207411061024
2025-12-29 06:00:00,22.25919817802119,0.0,26.48829389512389,82.1077088087562,13.162764934189948
2025-12-29 07:00:00,23.622077817216798,61.64712071199522,31.778811835834247,71.00170168885474,9.281485993833094
2025-12-29 08:00:00,22.46069643126206,218.83507697322332,15.557322826418051,73.68005072901218,10.881412848356064
2025-12-29 09:00:00,25.013263561181134,275.8937581502976,30.651139597831026,84.12794414894417,13.704870743946135
2025-12-29 10:00:00,24.778757441616513,276.9526187997723,38.77150243835575,75.94218691421307,9.290611827724632
2025-12-29 11:00:00,26.352188877444267,376.52245068411827,30.996320215985797,76.04685301182089,17.33643544389604
2025-12-29 12:00:00,26.018088035039035,352.34558241217354,32.918906945836355,76.4376015993309,11.564937621362672
2025-12-29 13:00:00,28.19679759615538,357.7015333042209,36.69102927621344,81.84343230824233,18.2284546744566
2025-12-29 14:00:00,27.71234787273715,287.30492522403995,27.15340240332751,68.99654127826759,5.7891277998686395
2025-12-29 15:00:00,26.315717242170052,231.79032961946797,47.35549282781538,85.07206670841602,14.986290258052946
2025-12-29 16:00:00,22.903856935024507,128.62261892887287,58.52922621183886,82.13273211817507,9.364982654807562
2025-12-29 17:00:00,23.218320950738796,125.81687990566537,30.023848456880497,78.01652894803482,8.963305984207175
2025-12-29 18:00:00,20.30045093028963,0.0,44.26752781197783,80.94745787799665,15.832780868763201
2025-12-29 19:00:00,20.566224308354766,0.0,33.395297008292516,82.31272480985486,10.755855811984022
2025-12-29 20:00:00,20.393448453001845,0.0,42.4718645153898,81.5037480901037,22.513240591499915
2025-12-29 21:00:00,19.806002649460694,0.0,60.47624730786104,93.40033364099422,15.095923907984641
2025-12-29 22:00:00,18.336372130498358,0.0,44.619447485083704,87.40155136276825,9.44786964652604
2025-12-29 23:00:00,18.858184837376708,0.0,10.388336257667014,69.84174285158726,12.59861951683818
2025-12-30 00:00:00,17.402564723825005,0.0,44.38838245527289,89.36319973605504,11.270619191964286
2025-12-30 01:00:00,16.93162393574758,0.0,56.07140413320364,87.12513871858432,16.131774895370175
2025-12-30 02:00:00,18.870513064493352,0.0,34.25450543359696,80.63246613036722,10.527978545061755
2025-12-30 03:00:00,19.707766445103246,0.0,52.512970075335986,88.46312281245474,14.25235467491635
2025-12-30 04:00:00,18.88345821298548,0.0,27.226714866289313,72.81841690935114,12.155065515588248
2025-12-30 05:00:00,21.263463131434797,0.0,15.295360590734397,67.78712931794247,11.078483353692635
2025-12-30 06:00:00,21.682274034168692,0.0,39.69598326605811,80.84636204562182,16.151992200426307
2025-12-30 07:00:00,20.747803403458384,95.66628650072757,11.23129717237379,70.71414459734368,3.3485546829467054
2025-12-30 08:00:00,25.137019860553625,131.13827883376592,33.981882790164626,89.14351057632472,12.089136336042266
2025-12-30 09:00:00,23.917536490411376,186.4826141271627,56.881081923251045,80.86102593617699,10.039357463124198
2025-12-30 10:00:00,26.82169991186239,439.5662249188775,8.932004397374289,72.46098285204639,5.051996565097875
2025-12-30 11:00:00,24.89861235944208,379.56326949680664,18.385996044860033,75.87152952208609,7.568069806049415
2025-12-30 12:00:00,26.129314220679344,382.76374785066423,22.09796430614484,81.81146474150033,8.625882569318271
2025-12-30 13:00:00,26.33083210999526,316.03203571349667,36.628650087904106,74.28473259525407,10.890083243852473
2025-12-30 14:00:00,27.957250641133253,349.49085097220353,32.092696198875366,69.8192594587062,12.953952208286854
2025-12-30 15:00:00,24.90684574875734,190.56522407733146,58.565493709009814,91.92752060078726,15.097447738607467
2025-12-30 16:00:00,23.16741918111499,134.78819209044343,51.89367291994397,83.95089977352544,10.958410623472345
2025-12-30 17:00:00,23.83262525291059,119.29436854814116,45.007542174597475,85.77570436888051,18.5888703285504
2025-12-30 18:00:00,21.782815755452297,14.487352198388463,39.762902698726776,85.0067894963872,10.502825037872988
2025-12-30 19:00:00,21.798514924137848,0.0,43.47689463834091,86.79948929979295,4.388018357189999
2025-12-30 20:00:00,18.249437486892415,0.0,24.648712653867875,75.58544519870797,9.854070171924949
2025-12-30 21:00:00,18.803457561655286,0.0,50.43660328691769,80.59395640563312,12.710471535554468
2025-12-30 22:00:00,20.94519123762946,0.0,20.897784168180486,66.15138217666384,0.0
2025-12-30 23:00:00,16.924189642616323,0.0,50.109102892101966,79.06414009759771,17.334798805124514
2025-12-31 00:00:00,17.322171819605646,0.0,55.9572365744234,85.75173882950685,12.401555166656436
2025-12-31 01:00:00,15.090440820100582,0.0,41.32806807396224,78.61146967697906,7.456820055996843
2025-12-31 02:00:00,16.640422193682838,0.0,35.521903158211295,74.72990814959508,7.935577131431909
2025-12-31 03:00:00,19.141525293717695,0.0,44.16974766728603,82.47331592053294,15.25538738092046
2025-12-31 04:00:00,19.150555221741946,0.0,0.0,77.89212693354732,13.535684713832035
2025-12-31 05:00:00,21.58408991026324,0.0,42.69897231992285,81.20705039761282,9.539884749500025
2025-12-31 06:00:00,22.631842578530403,0.0,36.464789075043825,74.10732292769099,6.4020729828261045
2025-12-31 07:00:00,21.660079245866346,133.13005341670387,37.405677346786064,86.51453101938539,12.393806031853117
2025-12-31 08:00:00,25.899320454407093,149.3350982156234,48.76308673610835,78.48528637156392,13.695793390032042
2025-12-31 09:00:00,23.999465766478448,244.7764400563667,37.04356521917001,87.10783005431146,14.113255578388458
2025-12-31 10:00:00,25.41515082836737,364.98259251699335,21.06199619287356,74.18755843794615,8.800590381834018
2025-12-31 11:00:00,27.207381808634647,337.4623166884526,36.04405898026026,79.4955580116727,11.313807519211025
2025-12-31 12:00:00,29.116552197403383,354.79382702553744,39.1784313038533,87.28159037434686,12.039492704682695
2025-12-31 13:00:00,25.604012160674433,337.7093793542724,39.88910771635612,73.42418803020027,15.861702597358102
2025-12-31 14:00:00,26.601539095362444,297.46954194130296,40.59388955191695,74.95771516481877,17.34690894317464
2025-12-31 15:00:00,25.817782802407013,277.7148949720119,53.75563471641923,81.9835014507611,19.090543722556745
2025-12-31 16:00:00,25.433990258099,224.76103615541217,21.874580747128718,75.00370713134123,16.30365109914138
2025-12-31 17:00:00,24.912757227090253,60.759366103485135,40.80060588511368,93.72358678946941,19.29387499133402
2025-12-31 18:00:00,21.554124443792308,9.25555465472913,57.51404452191454,80.75508585393284,16.928346518558108
2025-12-31 19:00:00,22.100731075124063,0.0,12.145926588583002,67.25013451259863,8.249884802282148
2025-12-31 20:00:00,21.308840521469122,0.0,40.85979925434174,76.38944923969025,18.17702430050374
2025-12-31 21:00:00,20.86303531359514,0.0,29.384421513045282,79.42731531129212,5.963539283390191
2025-12-31 22:00:00,18.401795557710745,0.0,32.604443275544355,81.90102030289302,21.08808147368035
2025-12-31 23:00:00,17.454461139007915,0.0,24.5929864944246,74.04464199586447,7.328707983869412
2026-01-01 00:00:00,16.482685618584334,0.0,36.351734095641014,80.77071139852326,15.36817909983625
2026-01-01 01:00:00,15.373333551043835,0.0,66.51382904755124,98.09846892447746,19.102706615728064
2026-01-01 02:00:00,17.408178822905427,0.0,19.928539413489474,76.59675043924054,12.833586739305488
2026-01-01 03:00:00,18.710150585445387,0.0,21.350844793965265,78.18613872693787,2.8661361430743675
2026-01-01 04:00:00,19.457305441120887,0.0,19.365976278695108,85.41783932162372,7.176523089032674
2026-01-01 05:00:00,21.58258359943034,0.0,64.80626913056919,83.52405116848354,14.667567764261813
2026-01-01 06:00:00,20.20922017755518,0.0,31.959899248328373,75.19154819256254,14.140478409361597
2026-01-01 07:00:00,23.15717410841952,115.63170575801476,38.510408925932566,77.85561561348274,11.210354003947218
2026-01-01 08:00:00,27.19284579615307,182.00013778070849,32.85325071455408,75.54483322117521,11.94000392380789
2026-01-01 09:00:00,26.929457727569293,276.3814414489828,24.728651655101306,67.0876786929153,5.360825026845735
2026-01-01 10:00:00,27.230819621182395,350.28968861046155,35.36773513193115,79.49728155478564,18.865795960257714
2026-01-01 11:00:00,27.437161653258244,212.08910136918618,75.76864891719607,89.96129449256658,12.276697786883732
2026-01-01 12:00:00,26.6245840196654,276.7927520690231,59.7760586457615,84.07103430933076,16.143837838145355
2026-01-01 13:00:00,24.64898323844528,389.10071405832053,26.100927564263593,78.11523861946912,16.91929470126023
2026-01-01 14:00:00,27.02403962074146,268.76605149967946,48.60860637707296,83.43908985140675,7.810257006059537
2026-01-01 15:00:00,22.452222529039833,254.69269900281842,26.42215324115203,70.70694508379057,11.83316904937161
2026-01-01 16:00:00,24.176422812887058,228.32828329152733,12.249480248454365,74.92910637576418,11.724440933637393
2026-01-01 17:00:00,23.388983713443242,75.13691219277106,54.18765859611712,86.88112748567147,11.677180418533478
2026-01-01 18:00:00,21.518297868254546,46.056243911862445,56.29638753080094,76.91084487895915,16.524240066796494
2026-01-01 19:00:00,23.628348186946862,0.0,54.58577859686616,91.46777253301848,10.060311801918562
2026-01-01 20:00:00,21.971291054913745,0.0,31.847016092854087,72.53707885045218,11.812261123032345
2026-01-01 21:00:00,19.906766782130724,0.0,36.393358821117886,74.47113409751533,10.33608839217582
2026-01-01 22:00:00,16.566593619467383,0.0,50.14147813601953,85.11015705038724,21.809245743116307
2026-01-01 23:00:00,19.767856227893418,0.0,44.76743539136928,84.95017436757482,9.58717307578108
2026-01-02 00:00:00,17.92211564948772,0.0,33.57140437621608,83.64289026960952,14.65835389113483
2026-01-02 01:00:00,16.06325307989265,0.0,15.189889143899276,78.24294600003333,17.946056685444308
2026-01-02 02:00:00,17.82986073477983,0.0,41.184094357801925,79.07302940744853,8.3857436777625
2026-01-02 03:00:00,19.82806917268374,0.0,55.66111103421345,85.53387385008087,13.164387348393486
2026-01-02 04:00:00,18.838913276181906,0.0,21.512142110159388,75.01884666938051,7.129955389280885
2026-01-02 05:00:00,21.006052864578933,0.0,49.0573571708114,84.03472654763927,4.4011873844875815
2026-01-02 06:00:00,22.528875059351115,0.0,44.44909187267714,82.1252250072967,9.0823847982163
2026-01-02 07:00:00,21.98044053252751,111.44415290843496,50.72819039415675,80.91043847077954,10.254956210656719
2026-01-02 08:00:00,24.266335066931635,149.83491030034585,52.55559894145685,81.81285989450967,10.584066686082673
2026-01-02 09:00:00,24.3198883273935,258.99016057073885,29.05898781679145,68.40574207857458,10.254376717218522
2026-01-02 10:00:00,27.576851208357834,390.67522111637356,15.221575443197551,77.86951627784862,10.78558840304079
2026-01-02 11:00:00,25.766612847211867,339.9917940067103,31.473173560428556,79.54108899796829,6.786452234031416
2026-01-02 12:00:00,27.496800584387714,326.4125687907236,52.81287620857685,71.59529821757293,14.047124673748204
2026-01-02 13:00:00,25.13988233655057,387.33993353926013,31.34590789278218,82.08129596638443,16.4206238153579
2026-01-02 14:00:00,24.9741148398554,361.2199873176835,29.065316587807118,77.30507287819108,16.775846714531582
2026-01-02 15:00:00,24.11654410302776,319.73089805978594,12.155711316802169,68.78733563193946,9.567088459571055
2026-01-02 16:00:00,24.241008068972803,115.24997060556389,65.76567976393582,81.72814283381152,16.863835596788316
2026-01-02 17:00:00,23.646047100491113,81.03621444409993,51.86167106705139,80.02739985795093,9.86908285937609
2026-01-02 18:00:00,22.59163765276603,9.501722376980194,51.02440616479321,78.75972922339238,11.177765535657414
2026-01-02 19:00:00,18.51945487228092,0.0,53.99184724736385,80.78410357881248,14.29369134929369
2026-01-02 20:00:00,19.39822456977834,0.0,48.12659186882277,91.67508536352122,11.067481532481096
2026-01-02 21:00:00,17.60617812046104,0.0,35.81103361797881,82.217461658339,6.734926423769363
2026-01-02 22:00:00,18.48176079069605,0.0,37.01950488383872,90.71266369172264,15.183995872813275
2026-01-02 23:00:00,16.939899407168525,0.0,33.06250097678987,80.9033334112232,8.338709502769934
2026-01-03 00:00:00,17.03163061983664,0.0,79.57524528549587,94.28539532881761,11.898857294555942
2026-01-03 01:00:00,16.338648175641353,0.0,48.392814438762514,79.29388041800584,16.652531478375288
2026-01-03 02:00:00,20.04862593068613,0.0,33.09712734899935,78.47684603541839,13.803357596159824
2026-01-03 03:00:00,16.93252377100477,0.0,47.03658558176507,82.86086697409922,13.056273824841716
2026-01-03 04:00:00,19.117056739635107,0.0,24.89110020142611,80.50567876621001,5.367325501773637
2026-01-03 05:00:00,20.98249369088293,0.0,62.621734748109276,86.31064172963396,8.477885541687272
2026-01-03 06:00:00,21.809942326260874,0.0,30.13809753216377,80.06967049276238,13.09620201153003
2026-01-03 07:00:00,22.43768937513434,112.69076085378103,47.570415458607854,84.15458984367713,14.89864762376844
2026-01-03 08:00:00,22.281522329805842,158.2957178732937,56.04379841541789,83.20443289178246,13.81426736129017
2026-01-03 09:00:00,24.773283196914125,237.24963214602025,45.82566213234576,79.76196773142722,10.39632369396755
2026-01-03 10:00:00,25.21963765211131,306.96172807177345,41.471183846565445,77.28988464034997,10.047137614912563
2026-01-03 11:00:00,29.14933202911296,349.88746443293473,40.216165242111096,85.14315995130443,12.874132490026845
2026-01-03 12:00:00,30.080815634318142,328.10970899436927,39.20751751596426,77.82759897725128,6.953287502103636
2026-01-03 13:00:00,26.90031087719173,379.0616575928156,31.403656635358338,79.5103550495642,11.936938900575456
2026-01-03 14:00:00,24.64065444367401,354.2328056899455,33.311882522725305,77.89909679085353,6.110512821401133
2026-01-03 15:00:00,26.631702170499494,183.92664160595078,62.2479895740349,90.9303290323204,8.901885694591185
2026-01-03 16:00:00,23.361311488427404,166.8374032965153,38.42608447899352,70.21188609637268,12.634160628443434
2026-01-03 17:00:00,22.71688378298021,111.3716270077761,28.267189928529277,79.22411414266905,13.74628754533743
2026-01-03 18:00:00,21.319206497602398,0.0,32.30967001634824,72.65498403090746,12.98268269987188
2026-01-03 19:00:00,20.191958343362924,0.0,56.55969417972922,87.11463729076792,8.369858369305408
2026-01-03 20:00:00,19.175574600202697,0.0,50.18823346673805,82.98798941988306,5.025340028799118
2026-01-03 21:00:00,16.893624487079894,0.0,48.45907164275472,76.2389186952542,12.38969262472501
2026-01-03 22:00:00,16.893966148060795,0.0,36.191315985624,82.25193300828036,4.212051366046258
2026-01-03 23:00:00,18.633009317917796,0.0,48.654571021865046,84.53960045607057,16.2104318542355
2026-01-04 00:00:00,17.113781188257494,0.0,30.975909438613343,78.07080439433095,7.223454331895949
2026-01-04 01:00:00,17.490684073233957,0.0,36.73511584268644,80.08734846219662,20.77351197325411
2026-01-04 02:00:00,14.92535562236502,0.0,55.17639362374924,86.41285047507324,8.9108529541932
2026-01-04 03:00:00,19.853990060892155,0.0,53.743491496659026,90.39887538098397,14.538989002009219
2026-01-04 04:00:00,18.76622935353184,0.0,25.900678623611014,76.1386009102093,8.348603772364326
2026-01-04 05:00:00,22.324469105909298,0.0,27.796429519244427,82.71559679590736,10.717126030961051
2026-01-04 06:00:00,22.3579624562009,0.0,42.25985860507421,81.07401892991251,12.848887132794689
2026-01-04 07:00:00,22.720830978497577,68.26738156873236,66.52131193291571,93.75087645904459,16.76723540888337
2026-01-04 08:00:00,22.476278736527362,226.0327339561465,11.895848845838149,72.47681205867812,14.672853562727258
2026-01-04 09:00:00,28.520238861333134,250.9499318465503,44.80432040643063,77.64142319003128,15.149492676581982
2026-01-04 10:00:00,27.531753684627684,357.133418864764,19.988676339275838,69.42902350922915,15.149958436572295
2026-01-04 11:00:00,28.109031061784943,373.7125451150874,31.114361409989876,77.4431582554843,9.091262108017231
2026-01-04 12:00:00,29.52188122783231,336.6231841363399,35.16290004190944,74.44657745648831,14.353328645450318
2026-01-04 13:00:00,27.278347458086756,415.63177687029497,34.321701161319695,85.56111487688173,10.352508668744663
2026-01-04 14:00:00,28.24565229646237,313.37746334438674,32.62238721798494,73.61268625122699,15.576029513779854
2026-01-04 15:00:00,25.070791281605757,246.98035173099873,40.73743221851861,77.02362251504785,12.499168376561329
2026-01-04 16:00:00,25.616257303427066,199.22508423250054,32.600492813414384,81.26310015295812,14.11107463517941
2026-01-04 17:00:00,22.632374716604385,97.93150726721541,18.692465540060773,81.25721993756834,12.100525605392026
2026-01-04 18:00:00,21.50238877661429,0.19561985623660896,52.32737050071471,87.56171117448206,15.657881487982543
2026-01-04 19:00:00,20.98941073332185,0.0,51.92240882010627,89.17561397726357,9.365511601878628
2026-01-04 20:00:00,18.009786627796256,0.0,53.27694096321309,84.26668674694805,6.376189076283985
2026-01-04 21:00:00,19.050122793898247,0.0,17.518308868911834,75.24143310582487,14.831786672047746
2026-01-04 22:00:00,17.421732518985156,0.0,45.11309860163532,92.77380410885405,17.635632286326945
2026-01-04 23:00:00,14.74394725667457,0.0,50.76900914997691,92.9820037683649,12.074858756047421
2026-01-05 00:00:00,16.584572044568525,0.0,25.73334224121607,81.5666615608152,14.531070379418612
2026-01-05 01:00:00,16.90133225051037,0.0,41.338971990541786,87.38257584842715,5.549706284784524
2026-01-05 02:00:00,18.958092881422647,0.0,39.45737358815436,85.36329273654019,9.486709777119392
2026-01-05 03:00:00,19.0147559283643,0.0,68.8336331463338,82.37632261667584,13.769500221148762
2026-01-05 04:00:00,21.561246573185215,0.0,70.06881382299844,88.13475591996172,6.562371860605722
2026-01-05 05:00:00,21.561579744854797,0.0,16.23602736785684,82.35864132530955,4.693848591870236
2026-01-05 06:00:00,21.459383104750554,0.0,78.61027835372968,94.08535801436288,14.562320903316445
2026-01-05 07:00:00,23.397760552948238,126.51164398227752,27.47298745050999,77.09063447684711,8.950923057975043
2026-01-05 08:00:00,24.227070048070118,158.33557026590378,55.91147268272124,91.93759666462387,11.408870590281222
2026-01-05 09:00:00,26.349431114934983,184.54498899069932,55.75884298076581,85.88380561759482,11.162732525901113
2026-01-05 10:00:00,26.58742830667951,365.0636598590147,26.26601986518275,80.40628891174697,6.178984733040295
2026-01-05 11:00:00,26.192034103353866,277.38673844767237,48.600390175396335,84.14394965720611,11.559928154662321
2026-01-05 12:00:00,27.190713108436395,316.53405160228994,39.58836710381889,82.57429613408179,11.924603058987659
2026-01-05 13:00:00,27.608696492721652,270.02305731022875,49.51632333729571,85.351122194923,10.144974751425123
2026-01-05 14:00:00,25.201311515185004,309.5556529578368,44.661457803519234,87.93353810826764,10.227171436296485
2026-01-05 15:00:00,26.127177792125977,196.02386935206732,59.14646554836355,92.06732232849767,12.141430184746886
2026-01-05 16:00:00,22.62724447105775,171.18222167559858,42.332366415000784,78.98354933801335,15.395663154428899
2026-01-05 17:00:00,24.910870467651822,90.18207951791152,38.68326222641518,81.76174041619817,11.556314834850989
2026-01-05 18:00:00,22.86486755005869,0.0,57.64233676366756,91.38589865114491,5.176805259624368
2026-01-05 19:00:00,23.00350521685086,0.0,49.9073127406889,82.41850539258031,7.719938209389187
2026-01-05 20:00:00,18.22795712434707,0.0,52.178574182623166,77.81596914594563,16.336184599043527
2026-01-05 21:00:00,20.117485837583786,0.0,31.232573183930896,74.29727945635474,8.819208575257543
2026-01-05 22:00:00,19.0659195597715,0.0,25.52243154683274,73.37282475864617,10.922174758360583
2026-01-05 23:00:00,17.113001703239526,0.0,32.68554111901933,77.36354000585993,19.333841223768832
2026-01-06 00:00:00,16.713449876283253,0.0,32.45778477097507,75.9262871663954,14.150152514221443
2026-01-06 01:00:00,15.962767230372243,0.0,53.563094585977616,90.19188897804875,4.084853639304862
2026-01-06 02:00:00,16.1234066092932,0.0,56.40986631059468,84.34983516805278,18.60012472606019
2026-01-06 03:00:00,17.690947714006956,0.0,39.44315121319789,87.56265420945559,12.570744439906456
2026-01-06 04:00:00,18.070577900130786,0.0,63.233890838549186,81.49641928175282,14.638895809147561
2026-01-06 05:00:00,22.98343023840983,0.0,62.29714646266085,84.41015819196147,14.331537853621674
2026-01-06 06:00:00,20.250418735005006,0.0,45.42108930219199,82.88909628465495,15.924479712528997
2026-01-06 07:00:00,23.690745582305155,101.69491813724503,29.4417289830383,81.91012840989177,11.153120702469431
2026-01-06 08:00:00,25.269502900205268,156.44458188229814,65.400755297717,92.32789721542903,7.343764030099176
2026-01-06 09:00:00,26.203369142719705,250.07764701156523,40.85484529075778,77.64161949172501,13.336845868328497
2026-01-06 10:00:00,27.112088447695495,278.0346169778741,43.662583502648516,85.86592515055085,6.655859810004813
2026-01-06 11:00:00,28.26303577938455,347.16428330090764,36.67603017208537,70.57008805613094,19.100153979858767
2026-01-06 12:00:00,26.62338742408696,388.28633273470416,28.423250661725938,81.51896047187319,9.972598715924796
2026-01-06 13:00:00,27.146531206097247,399.83185965077155,19.740514101454522,68.20782368209488,10.780063631149408
2026-01-06 14:00:00,26.151583287321376,233.05298073415608,51.26313040954322,85.17626481185141,9.859053531417707
2026-01-06 15:00:00,27.431903409812605,300.2923324219172,30.019089747734593,83.08591956668987,12.857623938626594
2026-01-06 16:00:00,27.43291193577197,117.24981485531322,87.66307399113626,96.28698340446195,16.200615634214106
2026-01-06 17:00:00,21.94506757255745,76.50262790354999,25.479001816996714,68.93210076561984,8.559139071985461
2026-01-06 18:00:00,19.56265513986901,0.0,22.90936843146335,74.60678177680482,12.957723746341552
2026-01-06 19:00:00,21.648862049466757,0.0,49.42218629038552,86.74288287135674,12.742014201729813
2026-01-06 20:00:00,21.094570984761052,0.0,64.70980774069332,90.50474085812101,12.852014569099273
2026-01-06 21:00:00,21.211622836544887,0.0,42.73895041033222,82.93265013749406,9.130797372208402
2026-01-06 22:00:00,18.832216672914093,0.0,50.35374185899302,72.8055667026317,21.775240271480865
2026-01-06 23:00:00,19.18797235010266,0.0,14.116894294303254,80.69127202633011,15.437012176891045
2026-01-07 00:00:00,19.38613841115125,0.0,32.172681695584615,86.0665516113639,14.522086021254395
2026-01-07 01:00:00,19.302641430086833,0.0,26.23111894389761,78.53108277543305,15.81749166793657
2026-01-07 02:00:00,19.04344110270195,0.0,13.909667131742896,75.81379030128704,11.89511709203165
2026-01-07 03:00:00,17.02565312065273,0.0,44.09005839131942,85.0339685313284,10.807174123655892
2026-01-07 04:00:00,19.717189045822185,0.0,8.692940556804608,80.56787079945155,0.0
2026-01-07 05:00:00,21.324014437676365,0.0,22.502415389649382,77.72977259994386,6.2491738880747025
2026-01-07 06:00:00,22.09830693526034,0.0,34.277447970759845,78.34874272583919,20.373974374172253
2026-01-07 07:00:00,23.472616938721195,102.57800214244509,29.86606734169497,79.90322486202997,16.134107707042546
2026-01-07 08:00:00,26.765455941206323,169.7511578627747,48.28148241406713,82.05000282245126,13.223348798368612
2026-01-07 09:00:00,24.779712175549914,276.8070358131663,46.919057759498315,82.06405499202204,6.03580680263482
2026-01-07 10:00:00,27.59695454906089,232.60021024455008,55.742336069992966,75.01674397972307,15.32621950781715
2026-01-07 11:00:00,27.46906270220039,217.6706954055952,53.62111087165128,85.94907629266004,11.56887855675226
2026-01-07 12:00:00,26.11326735240222,253.19953468758888,59.447546721381826,90.85217182134814,15.764208993170442
2026-01-07 13:00:00,25.658106642127734,339.6184082018018,42.3065788808253,85.879792542734,7.667658436886735
2026-01-07 14:00:00,24.346476881810027,280.50561210254295,46.88735839321116,86.87482541252534,10.38457124846089
2026-01-07 15:00:00,26.39484350327819,190.43368656503014,50.008060409748985,82.32777702078789,16.04085451592234
2026-01-07 16:00:00,24.6458412009907,130.27980923985035,44.4602053418265,82.19655612118802,19.93426047250384
2026-01-07 17:00:00,22.448644024954845,84.20469981514778,36.377440232205004,85.73407694021589,9.185111735412645
2026-01-07 18:00:00,19.789122796645174,0.0,37.34871686586456,84.75558226277826,7.8689877219894075
2026-01-07 19:00:00,21.496488405303005,0.0,30.07197890601163,85.77530273206861,15.595143161830514
2026-01-07 20:00:00,19.502213976731635,0.0,48.659607329608555,79.92598750798687,7.393306273895152
2026-01-07 21:00:00,17.76472403907343,0.0,40.92512726968378,78.22179340780421,7.294150873418626
2026-01-07 22:00:00,16.64468053744378,0.0,32.38774862140964,77.98739345037993,12.683129601253537
2026-01-07 23:00:00,17.088282614516462,0.0,32.401682591092225,74.87201497989689,19.962825912154237
2026-01-08 00:00:00,17.865440207009897,0.0,24.74097305903045,70.94815169344973,7.841903115161145
2026-01-08 01:00:00,16.995837764355763,0.0,57.57957409433027,88.23870398923412,11.399955010909581
2026-01-08 02:00:00,16.379233531141246,0.0,44.07621901874909,84.61492169731899,12.649025670600174
2026-01-08 03:00:00,18.643348428069988,0.0,29.954953682173226,79.97336561750673,9.606879635968697
2026-01-08 04:00:00,21.113656482977262,0.0,55.02517021980255,86.40797029742322,5.683920467897782
2026-01-08 05:00:00,21.01269741865373,0.0,34.49022182885668,72.2020923671869,14.932339785474934
2026-01-08 06:00:00,22.343395380531433,0.0,21.799444570588786,73.74808940970979,11.835272365741583
2026-01-08 07:00:00,23.125170357249836,125.27535840413314,58.21528831405927,83.66770430549465,14.378226202290412
2026-01-08 08:00:00,23.597881821814873,149.2138561964896,34.840499132280584,79.46297272482003,11.175209507625112
2026-01-08 09:00:00,24.590212040221765,243.50360864905798,36.763467622640434,72.25352000994185,17.8908743526006
2026-01-08 10:00:00,24.42416150769356,293.1731979909613,43.51465428100994,76.62608342247812,10.157577811469315
2026-01-08 11:00:00,28.619667494297495,261.14729308978383,60.035792317624,82.58360569483169,8.693588470235792
2026-01-08 12:00:00,27.855635204411062,363.64315493710353,43.19751333876695,85.96246006286717,18.81470337045905
2026-01-08 13:00:00,27.191306798022964,379.0625109355579,24.910197083593822,77.50820469364801,2.451031913736271
2026-01-08 14:00:00,26.96882939128166,262.13311375676363,51.05510903745498,87.87628383055394,11.937563070191146
2026-01-08 15:00:00,26.231366896573956,277.1516570371597,35.622108111846416,78.40866630919689,11.479075046318902
2026-01-08 16:00:00,23.79953459821746,164.9243021668839,71.21581354871427,88.28896766432115,13.102581413233544
2026-01-08 17:00:00,23.12569897298017,122.64191111560586,42.880158145803925,83.79656427778961,5.939160638317318
2026-01-08 18:00:00,21.637973494951456,0.0,9.371421507292283,72.2611052675216,5.728391218374559
2026-01-08 19:00:00,24.22520077197376,0.0,48.257428558107385,79.35694960573382,16.24483290088667
2026-01-08 20:00:00,21.08070742944177,0.0,72.0659208596757,81.455446983921,19.14465683197674
2026-01-08 21:00:00,18.937157839889135,0.0,66.53575830395312,84.8537800268195,11.657547251915876
2026-01-08 22:00:00,19.700097314295256,0.0,70.36126830712075,92.8662387627978,9.79540854004901
2026-01-08 23:00:00,19.03641036196446,0.0,27.600551195050322,84.39804695794395,4.2408633929454105
2026-01-09 00:00:00,15.487552778990725,0.0,57.13702259406162,82.14533822388015,16.619130193718334
2026-01-09 01:00:00,17.162895981982444,0.0,32.624818558359266,70.96308282530094,15.629828111944105
2026-01-09 02:00:00,17.930885644051877,0.0,46.81907764566381,87.69819093210555,1.09778531807628
2026-01-09 03:00:00,19.541686806569178,0.0,24.360450223313954,77.55535287308753,1.5223753418857537
2026-01-09 04:00:00,19.491043809945065,0.0,33.7879001811692,72.83808436652315,12.23666526596234
2026-01-09 05:00:00,20.86004870369839,0.0,33.311036193955715,63.694804660810725,12.730275984249948
2026-01-09 06:00:00,21.682480903346487,0.0,56.933065856549185,80.21384112341413,10.937342158961485
2026-01-09 07:00:00,24.939945315698473,83.50275477960597,55.465523479454774,81.86065973738873,12.64147995972032
2026-01-09 08:00:00,22.90589180327876,208.15800750378114,47.60703259437226,76.75761978375048,11.391395331133761
2026-01-09 09:00:00,25.262207081720426,302.4265792537387,23.19841538357916,79.51980461576228,11.26563324868499
2026-01-09 10:00:00,24.215582605032488,342.01845500137154,38.78014514516414,76.0498597665599,8.335369335826666
2026-01-09 11:00:00,25.77333223417784,379.17640130270104,32.26298941026905,78.3117572415348,11.564143201737675
2026-01-09 12:00:00,27.694565085108703,319.4261524581673,56.49987300482731,95.8882299322054,10.127526095764983
2026-01-09 13:00:00,27.54886408721941,312.2082504632116,61.12750944666771,85.78685424584586,10.025531943789503
2026-01-09 14:00:00,26.20521219809457,225.51572085153737,59.300520444873186,84.3667563787992,5.497455551775193
2026-01-09 15:00:00,27.27894897473708,246.1774076849263,32.12644536315463,77.52513039501075,10.904158330442792
2026-01-09 16:00:00,26.542490132314306,256.80373824954034,2.361739820067754,74.00413379935972,13.329981258168475
2026-01-09 17:00:00,23.48633406847387,111.01207426283459,16.95030818245913,77.49005214661454,9.545175834673298
2026-01-09 18:00:00,22.6077970921377,5.50884582017405,64.77914132564307,81.83584337825441,11.825024511067076
2026-01-09 19:00:00,20.399831378422206,0.0,37.43591256461258,78.29323880071397,16.894672162533364
2026-01-09 20:00:00,20.597188416712214,0.0,32.193867380433254,75.67224385613629,15.709622986842557
2026-01-09 21:00:00,17.194421848860454,0.0,68.09464105595345,87.0812812890311,20.343062936065376
2026-01-09 22:00:00,20.286692612096097,0.0,62.432135836734844,95.74813507438617,22.149947691138834
2026-01-09 23:00:00,18.934586088926583,0.0,43.82146748320674,85.25241656344228,12.429022095340278
2026-01-10 00:00:00,15.75281578472702,0.0,39.60749149404609,81.19013746491056,7.351704307115721
2026-01-10 01:00:00,16.456066895254228,0.0,42.027019667808815,88.31100578598641,10.016796945642282
2026-01-10 02:00:00,18.528916419186533,0.0,47.41597983581769,84.06701385316543,14.66280719653745
2026-01-10 03:00:00,18.33615970412901,0.0,68.00924707979982,80.11163599420266,19.160883336459037
2026-01-10 04:00:00,20.519399458188598,0.0,50.3455492235641,91.87830087771759,8.321826661480618
2026-01-10 05:00:00,20.550109568216914,0.0,54.898973355592815,83.9102322056659,13.766061606014347
2026-01-10 06:00:00,24.29367533040653,0.0,61.547589496058265,74.5127123547003,9.905932380896196
2026-01-10 07:00:00,23.616314360874753,66.36427495434737,26.463397844639413,69.1252712453409,10.73655279000655
2026-01-10 08:00:00,27.958141715161823,206.25496707899043,55.33146624711634,89.32757241075048,12.120119701976524
2026-01-10 09:00:00,26.63043183702987,250.1766886386957,39.590006540081525,72.03593906984543,13.504245043228154
2026-01-10 10:00:00,24.887321424050075,417.65960730344403,6.267109923414203,78.62980200367286,18.442657839212366
2026-01-10 11:00:00,29.853494734811015,418.74523804395017,12.085994730218516,72.9987124166365,12.504652842524793
2026-01-10 12:00:00,28.739702686182124,372.9406628781117,28.736773687225412,80.49270879386972,9.717505075874726
2026-01-10 13:00:00,27.63524108890107,345.2743658396463,51.97688628889442,81.61490333085052,10.219360568165207
2026-01-10 14:00:00,27.482170556830607,237.74551851906756,45.71553134011014,83.97338153111443,11.522407015392758
2026-01-10 15:00:00,24.301193156780847,237.59093379952336,46.77403846764066,83.68116665727611,8.851943796627946
2026-01-10 16:00:00,22.46573110141331,86.43573393600253,73.27269010030608,88.80566214086103,14.22222988073668
2026-01-10 17:00:00,23.551240650611298,94.03069002266193,24.97219363710851,71.43316865052718,1.6036681606056629
2026-01-10 18:00:00,24.103821485744373,0.0,43.59703754724984,83.12632804249868,11.335076724283075
2026-01-10 19:00:00,21.53174631558704,0.0,48.575070702212926,73.87888524047172,11.900718932515035
2026-01-10 20:00:00,22.033342991482343,0.0,32.96444111193066,83.64361543773873,7.005618657833094
2026-01-10 21:00:00,20.493473157067566,0.0,44.43343903624981,83.0693139757352,10.69310079109768
2026-01-10 22:00:00,18.008084344749353,0.0,20.009297848740523,78.67209435090317,15.48012695712399
2026-01-10 23:00:00,19.020674911130506,0.0,65.15713111913111,74.4016486761374,18.026053973702965
2026-01-11 00:00:00,19.321367138727556,0.0,34.333975425916464,74.10662026460037,9.584145232494587
2026-01-11 01:00:00,17.40812744326333,0.0,75.02919618555052,87.66724896480147,15.845401149937329
2026-01-11 02:00:00,17.733957889485943,0.0,44.071078855111146,85.77606721750784,6.209545583938999
2026-01-11 03:00:00,18.989044864716885,0.0,59.978997194860725,81.48233788465856,11.814315248255548
2026-01-11 04:00:00,16.706512961073496,0.0,43.75865067900566,95.22370449709389,13.111155167905668
2026-01-11 05:00:00,21.4124593836524,0.0,44.09703622996503,80.54582701985474,18.312562663022867
2026-01-11 06:00:00,23.278562515126666,0.0,35.797753715542854,74.4276765267868,16.56110000497868
2026-01-11 07:00:00,23.823952781469163,146.87979284780522,46.34505265436714,81.12842089174364,13.152970818377987
2026-01-11 08:00:00,25.290069883586195,177.71973559834927,49.32817413008369,77.83379574961673,8.820321747113807
2026-01-11 09:00:00,25.82100775476979,293.1943296847766,32.79431608014528,72.45372042735656,17.073778636216826
2026-01-11 10:00:00,24.075991699098005,338.6378875216683,42.68252747597471,86.16413125095102,10.772973532803242
2026-01-11 11:00:00,29.33299545773612,360.72273912665577,35.40671072301627,81.06793141884721,13.564292299137488
2026-01-11 12:00:00,26.863815635494174,253.11207986159604,79.05315475809556,92.36443848522237,13.46254774865419
2026-01-11 13:00:00,26.368521102772522,347.8555182693441,43.2122321651987,87.28154532380249,20.12958014642088
2026-01-11 14:00:00,28.437497768025978,223.19263017365955,67.73667598932136,89.15190427706487,10.946658713889702
2026-01-11 15:00:00,27.149837652048724,252.84550074029764,41.62385875175765,75.04645368964974,15.7462090516757
2026-01-11 16:00:00,25.19697874988492,115.0884113519537,48.4475083368966,85.92554819154154,12.076756421950229
2026-01-11 17:00:00,24.636269002658487,111.98044929574837,24.737732639193936,70.90589919270438,13.513304884894557
2026-01-11 18:00:00,20.84050830071878,0.0,37.852104835855,77.99675655233477,18.3726541136993
2026-01-11 19:00:00,20.942735225378392,0.0,47.71621377571167,82.6090525867281,4.367519608206278
2026-01-11 20:00:00,21.525212479410833,0.0,68.34825117827097,87.1723798884606,13.155854601672603
2026-01-11 21:00:00,17.926174866314454,0.0,47.887935379017044,74.37714186122045,8.8181371952023
2026-01-11 22:00:00,16.71403282170234,0.0,65.31399913176796,83.03337212800464,15.0486274940404
2026-01-11 23:00:00,17.614549144358765,0.0,54.169130366916775,84.83755695601008,15.473779202312837
2026-01-12 00:00:00,17.506618722980342,0.0,69.51456165597179,85.74921405336289,11.593819744529888
2026-01-12 01:00:00,18.386159206899894,0.0,44.21790830442567,87.9778424369515,10.122688369840063
2026-01-12 02:00:00,16.25221942121948,0.0,80.95688222377856,98.33881647499256,14.863072135961225
2026-01-12 03:00:00,15.524220901099651,0.0,37.82259852028966,75.57508658088733,6.798311821956456
2026-01-12 04:00:00,21.07154611422374,0.0,33.606614051036466,79.5896953310256,13.013201695181316
2026-01-12 05:00:00,19.671972817874433,0.0,26.95274881866599,85.7509787044931,8.076797530757354
2026-01-12 06:00:00,21.580957139017663,0.0,80.06891163737257,90.15899481240879,16.938038502773328
2026-01-12 07:00:00,20.82983370752567,102.68309312308216,57.395255153269964,83.23944135559005,7.5982393320173145
2026-01-12 08:00:00,26.203731095186434,200.07956765577632,40.09173056329688,84.44347777794734,9.735513262085856
2026-01-12 09:00:00,26.36491820578024,169.61943862811407,63.83888201710393,84.68397378231404,10.187395074482323
2026-01-12 10:00:00,27.107324534741633,244.17910418686552,55.41892434076823,90.19298332077852,11.578313953133625
2026-01-12 11:00:00,27.598065349444948,197.64516099297765,74.59545363463536,85.58542096422937,19.235132931114286
2026-01-12 12:00:00,24.695733808312276,399.31903604145083,21.886049072902832,73.44421252626891,14.478172481341486
2026-01-12 13:00:00,25.922857955068274,301.1847885250516,41.12313993928768,84.39313862704017,10.137419890516359
2026-01-12 14:00:00,26.11682638389535,306.9544741122509,38.16572080485912,80.17662486104038,9.986072921711582
2026-01-12 15:00:00,24.936112912008713,325.6915000339818,15.49830141787248,74.72618870326463,14.316168870094213
2026-01-12 16:00:00,24.52097959401314,119.38819083744981,61.00844963569691,76.07730808188481,8.394594676153307
2026-01-12 17:00:00,23.98809944754825,87.8778602841945,41.04759322695113,78.94661675182314,12.141907248412597
2026-01-12 18:00:00,23.682314419684957,0.0,56.19800963879994,88.86734252753082,10.386846932799093
2026-01-12 19:00:00,19.155584147887694,0.0,80.50012057894568,87.38314261188314,13.338250797654869
2026-01-12 20:00:00,19.86245860571519,0.0,39.80488618658738,84.5251930839886,15.226675994283692
2026-01-12 21:00:00,19.763417485221385,0.0,38.78624682414417,82.121998193165,9.262306512384644
2026-01-12 22:00:00,16.842509468667654,0.0,46.88350410986144,82.24592406959242,16.240767375216297
2026-01-12 23:00:00,17.293632871209628,0.0,59.91225185875265,93.22279134868508,21.793960265865678
2026-01-13 00:00:00,18.01378275433997,0.0,37.143724653536346,78.93464362150021,14.27322290073941
2026-01-13 01:00:00,17.592207390084447,0.0,36.179996076206635,79.1054327378229,11.472655562503448
2026-01-13 02:00:00,18.953595074020107,0.0,61.50225908680908,85.52684358885215,17.70365356006907
2026-01-13 03:00:00,18.994838689438154,0.0,51.32400989075913,84.43440120926621,8.130818910776307
2026-01-13 04:00:00,19.501843702642898,0.0,14.973496088116285,78.70288531020651,16.83296684155966
2026-01-13 05:00:00,19.588647097370774,0.0,27.263543041151973,70.56481272415219,8.350910265628237
2026-01-13 06:00:00,22.728584127544178,0.0,68.16295799059675,92.02167821987402,22.08052404862167
2026-01-13 07:00:00,23.8313248404591,86.36285557293812,51.67334427937078,83.73412768229298,9.715184580773792
2026-01-13 08:00:00,23.616583368059135,175.23177741154788,34.21148106762986,81.83055566070527,14.35738143870634
2026-01-13 09:00:00,26.699471482437996,250.16319986696487,43.08827517466386,92.77640015426455,5.91611563079134
2026-01-13 10:00:00,28.385692581370634,244.7695255595974,45.84297012521365,78.69458663832704,11.43914246294352
2026-01-13 11:00:00,26.378773147298542,320.7457479079148,56.68042043739105,78.13993628097545,8.515247286663993
2026-01-13 12:00:00,26.46134321664507,417.98774535124676,25.270469110306752,77.36741093753882,5.4974531965624225
2026-01-13 13:00:00,26.243501011654043,343.21406467297504,33.03018295313173,80.13185476847721,16.473585982281826
2026-01-13 14:00:00,24.555132005285174,261.38066448843216,49.738756356139426,87.15946593520339,7.576720311326251
2026-01-13 15:00:00,28.548625103076777,196.74924713005043,44.14690132575684,78.11254784606656,9.267054775823727
2026-01-13 16:00:00,24.323714009535916,143.59314299256533,54.22230777273924,79.80648548649158,9.304680669249477
2026-01-13 17:00:00,22.585369799080514,91.01790566115517,27.201809072794628,69.79779253272515,15.918742824048705
2026-01-13 18:00:00,20.94245744312027,0.0,51.00135017725841,76.821501283457,16.62006362398923
2026-01-13 19:00:00,20.60881207238164,0.0,62.01817432385067,84.38341066361436,18.182089064697546
2026-01-13 20:00:00,19.003492827544104,0.0,52.94669824042785,83.85322595637977,9.501482135793132
2026-01-13 21:00:00,20.741226241062403,0.0,47.731096129612474,93.19726092822796,17.784957697548833
2026-01-13 22:00:00,16.453778824401276,0.0,44.206165994699035,74.17055809642368,9.03036987686693
2026-01-13 23:00:00,15.577541372086236,0.0,33.12165274161607,81.67078861550625,8.637331024639035
2026-01-14 00:00:00,18.15926377100852,0.0,45.10069018019656,78.97160371288328,9.460124729114238
2026-01-14 01:00:00,17.47294688738744,0.0,65.07625685999948,88.81245580003606,10.604569369782622
2026-01-14 02:00:00,17.82198915794984,0.0,44.39524146779151,79.70933262737252,11.856614466021538
2026-01-14 03:00:00,19.633937678297947,0.0,32.83360922656723,84.49023459012582,8.286905946931865
2026-01-14 04:00:00,20.119669592517777,0.0,38.79696273531259,85.87724221647841,12.8654939559737
2026-01-14 05:00:00,21.08698637560391,0.0,49.19342352593234,82.61980274419372,2.0220776107034872
2026-01-14 06:00:00,20.61460453153415,0.0,40.57795910908068,88.29785883347486,12.941481586825427
2026-01-14 07:00:00,21.56751599497411,41.23150169727063,53.460218312740494,87.98047053086532,8.314292076514464
2026-01-14 08:00:00,24.03138756835717,168.92963601869178,54.02332547802884,90.91391805194685,10.023542698747262
2026-01-14 09:00:00,24.56780394679901,201.71052443438268,59.515416772863105,85.0279975362561,10.394727307705823
2026-01-14 10:00:00,27.122039021037217,286.1546067999894,67.53406115076888,91.62420317546038,17.149392045683573
2026-01-14 11:00:00,24.933244211557533,260.2481295642393,61.1185499323788,81.74833541643116,15.07433176268116
2026-01-14 12:00:00,26.860636343219078,390.11719921204883,32.16708310457399,73.7143801524512,10.94618599519924
2026-01-14 13:00:00,27.046576279648914,438.1677272546278,32.6276523681493,89.04905485091287,8.770445000969449
2026-01-14 14:00:00,26.720519619565973,296.19191326990267,45.04409691989602,75.87358684512127,15.383716047483968
2026-01-14 15:00:00,26.496131911490025,250.2936298693207,39.413038708202166,77.74831172687507,19.149491921135436
2026-01-14 16:00:00,24.517442212496636,171.76513829529304,29.105768162379245,68.15879156414294,11.343309758985678
2026-01-14 17:00:00,22.868300084398918,130.30890994891195,39.55529215419847,76.27926241863206,5.584489630275882
2026-01-14 18:00:00,24.05976865961961,0.0,39.0629750625078,75.23560064598868,9.141564435605456
2026-01-14 19:00:00,20.731806743412694,0.0,36.1029529703753,76.61451370093856,14.042012237386608
2026-01-14 20:00:00,21.786813941855474,0.0,41.4438267744683,82.64235349930682,10.301339145616783
2026-01-14 21:00:00,18.483745133824495,0.0,63.857431821568355,89.94697309665808,9.758093146133351
2026-01-14 22:00:00,18.090666882861957,0.0,49.16923968553198,78.5946622626247,8.84972952821359
2026-01-14 23:00:00,17.431943780837294,0.0,83.25780520762542,88.30132699830203,14.529604148054657
2026-01-15 00:00:00,17.778556917050523,0.0,49.269752770394106,89.11820580223481,6.32817553097525
2026-01-15 01:00:00,17.10254094101842,0.0,42.36114337104059,90.60137004548986,11.979429941770771
2026-01-15 02:00:00,18.272821172775785,0.0,46.77412321992236,89.2821919219661,12.692570394504216
2026-01-15 03:00:00,20.93249705447008,0.0,50.55950965675247,75.3183472589468,10.729888763704391
2026-01-15 04:00:00,21.34148005247043,0.0,53.240939337665324,90.10604853849586,8.490602349706649
2026-01-15 05:00:00,22.55633734702129,0.0,77.86279986798473,99.40069364751467,17.966754344515813
2026-01-15 06:00:00,20.73346298245275,0.0,34.03232300543584,70.9683148669478,6.370495338368703
2026-01-15 07:00:00,22.237912027129656,19.062844017746087,59.5978208527654,91.02727119330741,13.670815499971388
2026-01-15 08:00:00,25.261048925412588,177.66514917109578,49.82838894431123,83.84402297261364,15.402432029311255
2026-01-15 09:00:00,27.015465934853957,291.2311367520956,23.145663841540106,74.14840752216779,11.795132562186708
2026-01-15 10:00:00,26.133223526576806,243.3919256485786,58.27261171152082,85.22908363763966,17.838356951241686
2026-01-15 11:00:00,26.400741534390775,252.32035121448573,65.72648339215795,88.73781246590046,8.74474065148076
2026-01-15 12:00:00,29.289968629303353,337.0992984722757,33.854483923437925,83.9080509481332,8.529069688921652
2026-01-15 13:00:00,28.199241524053573,325.60490047173977,46.57812196171981,86.99471690909485,10.483970736224096
2026-01-15 14:00:00,28.183482429699055,332.7784547434864,20.831816049983814,67.4957950535252,24.204378056986457
2026-01-15 15:00:00,25.439621555798045,274.82499882276244,27.830033084834323,73.94820377696546,13.422716583127434
2026-01-15 16:00:00,24.3019459623179,141.7837373739498,62.43257364435816,86.48067912128295,15.901694833938226
2026-01-15 17:00:00,25.00562573740321,119.12320162630482,39.715882389987854,88.08922042150883,14.59919282234015
2026-01-15 18:00:00,22.136429107495832,0.0,30.080085356028782,64.61209936324248,11.819285224167137
2026-01-15 19:00:00,20.389763362106248,0.0,50.15403544697581,80.47586732630903,16.705452784341688
2026-01-15 20:00:00,18.790817358527722,0.0,38.87594350863402,73.31090990544381,4.46258098323611
2026-01-15 21:00:00,18.27775513836431,0.0,39.64980511346633,74.37390021712744,13.09038951829829
2026-01-15 22:00:00,19.28545432380259,0.0,57.802020365222916,90.5363624199491,14.602971095205875
2026-01-15 23:00:00,15.685779280636822,0.0,29.28612959608417,76.35923754221074,15.538900978762207
2026-01-16 00:00:00,18.333107337092073,0.0,33.65816731504442,68.04608585475496,7.060181140355887
2026-01-16 01:00:00,16.765025610429635,0.0,49.54984538750493,83.13051225414792,8.14913964459255
2026-01-16 02:00:00,17.91182159609975,0.0,61.77979236649499,96.98747229451224,9.013475079810053
2026-01-16 03:00:00,18.789685967509666,0.0,65.81105002761964,78.65085362765946,15.379834177584641
2026-01-16 04:00:00,19.72837079511646,0.0,37.26271969984756,83.07111118305177,14.00947517441984
2026-01-16 05:00:00,20.847977983842256,0.0,61.29930000906663,94.08614736375908,9.265749889984837
2026-01-16 06:00:00,21.93767641425141,0.0,35.47651110321577,79.3813629152794,19.430931026482057
2026-01-16 07:00:00,23.066581627633745,60.57409426757154,74.6317857088739,98.88796078173402,14.87707507588037
2026-01-16 08:00:00,26.73104473930008,220.4594757074439,30.23208012397598,74.29930922529158,12.008427344857674
2026-01-16 09:00:00,26.08343714506861,186.67299129416529,67.16582766714787,94.15864153642534,12.527783495986695
2026-01-16 10:00:00,26.681733365974726,320.0563640896862,37.39135390299104,85.44526457853046,15.591542393232391
2026-01-16 11:00:00,26.506919720632595,220.72820528373114,77.4373423271909,89.2706342299234,15.429844116302922
2026-01-16 12:00:00,26.98501216077508,256.9727498923139,56.10845643805917,76.59334150833611,20.364829362576987
2026-01-16 13:00:00,26.51144568882053,381.9843450593995,31.998397564148576,73.06423291307972,6.744321804060415
2026-01-16 14:00:00,27.840413570656015,314.80872307488835,39.405068312134304,68.00426960384924,5.787998285002656
2026-01-16 15:00:00,25.071194221765502,226.77509975835665,58.95636358362803,87.99916139520728,9.98758457627523
2026-01-16 16:00:00,22.095219495102288,152.45138337955893,63.02831176950532,88.8642975639879,15.364817422223345
2026-01-16 17:00:00,23.885234802461927,81.58564665831358,46.17791162940497,82.40777994675054,10.596532198270047
2026-01-16 18:00:00,22.152131052403696,25.809822287767293,47.9085197197239,82.09074103926476,17.479536753186668
2026-01-16 19:00:00,20.45971922088287,0.0,58.61394099493289,92.42248609953347,11.356464799399529
2026-01-16 20:00:00,21.200362084176973,0.0,49.2156219104342,84.66284200469669,16.78841450397023
2026-01-16 21:00:00,15.426229738349683,0.0,27.83607261519627,75.9218579070238,8.068758009104222
2026-01-16 22:00:00,20.234329393783632,0.0,35.04403513566919,80.51200066841702,16.484413790672313
2026-01-16 23:00:00,19.056791085381366,0.0,50.76544465254688,94.12036805082273,18.01488501296957
2026-01-17 00:00:00,16.73756337181138,0.0,65.99229608536172,91.1482739647767,11.040471236622166
2026-01-17 01:00:00,17.1383839293314,0.0,71.99979620032703,87.52960038885278,15.558236673008162
2026-01-17 02:00:00,18.87960863194395,0.0,59.453001149468065,85.85894677522215,14.043509711194897
2026-01-17 03:00:00,19.709079494825204,0.0,52.069421253441774,86.42788705976508,14.670299050455927
2026-01-17 04:00:00,19.229986199121615,0.0,58.992268127633466,83.80813892089252,18.087360863355222
2026-01-17 05:00:00,19.158127608428504,0.0,37.75879708479348,78.06825745598888,15.780786038741871
2026-01-17 06:00:00,25.301833151527248,0.0,45.4615954340231,81.56351403342643,14.329530848545824
2026-01-17 07:00:00,25.091089104393465,97.97452379098382,35.398099017804164,86.73131196470177,14.422114154037988
2026-01-17 08:00:00,25.257941550747297,193.72923791534689,29.02892067728064,81.4734215025274,6.37437218527448
2026-01-17 09:00:00,26.31807434390944,179.83265478815787,52.763295012439386,81.2454682942189,12.47448513502367
2026-01-17 10:00:00,27.691871769932312,306.2049173487733,50.54275943666747,86.87697373008376,8.121121873164205
2026-01-17 11:00:00,28.347044017268498,337.21919729282695,58.074847105531504,84.35952223299437,12.831104512680833
2026-01-17 12:00:00,24.841755933230285,332.98744211712295,55.95173730128302,86.03461267361683,17.264822355410324
2026-01-17 13:00:00,26.92752817223506,333.59036335615764,51.39972390775424,84.128920858365,12.54177053452038
2026-01-17 14:00:00,26.292880689821214,265.8057304688383,56.10930982305963,73.5821104749367,2.7831048067442126
2026-01-17 15:00:00,25.879701463844803,214.10057182011266,47.11981339448416,66.71081815532214,8.168791174620113
2026-01-17 16:00:00,26.056064740049,155.87237687166765,53.95343076623232,84.76305508459285,15.022024097387742
2026-01-17 17:00:00,21.521023582782746,148.22126293533913,36.86789379760092,75.77451357279789,9.68693977355198
2026-01-17 18:00:00,20.800147512732252,0.0,53.30564872248326,76.06007710483912,15.800657475555106
2026-01-17 19:00:00,20.373668840955727,0.0,57.78632511718646,81.33048434231596,8.060477627095871
2026-01-17 20:00:00,20.254681278371173,0.0,37.714838416813265,85.06372005592061,13.412616317361413
2026-01-17 21:00:00,20.100262005374397,0.0,48.53754132278902,84.95847446400956,14.154650353920127
2026-01-17 22:00:00,20.344626040471958,0.0,38.40602219345592,84.45861765639275,15.079904952167206
2026-01-17 23:00:00,17.35214302266965,0.0,39.86245939015459,83.67827118263303,9.372283679506346
2026-01-18 00:00:00,18.673666915475067,0.0,31.402278356550454,74.50535962482395,14.689286670732907
2026-01-18 01:00:00,18.687623823262722,0.0,67.2628425605811,91.9452912763615,19.389378177353407
2026-01-18 02:00:00,18.968084610431564,0.0,64.26149630388349,90.19885971101472,4.122297571502951
2026-01-18 03:00:00,19.02694260524019,0.0,56.337726496492834,84.6929736636688,13.023697655765144
2026-01-18 04:00:00,19.574650212989933,0.0,77.85915796223998,90.87279290150462,6.667557943974969
2026-01-18 05:00:00,19.914927377666586,0.0,45.4375332345569,86.38447348541186,8.831092833079698
2026-01-18 06:00:00,21.12297100700435,0.0,93.75265490974229,90.57247149782681,11.573334999639329
2026-01-18 07:00:00,24.339343329022597,96.47655944511445,44.86327745263447,87.0543326887156,11.977359064521249
2026-01-18 08:00:00,25.0232924695961,155.5438215279144,52.10411895942302,86.14800569265823,14.115370100096351
2026-01-18 09:00:00,25.589416047703082,262.66080523143836,42.30954997397965,80.80026456986744,15.735410881989708
2026-01-18 10:00:00,27.78841996607063,259.708621879846,53.86110208398735,91.0031945488919,13.749140476478782
2026-01-18 11:00:00,27.16303494719252,230.05881687302212,60.810442601376444,78.70649756668017,15.73503236511163
2026-01-18 12:00:00,26.40690883304179,329.82150202974634,46.56747278728652,79.42990801002338,8.01437820350574
2026-01-18 13:00:00,27.07722337466869,219.52154068592932,74.92701638984708,85.30891659658683,17.972986543895342
2026-01-18 14:00:00,27.990987553255174,234.54770342866016,51.86345795258468,84.60767158719622,0.0
2026-01-18 15:00:00,24.79900841106663,220.9898907918247,52.33349947473576,89.32558893252815,18.723443388733962
2026-01-18 16:00:00,25.366101595761393,137.67335364320607,34.64125326537701,73.99028838184539,17.120862640441633
2026-01-18 17:00:00,23.816083490763145,70.79860228415997,54.55370480133854,100.0,15.727901563537962
2026-01-18 18:00:00,21.604988874182297,6.089899801116848,46.26581037094229,79.06192277816595,21.229153948903203
2026-01-18 19:00:00,20.918588664298646,0.0,39.15262274302347,82.50378474981916,4.7423571639165925
2026-01-18 20:00:00,18.050853821550337,0.0,36.62910256085732,80.51307907952805,14.949164018123145
2026-01-18 21:00:00,19.201040079434385,0.0,88.35266937943305,93.48879390069149,14.958057991925944
2026-01-18 22:00:00,16.489761835623828,0.0,44.32405993039724,78.69549328515558,13.19254526045132
2026-01-18 23:00:00,19.158580983906873,0.0,26.42143737136376,83.11930456788306,6.66679216967378
2026-01-19 00:00:00,17.51579049595235,0.0,38.313647405136265,76.73143700365885,13.494912385294747
2026-01-19 01:00:00,17.062367760911396,0.0,48.01345170898165,74.64936234278203,13.791966177476134
2026-01-19 02:00:00,19.813954753447987,0.0,56.98697479037213,79.7146633234386,10.090968172397906
2026-01-19 03:00:00,17.758417242471857,0.0,57.10891712700456,92.89004479189245,12.580672129578357
2026-01-19 04:00:00,19.163366868310852,0.0,58.936187577772735,92.16189280324627,7.6887939027236
2026-01-19 05:00:00,18.96323875974305,0.0,39.114064701564914,70.94785194666525,10.374107960519755
2026-01-19 06:00:00,24.337712841529402,0.0,53.89357595364804,87.9413850537855,16.537949500208544
2026-01-19 07:00:00,26.364175276980554,90.47828050436144,35.64607733946618,69.09722842528677,15.705531156174349
2026-01-19 08:00:00,22.959682474247117,170.77732125791613,39.49232455591468,80.34298951044099,15.049422721009172
2026-01-19 09:00:00,25.110384379027867,243.58388888728473,35.021334683620964,73.00001821590105,15.592616118627767
2026-01-19 10:00:00,27.056239320779454,357.89243914672915,30.961136482150813,82.1857559032789,15.441917038022556
2026-01-19 11:00:00,26.794581399230886,245.12504178645952,64.75011163399499,88.99164521521034,10.663318515916375
2026-01-19 12:00:00,27.594645137911026,277.66453231101195,59.11614481580817,89.58773572235641,14.313994359605374
2026-01-19 13:00:00,27.312106453118734,253.40216278229494,63.43694985079681,84.33622243929078,17.51896639961369
2026-01-19 14:00:00,27.495299083050785,258.57313349079243,49.3766652914893,81.31322676220533,6.95058357413441
2026-01-19 15:00:00,24.9216334096894,159.22585445157816,60.43908478410205,77.92529723968411,7.480676474765941
2026-01-19 16:00:00,25.38581219121431,200.66023403821856,22.367628231486684,70.68161223470689,5.355784882601686
2026-01-19 17:00:00,22.478484221627443,94.92892692724126,61.733282071805185,90.85421505895714,5.944503603263625
2026-01-19 18:00:00,22.09993935505575,4.924495136631138,51.44376675120031,85.43227560356296,8.368963376270454
2026-01-19 19:00:00,19.083482694621164,0.0,58.19361330336234,86.25755589778356,10.80780598092688
2026-01-19 20:00:00,19.609441997009753,0.0,54.487318786854054,91.04098219798774,18.77358800708394
2026-01-19 21:00:00,18.355261882183694,0.0,33.98114198307155,73.29128528595868,9.949160099434469
2026-01-19 22:00:00,19.531880790734863,0.0,26.316372670259156,81.30005054289835,5.250337486200442
2026-01-19 23:00:00,17.72868742043597,0.0,38.106156808380405,75.02145299388991,12.570061426405246
2026-01-20 00:00:00,17.837213330646637,0.0,57.76591977179115,93.20526729624757,12.132441018923046
2026-01-20 01:00:00,17.819142359119997,0.0,59.6435317803284,89.01038245508197,9.85364888825259
2026-01-20 02:00:00,15.579990610961834,0.0,28.773026391969527,83.72876480984061,9.08439863092508
2026-01-20 03:00:00,16.54639508345577,0.0,34.57567004067425,76.70372442877004,15.99713922119905
2026-01-20 04:00:00,19.763678204216628,0.0,38.44362526358488,91.60684571161981,6.28264265358893
2026-01-20 05:00:00,21.74599188672502,0.0,43.93258464869523,91.76403683450779,5.53355127734851
2026-01-20 06:00:00,22.372634377075528,0.0,28.861398089907684,80.06134946845064,13.310412322158752
2026-01-20 07:00:00,22.848777685710793,118.39204585834723,27.961384060595478,83.489337927764,8.942187224618715
2026-01-20 08:00:00,24.865552072436262,196.98835993482643,36.96463110658416,78.05189100549129,18.05706790026181
2026-01-20 09:00:00,25.7882818392867,224.3224294214773,50.585968096072556,76.48584358682793,11.912085586677998
2026-01-20 10:00:00,28.020790370080956,354.3034247799212,31.583245456395108,81.72164539640887,11.177671993995057
2026-01-20 11:00:00,28.44751423548256,286.30990066848403,47.55510790312098,77.07509940045804,15.52396287813275
2026-01-20 12:00:00,26.958520241674947,275.1724474134185,65.1704527948247,92.84993588337616,6.569881814807533
2026-01-20 13:00:00,27.442686729053044,374.18916852299054,29.765464491494818,82.6142538054501,12.838617273858466
2026-01-20 14:00:00,27.367145218584,365.8687807332224,46.19547417653938,82.66991001403635,10.847300915243386
2026-01-20 15:00:00,26.765530747617298,196.8898027229859,64.66351155895906,87.09752769111398,17.34040221438322
2026-01-20 16:00:00,27.326336645639252,160.76697985028693,43.01813469724033,85.6520255952123,9.56379792832984
2026-01-20 17:00:00,23.93546243238018,58.66517730749365,40.687115189821185,82.00427954807992,12.741644226692722
2026-01-20 18:00:00,24.19732737308015,32.63515491985668,66.74459776729458,85.08424169936552,11.901373026164192
2026-01-20 19:00:00,19.87575590116239,0.0,44.69912936812425,74.6708828368904,13.88655452313736
2026-01-20 20:00:00,19.348983155695752,0.0,65.85958593078098,92.40704765642718,12.288394579370701
2026-01-20 21:00:00,16.36585347956417,0.0,55.72664141960545,87.35897733483937,13.835573619788759
2026-01-20 22:00:00,18.54453061070214,0.0,44.14949075904992,96.08399348285141,19.220429267907843
2026-01-20 23:00:00,18.690111137482816,0.0,56.487518511660426,84.88880717479925,11.680429026592172
2026-01-21 00:00:00,14.399841928085285,0.0,54.59838565127209,87.04980038902544,14.3409169748455
2026-01-21 01:00:00,18.1369857171784,0.0,65.10488525861864,89.23319124297322,22.401115970834276
2026-01-21 02:00:00,19.177189003234854,0.0,41.56645987560624,84.81881840849135,13.637741076935821
2026-01-21 03:00:00,19.89771754006288,0.0,50.40973394530582,78.8333812233437,2.7837759358244636
2026-01-21 04:00:00,18.667223114710605,0.0,48.86890774951196,83.08106720627984,9.778393417651214
2026-01-21 05:00:00,22.43280331026297,0.0,60.353865068178294,89.91184286489711,8.202696783090216
2026-01-21 06:00:00,22.733938417356665,0.0,34.413955026918885,77.57958085202908,15.408550198416112
2026-01-21 07:00:00,24.78428670085972,50.15060036195549,65.04629866714936,90.54487538058952,12.877037507277866
2026-01-21 08:00:00,25.058227312654513,147.74827622933762,56.78657452613777,84.971489374505,17.093400696472898
2026-01-21 09:00:00,26.752725053860484,301.6993206925045,30.037766839087325,79.5558882894674,13.948115520101917
2026-01-21 10:00:00,28.49397612973085,182.4315060064937,67.91558532578902,92.51048197990168,15.82474119068109
2026-01-21 11:00:00,27.286243031867848,154.70377418669875,83.30303915554748,89.64604535884938,9.271923051291044
2026-01-21 12:00:00,28.091178822321368,296.4473854646867,64.81915248682265,78.7818552445912,15.260536105886072
2026-01-21 13:00:00,29.176171006034817,279.76607778625436,71.19641445197857,86.14097831028454,19.026180482172634
2026-01-21 14:00:00,26.878770375425155,248.52805397886524,51.072213667620346,78.65846195515327,6.765224558527634
2026-01-21 15:00:00,24.79436146164518,298.6616736121117,24.869069147503872,65.91943281002317,9.974879823634389
2026-01-21 16:00:00,26.10069863215844,204.40352812241403,22.12983617606865,75.13394611333054,12.524167203900483
2026-01-21 17:00:00,25.88127869006044,74.81006161419504,53.6178736015979,84.5674298921378,13.07295739306368
2026-01-21 18:00:00,24.397261137418475,7.638275218910434,40.91196082763182,85.72220775033844,17.791946480475282
2026-01-21 19:00:00,22.35723144147058,0.0,36.072998768671255,74.01811269466728,14.717679548524561
2026-01-21 20:00:00,17.174437711436372,0.0,48.850442684051394,84.12907513690664,14.066889691293152
2026-01-21 21:00:00,18.359726119727707,0.0,59.02542226150084,91.69285330766819,16.221677296772384
2026-01-21 22:00:00,17.63173491787701,0.0,28.000279742149313,75.53207368095674,14.457172155700398
2026-01-21 23:00:00,17.950542348686863,0.0,43.05847863937575,84.80314710394254,12.317200361725067
2026-01-22 00:00:00,19.96173627428474,0.0,72.93332891570637,97.27766182954863,12.227385663830566
2026-01-22 01:00:00,16.53265873444217,0.0,34.15594296558102,70.79701554831483,15.669035760996461
2026-01-22 02:00:00,21.351727685765034,0.0,63.33168647637599,88.04343407138632,10.194268725919876
2026-01-22 03:00:00,18.734431731322612,0.0,43.014307245666735,87.80786144186288,11.861600917765616
2026-01-22 04:00:00,19.270020281996388,0.0,58.472175066650934,84.02397652177702,8.29667429386369
2026-01-22 05:00:00,22.57166289000459,0.0,66.74518127694465,94.2843457418419,16.26396166789002
2026-01-22 06:00:00,23.96858753638323,0.0,61.40449517367696,88.9769445869397,18.00031630371218
2026-01-22 07:00:00,24.906018199355323,36.99557325483707,63.92266270210979,95.14154877118843,9.453940372511354
2026-01-22 08:00:00,24.26669988266406,187.6746824019298,33.0113656677823,81.57516055897206,11.034850792651271
2026-01-22 09:00:00,26.9551624615054,190.09923797804504,66.99016427002113,96.01696020981254,11.429245161411155
2026-01-22 10:00:00,25.7534939413632,293.27306626069645,37.494871949379345,81.06069403929996,16.176048835187213
2026-01-22 11:00:00,26.560201497782934,268.137190815984,54.17839515247472,76.7715903932604,18.37680570494473
2026-01-22 12:00:00,27.64366077617633,318.1421893703111,54.158961473860046,80.28818935093719,10.791574097719245
2026-01-22 13:00:00,26.530668441085773,271.9467137914447,57.56210705194536,89.55274382261103,0.5134050326550472
2026-01-22 14:00:00,28.465691730676284,231.52435712133357,55.3396188098045,88.608499129373,17.37818534786838
2026-01-22 15:00:00,25.550908103962126,288.5726194383146,37.628118991030796,78.07138628360451,12.061785589030144
2026-01-22 16:00:00,24.980398905746437,185.05684200165055,30.0372574844659,86.83375861055158,11.697676787804815
2026-01-22 17:00:00,22.91682944884825,101.19759276519373,63.37049886832817,84.68526211031765,17.023380114254532
2026-01-22 18:00:00,24.11588474436003,0.7117697777357176,53.072787331685376,86.01069908058545,11.197568270841355
2026-01-22 19:00:00,20.606931697344663,0.0,67.52592128326891,90.01185681690896,10.855193161547785
2026-01-22 20:00:00,21.751606423080045,0.0,49.61427465608362,76.53847673458132,11.057880080585138
2026-01-22 21:00:00,20.620564744446057,0.0,29.207803258747237,77.70640648869175,13.416735785353207
2026-01-22 22:00:00,17.85714173436085,0.0,64.77721388396324,99.4673800911704,16.754729720203454
2026-01-22 23:00:00,17.975931008805844,0.0,44.729709523985036,77.92470328258223,18.769100338729675
2026-01-23 00:00:00,17.1975723539026,0.0,55.90294351817934,88.57188791288021,14.408716935208151
2026-01-23 01:00:00,18.69320348582967,0.0,41.06100022967124,75.7393567214043,11.474546987569568
2026-01-23 02:00:00,18.230454299791173,0.0,75.43741731036938,85.51134030693005,17.31663434843577
2026-01-23 03:00:00,18.735135254603605,0.0,37.62441929411607,73.57439584980933,7.996188304059185
2026-01-23 04:00:00,20.373426935653,0.0,45.71144534527141,87.12720216511967,17.963125166161205
2026-01-23 05:00:00,19.462418305344695,0.0,52.38462219732377,79.86985476038376,13.464738868133608
2026-01-23 06:00:00,22.714791305194336,0.0,34.390156750559655,85.57779122018626,10.804746765048497
2026-01-23 07:00:00,24.951984810134736,106.68960622701557,55.730684585677956,81.58327277769897,8.914433785358431
2026-01-23 08:00:00,25.49286471778046,130.80060579868092,74.95154881887638,89.6039538018149,16.25533724446
2026-01-23 09:00:00,27.586081464816,272.0734368938777,43.41595924645837,82.82298172673664,11.04833190457505
2026-01-23 10:00:00,26.653033528144125,255.91042707438916,56.70003394233991,76.14267184168955,12.457872571318868
2026-01-23 11:00:00,27.04594522886215,532.9350158239578,9.531360866285695,73.39419468354247,3.791792344850472
2026-01-23 12:00:00,26.360879318271923,299.0309941062926,50.18895364959142,84.3925954355915,10.770730584788748
2026-01-23 13:00:00,27.115554780272937,319.65118900073196,46.077257367970944,87.20206606147813,10.029873935086716
2026-01-23 14:00:00,29.699181454816813,345.0444506967891,38.495427620708256,74.42146273995535,13.59902261698674
2026-01-23 15:00:00,26.707134304116064,208.21250495172515,66.99464870129201,82.70748279237321,12.279146999555321
2026-01-23 16:00:00,24.55219694290325,184.84127139468532,45.8792364325066,85.13471937894096,1.698469877072883
2026-01-23 17:00:00,22.79950472946636,104.13762779075753,48.11072935046021,89.71971650427719,10.74548817222755
2026-01-23 18:00:00,20.73530407994524,0.0,45.11499853502796,79.25594149179453,6.43781619109169
2026-01-23 19:00:00,20.439787157698824,0.0,22.02065358038788,70.31317704217757,6.92965299459043
2026-01-23 20:00:00,21.300345584541173,0.0,33.793095055709614,77.71958126382191,15.70519306745772
2026-01-23 21:00:00,18.722718812293653,0.0,65.18929394866727,82.4723006271595,6.503529778173215
2026-01-23 22:00:00,17.237643731933403,0.0,19.12363195366445,78.23416692539166,12.135556132151464
2026-01-23 23:00:00,16.881125972751086,0.0,39.27816141262844,75.93819757419257,9.935027036007238
2026-01-24 00:00:00,18.705359981356402,0.0,45.258566767635024,87.4233612497217,9.462787371923033
2026-01-24 01:00:00,17.925763811993033,0.0,77.40869562135495,91.77639280011354,9.953139435178358
2026-01-24 02:00:00,17.715542184039155,0.0,62.78342409442701,92.10902440404782,14.417264453350606
2026-01-24 03:00:00,18.92459615508081,0.0,42.89680970618498,69.81896991079513,13.872060373769441
2026-01-24 04:00:00,23.228683004646147,0.0,70.82207306871474,79.48046226413786,6.64050438541209
2026-01-24 05:00:00,23.152449712389224,0.0,40.146630304464686,87.07715324166136,16.609428053365455
2026-01-24 06:00:00,24.770247870005292,0.0,66.39086466799156,83.33457408127104,8.57448667826647
2026-01-24 07:00:00,21.877395037628464,116.46396752458193,30.871208923136244,71.15427921569028,13.09799683932704
2026-01-24 08:00:00,25.164601980246466,158.5838712212634,67.35323508881883,86.10012644240501,8.643792994376756
2026-01-24 09:00:00,25.558343018471078,250.87883475959472,45.162362929916696,82.71856801536212,10.421869456104517
2026-01-24 10:00:00,27.898154214940682,300.54344808256485,35.826803997862434,78.03190527010507,6.676133334296734
2026-01-24 11:00:00,29.06841301486769,330.16702915141997,47.99721341583677,84.0291121341931,10.284898197357624
2026-01-24 12:00:00,28.285389018230543,376.973853842931,55.4145303077847,85.3233251544615,11.966827784971995
2026-01-24 13:00:00,26.556453017422534,383.44941945018894,43.8331411540958,82.42557405305718,7.594382547693306
2026-01-24 14:00:00,26.33184462096028,182.33634272811014,59.563670201911336,91.73299579822304,14.235948856786322
2026-01-24 15:00:00,27.20331097333994,255.6131445941108,42.50945935702047,80.52596656019178,13.907201316134403
2026-01-24 16:00:00,26.297130066606744,169.6710353689221,60.55995352095185,85.0275176076238,23.852115811638235
2026-01-24 17:00:00,24.33836825111572,73.75615529908546,57.88769854253047,88.88522684530672,16.60916819200882
2026-01-24 18:00:00,23.02976313664093,0.0,50.340521791362455,85.94396451587674,17.22270752182837
2026-01-24 19:00:00,21.632099012421,0.0,44.63363292649223,77.44930216676593,5.155619939010165
2026-01-24 20:00:00,20.71086046650589,0.0,53.52747954846047,83.86467208171209,4.84251178652798
2026-01-24 21:00:00,20.256250303225112,0.0,59.508173757486965,88.07975138561895,11.78744640216242
2026-01-24 22:00:00,19.350123341919787,0.0,82.1813549029556,88.75867952327431,21.25633294799324
2026-01-24 23:00:00,18.06206687403759,0.0,65.34567393895419,84.98123117366038,23.164735053713084
2026-01-25 00:00:00,17.846136403252878,0.0,66.36940330501027,81.00813787302053,10.568327221420716
2026-01-25 01:00:00,17.96678371254239,0.0,98.05723698067689,81.45539487335608,12.557970652651324
2026-01-25 02:00:00,17.56534378939653,0.0,59.468931209290304,84.41203802533776,15.14902214291361
2026-01-25 03:00:00,18.343430145714404,0.0,58.99920672744818,86.68471614902435,12.161324513808925
2026-01-25 04:00:00,21.117043803022458,0.0,62.28978017259746,80.97781753702182,12.426751417612321
2026-01-25 05:00:00,20.68907586795288,0.0,36.595064393948846,86.98476544304977,14.369349701339283
2026-01-25 06:00:00,23.968014674065344,0.0,45.071029511491304,76.48905430478113,23.11562345894867
2026-01-25 07:00:00,24.1372503469447,37.96622323189583,44.137015057387636,86.02631899873566,17.42514418621119
2026-01-25 08:00:00,26.475374481744126,130.84546074584492,61.44376371606607,87.53298494866686,20.54869437643034
2026-01-25 09:00:00,27.273480996332403,249.26678898275225,49.11693562445467,93.11988871695074,5.079307068896697
2026-01-25 10:00:00,28.335836566904305,295.9204010942335,53.80290543988719,85.94954748872158,16.989271182003968
2026-01-25 11:00:00,27.12025429377132,314.19763130687323,68.04137335999961,79.76092487536204,9.602594259660705
2026-01-25 12:00:00,28.44146993140117,313.98673927684354,64.67681513833473,91.22481632362326,19.93963465593346
2026-01-25 13:00:00,28.698784163636628,328.9775919276519,49.30373901215394,90.55902630331664,17.894493080680455
2026-01-25 14:00:00,25.223302955481348,292.895966677425,41.67962760459931,71.82535011078377,14.499240684038199
2026-01-25 15:00:00,28.65763603352467,227.06827658826637,68.75867503257047,90.13666789202593,10.466360490394772
2026-01-25 16:00:00,28.35563960572671,132.67106730149752,63.33792177142063,89.9327087424013,11.231623237642292
2026-01-25 17:00:00,25.43547065413818,91.19530307829086,27.63570178334191,76.0794639474791,9.770156786114747
2026-01-25 18:00:00,23.957545636547405,0.0,47.03224497414843,70.10465609036888,15.400946519027277
2026-01-25 19:00:00,22.381191596963184,0.0,54.21228598802408,82.7661033050194,14.326165365190498
2026-01-25 20:00:00,19.98943730158567,0.0,63.411999814588114,83.99923828549721,18.850729328091994
2026-01-25 21:00:00,19.231145465196608,0.0,65.38107648186921,95.15947661600563,19.712333400236183
2026-01-25 22:00:00,19.83349999082491,0.0,55.98814407540475,84.62905455513645,9.417976635713298
2026-01-25 23:00:00,16.815089161006725,0.0,60.50826702815549,84.59324754922122,14.926199406950078
2026-01-26 00:00:00,16.58104468925676,0.0,53.1603624145955,81.920371555438,14.51016284736949
2026-01-26 01:00:00,17.613819599514034,0.0,42.090535056214776,83.55929890808441,11.7244322032632
2026-01-26 02:00:00,19.482978784766594,0.0,48.27934451330438,83.48173027310176,16.181025761479887
2026-01-26 03:00:00,18.298725764635424,0.0,52.48317817852481,80.47626104258765,14.588052468729451
2026-01-26 04:00:00,20.166935789332058,0.0,51.67812162864434,85.26459316053939,10.285674801362083
2026-01-26 05:00:00,21.527203165544407,0.0,23.91471681227113,74.0133240608241,10.627267239337641
2026-01-26 06:00:00,21.644546666099828,0.0,46.23606035498172,69.40103417030458,10.914918709578304
2026-01-26 07:00:00,21.08237361001579,118.45566623358053,53.04139517526047,87.48810726880919,9.742001059375369
2026-01-26 08:00:00,24.125510375080175,151.59165659077254,47.97776050033767,85.29153407508339,12.057600529289212
2026-01-26 09:00:00,26.83466305476906,242.82527622471514,48.4959534462494,83.14748453423312,7.237099615966232
2026-01-26 10:00:00,27.922090204007528,283.1380335481731,59.518180940991996,82.52889309168891,14.871439634019081
2026-01-26 11:00:00,28.43227768678979,354.10010684890335,36.01395257319368,78.42834566495932,17.417171138269516
2026-01-26 12:00:00,28.7524207896207,416.9150324017658,27.77767716965502,80.77796941097924,11.590768712743747
2026-01-26 13:00:00,26.975292437071282,333.1798217438765,46.975763516373064,78.588588705534,16.134499361674077
2026-01-26 14:00:00,26.197311832763475,213.06061556767224,63.66002646145003,90.33363891369284,13.804319529120766
2026-01-26 15:00:00,26.983085988563474,168.5207952452468,77.51160597122276,82.00620038695733,9.787160866231373
2026-01-26 16:00:00,25.184701585016597,142.22374525754518,63.930233965344286,87.09566627331928,21.22477226789401
2026-01-26 17:00:00,25.433274111147163,119.57715825292445,30.17435398089048,77.9073846287424,1.8190005077952023
2026-01-26 18:00:00,23.455762309963436,0.0,48.71280178827162,87.72326103942551,12.476869699172257
2026-01-26 19:00:00,23.334848182494774,0.0,56.04782609514613,79.96708214940769,9.728179544737314
2026-01-26 20:00:00,19.85477948070135,0.0,54.86217713277707,80.73827662059652,19.069881101879375
2026-01-26 21:00:00,20.81223729553209,0.0,60.2878786730663,79.02766245863705,13.878267365655258
2026-01-26 22:00:00,21.274928323682246,0.0,38.44257618201178,77.63573251607066,22.144035892059883
2026-01-26 23:00:00,18.200212874969196,0.0,53.172456692184326,85.89017209922213,12.802649717027602
2026-01-27 00:00:00,18.660346894793033,0.0,58.9653403095381,77.00306582679451,9.904900690257898
2026-01-27 01:00:00,16.97193230801666,0.0,65.04556216245106,85.55103814574665,6.411202156633918
2026-01-27 02:00:00,19.843394679494885,0.0,40.57472536370428,84.27112390383618,16.45531788892321
2026-01-27 03:00:00,20.943489929218888,0.0,47.48314485425269,82.26486577073,9.035236000459157
2026-01-27 04:00:00,19.86845907548344,0.0,12.103232661796063,74.47156694940387,8.925927202113135
2026-01-27 05:00:00,22.479160431654723,0.0,43.338568349229554,73.98227211676085,17.07935657330928
2026-01-27 06:00:00,23.375862775268022,0.0,44.79427446833052,81.24196125012477,16.4531757946111
2026-01-27 07:00:00,24.813364317641245,106.43994056876915,37.36673024038452,79.81310559128438,9.429798085755829
2026-01-27 08:00:00,26.56687387776489,168.5817036591224,55.14468011638594,83.0324889211953,10.941200351576336
2026-01-27 09:00:00,27.2213514824021,238.35233495519677,51.82131638221714,83.68613534278136,5.566792136019004
2026-01-27 10:00:00,27.16069105966753,402.3376350689051,18.77228969923199,73.12334150394149,2.7165677224501508
2026-01-27 11:00:00,28.924162608274553,316.75089424177577,55.89311740242251,81.40446777990421,15.849448076687676
2026-01-27 12:00:00,29.456661131152032,371.4524985561539,38.73563590106075,74.11655549792431,15.432948392026212
2026-01-27 13:00:00,27.12042458198938,290.9604963925477,59.945832250753895,89.84070244513214,14.426130836391971
2026-01-27 14:00:00,27.33903636853168,388.37300003988173,33.43272914696618,72.17403510106597,12.420535451519974
2026-01-27 15:00:00,24.247481473915602,233.08843430817004,53.110595940860264,84.4802617655148,9.830863468454694
2026-01-27 16:00:00,26.26992567656061,172.146646225163,48.41304792959858,91.27875850427358,18.293183185835904
2026-01-27 17:00:00,25.89539628942619,82.62773529729472,57.20702613715112,89.97462223382533,5.7242665591828
2026-01-27 18:00:00,22.676764419033994,0.0,54.53095702766637,86.82804828253036,10.852573412019236
2026-01-27 19:00:00,21.890619994442535,0.0,48.83303523757435,84.2233766380578,13.084457331425455
2026-01-27 20:00:00,20.22499375934291,0.0,29.616413152232493,77.78149798287586,11.479171104651455
2026-01-27 21:00:00,18.976649217798677,0.0,30.50237841098069,74.32234961499346,11.516923435293455
2026-01-27 22:00:00,18.982943868748418,0.0,43.90219377651288,80.90894999902413,10.11811261437668
2026-01-27 23:00:00,17.162103782588574,0.0,52.53629960395236,87.48413755525212,14.79044477838833
2026-01-28 00:00:00,17.75784007166508,0.0,43.99226053299239,84.3329638615727,7.3380435719212285
2026-01-28 01:00:00,17.058154751058556,0.0,62.494158699671125,91.05842892877673,12.548686283046239
2026-01-28 02:00:00,19.49937263172393,0.0,48.927665952803885,89.4553699186652,14.173987304376412
2026-01-28 03:00:00,19.839175739456813,0.0,38.64078886928649,79.9420349920118,10.601919179683938
2026-01-28 04:00:00,20.00309079644114,0.0,48.9445353461605,84.24492764373477,12.466374680623279
2026-01-28 05:00:00,21.81780723283805,0.0,56.50387728572743,75.40794142086966,13.687250494084777
2026-01-28 06:00:00,22.776757256532285,0.0,57.989250523347906,96.41178791753447,5.8561796510945685
2026-01-28 07:00:00,25.844859036298566,76.36944889410967,81.29166672087608,88.4269432737956,7.395382369173853
2026-01-28 08:00:00,24.990384079095083,146.94196483337984,43.082339640927856,84.33048993342805,12.689832031082629
2026-01-28 09:00:00,27.424792450035724,259.677479706804,52.013799817123136,80.86709489214238,10.167161677274288
2026-01-28 10:00:00,26.47705763706295,260.2335770652679,59.50783894327054,82.76667426994517,10.783304751250853
2026-01-28 11:00:00,28.95183914098075,259.58065670701075,52.76463535296691,81.71337339227357,14.914261024634186
2026-01-28 12:00:00,29.41219736904623,358.78756974147717,45.60670755114934,74.81425393194321,8.324982951649755
2026-01-28 13:00:00,29.303187400859784,389.1341477212303,29.87712209581549,64.72273917966034,1.8408941375427474
2026-01-28 14:00:00,29.30614906644404,293.435148859089,45.45346135518391,86.81589332687777,18.90078820243081
2026-01-28 15:00:00,26.97941249507701,254.92264218601153,37.01044355021213,81.98421179829333,16.689896096267667
2026-01-28 16:00:00,27.173030801203755,208.49972827292842,27.21687952412247,72.19899096977358,16.149521900087585
2026-01-28 17:00:00,26.4692292525707,83.87742583426079,41.18079711592034,82.63436716867255,7.576049552512976
2026-01-28 18:00:00,21.605032015991686,0.0,37.40960392948232,84.2813161649167,11.560804666504515
2026-01-28 19:00:00,20.985395279236773,0.0,61.872777920373366,82.90528377459253,8.019964557818437
2026-01-28 20:00:00,18.619289166669283,0.0,62.13235730219355,88.84943573364585,12.866779740149713
2026-01-28 21:00:00,20.90765354525101,0.0,39.55779039726602,85.8373159954641,10.585845701306237
2026-01-28 22:00:00,16.772481122514503,0.0,49.21255028253233,76.64550373567218,8.148402870793706
2026-01-28 23:00:00,15.920275914971292,0.0,25.24233980929111,80.63959948322912,13.27526158276278
2026-01-29 00:00:00,16.69070629262196,0.0,46.149521976016,84.90571039618595,11.272504609895684
2026-01-29 01:00:00,16.02788203265857,0.0,59.54934973929159,95.93540847776043,19.86826854157372
2026-01-29 02:00:00,19.14099519763654,0.0,65.93868957296795,90.44869938231147,13.640054409691219
2026-01-29 03:00:00,18.171877432851176,0.0,42.868915003386704,79.98704238875276,1.951863110141426
2026-01-29 04:00:00,18.41994899218075,0.0,69.3424441366692,87.14667373857966,6.218616172302062
2026-01-29 05:00:00,21.768786236136346,0.0,30.829242406054334,88.60896107878597,19.924015184534646
2026-01-29 06:00:00,23.139562414766832,0.0,34.85020424159952,77.517364156095,10.306362248888313
2026-01-29 07:00:00,21.980693976566346,79.87335902165204,64.20954921332455,89.7360138811146,14.170510047588255
2026-01-29 08:00:00,24.68950525227399,96.09965926277027,78.63143965720512,88.81253137080314,13.970488594026818
2026-01-29 09:00:00,26.55582030615351,208.52341583495007,60.96610105151184,90.71446226505974,18.713583179427676
2026-01-29 10:00:00,26.98357354119701,306.53805531081605,52.95948543074622,88.89568564092473,5.020332703275984
2026-01-29 11:00:00,27.518617714062454,393.3244141348751,20.636865030923282,74.9680847539451,16.348851600109192
2026-01-29 12:00:00,29.650389850142616,440.30136232491617,23.22791538810422,73.37561445496382,16.202882938559675
2026-01-29 13:00:00,30.737454139251657,284.07845680559603,55.50576428219444,81.16278267506016,12.79992512635865
2026-01-29 14:00:00,27.040155764931523,273.5775745758015,48.193681185188794,73.40609602535207,14.062828583170129
2026-01-29 15:00:00,24.93440469136473,281.30480425145186,36.97709349647464,80.05690733270883,10.366467485423629
2026-01-29 16:00:00,25.312358749587712,147.52964635784275,54.54760994120717,84.29202995166202,5.986377183971958
2026-01-29 17:00:00,24.66399303774366,52.276645989355174,55.29159174137355,80.09263924886318,15.085724908982007
2026-01-29 18:00:00,23.048054669584875,33.10707980174973,67.7308592568605,78.35145097875355,14.37286119473704
2026-01-29 19:00:00,22.617120005964782,0.0,55.61365547394692,85.59227334749119,13.850120344122448
2026-01-29 20:00:00,23.49279880304075,0.0,71.99053675377218,90.18682940655549,15.52870195335803
2026-01-29 21:00:00,17.35472575764852,0.0,53.68453167198861,86.84115025441076,10.26689418035188
2026-01-29 22:00:00,18.127986191719536,0.0,51.83459630664637,79.33975884696807,18.56479609202776
2026-01-29 23:00:00,20.291173776910288,0.0,69.52930402246415,90.37251536623437,13.50899151372813
2026-01-30 00:00:00,17.49342318661604,0.0,39.329676365372265,80.36549305963653,14.133327170180209
2026-01-30 01:00:00,19.368794840763034,0.0,96.2230013649862,99.5228706316127,13.7226488333153
2026-01-30 02:00:00,19.66212630259139,0.0,59.63515173849482,81.13536410478159,17.18264757110395
2026-01-30 03:00:00,21.24449232288683,0.0,59.71872835855888,91.54402430166337,13.401907790018873
2026-01-30 04:00:00,23.159424082369014,0.0,61.882729175582746,93.59670059215628,12.75366044364343
2026-01-30 05:00:00,22.3109817086797,0.0,82.16333669596841,91.8245804202747,18.93759493673497
2026-01-30 06:00:00,20.90250369391575,0.0,65.89390074108289,89.40646968129238,6.403213561008876
2026-01-30 07:00:00,23.555648311330874,118.53838866058211,29.93044988093493,81.91872808627957,10.376453908964265
2026-01-30 08:00:00,28.513951141533326,102.46081453654018,75.05834533750635,83.40898340167422,11.30233468565804
2026-01-30 09:00:00,24.869159168693898,264.3121855669453,48.89284087431852,80.11151292931979,13.94016129671154
2026-01-30 10:00:00,28.148057973831566,333.0527583570792,55.61361565858363,84.65231782933748,14.043889776698244
2026-01-30 11:00:00,24.73284955511832,379.67157527662357,34.817479983364784,89.17891514440305,11.693682951841458
2026-01-30 12:00:00,26.415487078505265,309.80314176523575,61.89931983785222,79.58197541461098,10.238957436035246
2026-01-30 13:00:00,29.154730012226853,339.8327830978599,44.2356752149805,88.92433207687043,12.115659077936236
2026-01-30 14:00:00,27.5489586303125,279.4924071935235,55.50883413589589,82.8287328264296,14.068916144990759
2026-01-30 15:00:00,26.218241947889602,204.230860957413,49.74480448558204,82.38127992239141,11.773502529722307
2026-01-30 16:00:00,24.61341958330024,108.24143275531938,82.88148159203156,97.16857922142488,18.574261717749327
2026-01-30 17:00:00,21.870672338948612,56.28372501475212,83.74019406817763,100.0,16.635068173866255
2026-01-30 18:00:00,24.073510067056255,44.97494442111875,54.7039871192149,86.22919922794905,12.811328039664117
2026-01-30 19:00:00,21.50989560889418,0.0,54.965955236526604,90.38873939971133,3.3642166395930833
2026-01-30 20:00:00,18.693657688093875,0.0,48.40464507075106,78.74557439114622,11.546998087327529
2026-01-30 21:00:00,19.67579439039226,0.0,70.59638393853558,86.10038535131058,16.05020521745162
2026-01-30 22:00:00,19.5975778160726,0.0,49.072491510993125,76.61624796256747,11.336184039689918
2026-01-30 23:00:00,18.0815774863533,0.0,47.68623044630829,80.68138056569515,13.597330998862894
2026-01-31 00:00:00,18.37877128284241,0.0,69.11974701089902,91.39929502080851,12.557680949573943
2026-01-31 01:00:00,18.4479165232246,0.0,46.36636762617481,83.9351317258089,13.24829128417609
2026-01-31 02:00:00,17.979020524397445,0.0,53.87452853919659,93.45729258727975,18.297760273539733
2026-01-31 03:00:00,19.762984385893308,0.0,30.721192333259655,89.03940560333592,14.683039280876773
2026-01-31 04:00:00,21.68376280525739,0.0,65.00370923277205,86.36584081077606,8.067862358395967
2026-01-31 05:00:00,23.27892234434692,0.0,83.55385814365258,88.04820413365599,7.545597792423701
2026-01-31 06:00:00,24.25592893470241,0.0,65.25923464792143,92.52659881875651,15.033193463547427
2026-01-31 07:00:00,23.64444857944218,50.749590630654325,76.36784156913413,95.91641130416026,18.489805247512887
2026-01-31 08:00:00,26.555057111576982,175.83752396123174,41.74932201326458,82.71031259550918,5.444869561330361
2026-01-31 09:00:00,27.36862105600651,219.7192727380684,57.985718286347556,87.96894172392925,12.060055758709696
2026-01-31 10:00:00,26.6354863832797,315.73061350763527,40.2934551903837,82.87380431445975,21.507546363421486
2026-01-31 11:00:00,27.454003367180338,300.85791510366244,51.0243708722044,77.74420876466071,11.4766654852061
2026-01-31 12:00:00,29.111581827978068,283.95515119027243,66.02402621621212,80.09641132303592,23.40463122872119
2026-01-31 13:00:00,29.84759052462998,335.8980335647656,55.96816325247403,83.31039273995128,9.50400524672617
2026-01-31 14:00:00,25.20293434608381,355.38842887369003,33.25123871690622,77.57779230125075,9.074951697068826
2026-01-31 15:00:00,28.895594310349086,268.3615352210595,34.71541747285825,79.77923425589097,8.923962386680145
2026-01-31 16:00:00,27.24138837321689,199.35135683065215,33.72339508356294,77.73851637817799,6.569419694707914
2026-01-31 17:00:00,24.780930070264713,25.82452744967287,61.8126429050184,77.26969771131044,6.325398553353757
2026-01-31 18:00:00,22.91504918417087,0.0,85.39927209077457,81.40159439132437,13.384994492735753
2026-01-31 19:00:00,22.441449053008547,0.0,74.87772771592773,93.09036665287577,14.323346004597244
2026-01-31 20:00:00,19.895245825679602,0.0,26.001076068733582,74.25202980156429,8.43293527820854
2026-01-31 21:00:00,19.46144336267286,0.0,75.75699312697131,88.90940975069535,11.882973030011174
2026-01-31 22:00:00,16.9803187387434,0.0,68.48686031114426,85.83479401828556,19.20864404464421
2026-01-31 23:00:00,16.134371818902054,0.0,31.26135487299318,74.87993743408711,15.450042024625915
2026-02-01 00:00:00,21.3169940003974,0.0,50.320161853267145,78.73323211944052,11.481303139628457
2026-02-01 01:00:00,18.537364027765186,0.0,71.30102227636175,94.19383283226836,15.284552832604756
2026-02-01 02:00:00,19.219664083660636,0.0,63.12468876794639,85.75247098687673,6.610539960927907
2026-02-01 03:00:00,19.709508838302877,0.0,35.23176031810482,83.07533523344398,12.840095614334448
2026-02-01 04:00:00,19.708889149954594,0.0,64.02931844086751,90.94642076597766,12.951828641229636
2026-02-01 05:00:00,21.5917194070749,0.0,22.80567716271579,78.09548210965403,9.643620963304302
2026-02-01 06:00:00,23.40354067743861,0.0,51.525853467566435,87.43114964565754,12.707532672928062
2026-02-01 07:00:00,24.3234608399748,80.85484031121567,71.93753764492534,88.45741121833287,13.081509792603438
2026-02-01 08:00:00,24.80713182927693,147.53940125660083,55.1440993374944,90.93403200242774,7.502647674250192
2026-02-01 09:00:00,27.443864712403748,284.8451228049819,47.384122854495416,85.89653302164247,19.08829861230428
2026-02-01 10:00:00,27.859996493630533,238.00811524654404,68.20837991050985,91.70531146641164,17.21368911600677
2026-02-01 11:00:00,28.625404609991893,239.3764704604807,69.48946333022333,82.4359667821527,11.923290194895067
2026-02-01 12:00:00,29.20155363090554,244.97595303937507,74.51878149692885,89.61568126412101,6.683668702851656
2026-02-01 13:00:00,27.892943420737346,297.1427605420882,67.98332253062041,77.68677346853187,3.57404785438014
2026-02-01 14:00:00,27.395568071836024,217.87205104888136,71.0888080129818,94.71798149188582,21.573255736268393
2026-02-01 15:00:00,28.74771761214016,224.4604544908827,65.86181446548763,83.08666190936796,12.598445615583248
2026-02-01 16:00:00,24.5577756036979,139.71930934585046,58.85111584067169,82.6556026352782,15.994485354328768
2026-02-01 17:00:00,22.143369328100682,63.891483124109314,56.21082110038182,77.94438455455803,9.015625202469266
2026-02-01 18:00:00,24.00719568795448,16.48993526485734,51.30929031746358,83.09488495370336,11.335978825779767
2026-02-01 19:00:00,21.1727450264306,0.0,36.68266170802872,78.70349261172643,10.808801816237999
2026-02-01 20:00:00,19.38443913079827,0.0,40.538513471627475,90.39045082997129,12.992771172515576
2026-02-01 21:00:00,20.900270891567164,0.0,50.63796887489646,87.87062851982054,12.891372303667353
2026-02-01 22:00:00,18.766669457470655,0.0,58.489968497961044,83.28423614062487,9.235434795242213
2026-02-01 23:00:00,16.812732968913018,0.0,76.48037507398855,82.31701906259758,10.093271249067673
2026-02-02 00:00:00,20.858539240372792,0.0,54.6612008374332,73.16816676208238,12.406873253690385
2026-02-02 01:00:00,16.419588010498412,0.0,70.34030361873084,84.04087130336528,6.499765055691911
2026-02-02 02:00:00,18.900300356701248,0.0,71.4778941020477,82.42834573390331,10.28159095879141
2026-02-02 03:00:00,17.351515572426287,0.0,51.81645729023402,86.144454081283,11.974270113329457
2026-02-02 04:00:00,21.194964989668268,0.0,64.20851242611865,86.19814822827554,14.800423861014998
2026-02-02 05:00:00,21.215572749874223,0.0,51.635238629692964,83.86310512518594,18.59550279584274
2026-02-02 06:00:00,24.408166545588553,0.0,75.12019766674304,84.4242148924378,11.850151090912728
2026-02-02 07:00:00,24.614602208974254,70.74932822617784,64.82580932955487,87.32442397474422,13.385748441211932
2026-02-02 08:00:00,27.59889939836925,175.9359662466074,37.43090293524055,72.16585841985335,4.402090349777823
2026-02-02 09:00:00,26.320015098968007,232.31470880502818,57.71102903787359,84.08825544941345,14.224806039905895
2026-02-02 10:00:00,25.587328641592872,192.72543500778235,80.00984168292408,94.36559693929652,10.363061959621247
2026-02-02 11:00:00,28.481509286040637,302.3950452031856,52.56969373736537,81.09303313149148,11.395545266959822
2026-02-02 12:00:00,28.01478456106342,325.52666607202144,62.00388470699191,87.56697261292992,15.003720439561484
2026-02-02 13:00:00,25.80770057131502,286.94571133814696,63.476341821653065,76.1636064768633,15.244551161861235
2026-02-02 14:00:00,26.301241945671144,328.46267335834585,39.73881576809688,69.75409366560868,6.171949999477753
2026-02-02 15:00:00,25.920371012473673,243.18393203956788,62.94877849376859,87.53543264955319,16.35523944474274
2026-02-02 16:00:00,27.865107693181326,157.33893169738195,34.3806319750465,83.70048705609452,11.563534455727634
2026-02-02 17:00:00,25.556884050613952,125.547800734143,45.90379765954495,80.50124693981351,17.363904800759332
2026-02-02 18:00:00,22.891053574029815,0.0,71.42400376797877,99.19838501718804,19.417722199142933
2026-02-02 19:00:00,22.66114470898168,0.0,60.639503610191255,78.59371414247326,19.456498432458567
2026-02-02 20:00:00,18.19181144184231,0.0,50.72099213936798,80.60155727637185,6.838371586700391
2026-02-02 21:00:00,19.073197435235237,0.0,61.9850745742437,87.38574751853014,14.708394456648959
2026-02-02 22:00:00,19.53427625944905,0.0,54.38677553923892,87.03842668173556,6.409738148904331
2026-02-02 23:00:00,18.72846935252914,0.0,55.476836790843386,82.19042529220738,17.97964392440607
2026-02-03 00:00:00,17.70114233916239,0.0,65.55292713483814,82.48673543569093,19.05273016212774
2026-02-03 01:00:00,18.522875625621438,0.0,44.790133124149094,85.57041626337103,16.151711169244486
2026-02-03 02:00:00,19.511719366040513,0.0,56.30569531735643,85.86586920428827,11.11688804279475
2026-02-03 03:00:00,19.85460776468531,0.0,51.016626314936275,82.10286030299015,14.727819208491697
2026-02-03 04:00:00,22.021610472837594,0.0,31.916598615032235,81.21998087473888,9.386848588282698
2026-02-03 05:00:00,22.52252284617841,0.0,41.89381289029657,80.46333554620621,12.149770276721398
2026-02-03 06:00:00,24.066917940395662,0.0,79.22374593999355,89.54718787795639,13.592353093599348
2026-02-03 07:00:00,26.924021779048793,19.729723147455047,61.471498952814585,84.49638681558787,5.080203956549539
2026-02-03 08:00:00,26.978063561691666,192.4522815483019,35.84682471301524,74.85970787650646,8.554318490196644
2026-02-03 09:00:00,29.20108521506508,340.01109783285017,32.595333596309914,73.20495320691757,20.713204478713237
2026-02-03 10:00:00,26.85894367167304,271.6670581204334,54.01819073237731,80.89719453417656,12.354142964443419
2026-02-03 11:00:00,26.16179642558321,247.27245767500085,79.1184472316833,90.06569720910433,14.596832153356571
2026-02-03 12:00:00,28.219940300912903,366.9280848594169,52.899277211970784,73.68546072706054,12.610281224167558
2026-02-03 13:00:00,27.938659190101824,241.4336595307617,75.30564253509631,93.4093352629305,12.123186162938257
2026-02-03 14:00:00,29.629670745865436,267.7565548089382,60.97961079631593,84.94265837458813,13.193409340111893
2026-02-03 15:00:00,25.46878147231593,168.3600152460799,62.76940610172448,80.59658644831272,11.510431761175948
2026-02-03 16:00:00,25.799762680239155,183.91345092761964,35.66484159446753,87.17922185725783,2.6514432241350736
2026-02-03 17:00:00,25.22313373020544,93.00142690099665,69.76349306028243,87.91636485034932,16.633084793964144
2026-02-03 18:00:00,23.532438584016745,1.516977425926733,50.67666867493196,76.51355723652776,18.985311974614287
2026-02-03 19:00:00,21.88522156191417,0.0,68.6470360381997,95.78758034453011,8.775639584676306
2026-02-03 20:00:00,21.36844431800533,0.0,43.488099504244374,88.49109904395549,10.523008791320875
2026-02-03 21:00:00,21.269598343089914,0.0,58.35638944668476,80.90475256567295,18.917636456200007
2026-02-03 22:00:00,21.06864742250435,0.0,60.98069354310054,84.51997568192039,9.96342226655616
2026-02-03 23:00:00,18.61532556708465,0.0,53.39014948539807,82.31730395497027,14.220375839907886
2026-02-04 00:00:00,17.401966508075393,0.0,62.17371187320657,77.535789276577,30.416368556100853
2026-02-04 01:00:00,20.627831178624362,0.0,52.109577849026586,85.6066573149333,15.13455826822496
2026-02-04 02:00:00,17.73151548807,0.0,46.369637681295025,87.20840912418998,12.593783178244575
2026-02-04 03:00:00,22.254784577865262,0.0,80.18778471882368,94.04317255855051,17.536230995137068
2026-02-04 04:00:00,22.709941962142675,0.0,71.83982697233586,88.76723444983546,16.69897883489875
2026-02-04 05:00:00,24.104689191093257,0.0,44.69256280119156,86.31823262307195,9.585576494242256
2026-02-04 06:00:00,24.353574100513338,0.0,64.63219856083342,80.8782843183815,6.285837440587667
2026-02-04 07:00:00,22.010424161081772,105.12919412955041,44.96535115639692,91.08118212450206,14.62392154437989
2026-02-04 08:00:00,24.61170890735012,228.20096087022483,38.33526432197935,76.08164921123391,14.892192833273722
2026-02-04 09:00:00,27.39705458058204,171.30949833836368,71.61267559789886,84.53857246652026,12.390595116620688
2026-02-04 10:00:00,26.914351908554305,348.08188224005346,30.54403959220313,74.77277829972756,18.107985779194006
2026-02-04 11:00:00,27.882331277354414,263.33090171228673,70.00837268056233,84.12900990425526,19.27936238645262
2026-02-04 12:00:00,29.25921662282203,340.04927349916784,52.31469928831834,81.77617204629483,15.713806420717239
2026-02-04 13:00:00,28.07122854865644,322.42907969441075,52.93233493070629,81.91517536510027,11.532130965059716
2026-02-04 14:00:00,26.20796622104888,237.8937374122951,62.251802271263564,86.32995555783813,4.748885339946495
2026-02-04 15:00:00,28.1494562207612,236.70149232030025,64.823516156828,81.93997490938663,12.543756922998544
2026-02-04 16:00:00,26.63193959544817,178.1683107262901,43.710386324480595,81.81582742190373,4.840753769424445
2026-02-04 17:00:00,24.4329664873875,109.26093394887359,66.87141810816517,81.65077308449433,3.9152024247758064
2026-02-04 18:00:00,24.387212027084402,0.3185841301014939,57.806092047292566,88.50581480768979,15.47893890388574
2026-02-04 19:00:00,22.29203194426259,0.0,37.26471208389364,83.62272364285259,16.55246462113798
2026-02-04 20:00:00,22.693335537888146,0.0,53.557416723218125,84.0064192979245,4.875485389647286
2026-02-04 21:00:00,20.123602333040356,0.0,76.8247192102981,86.9891538458549,12.815053689288115
2026-02-04 22:00:00,20.85354493538102,0.0,81.25445595059966,92.7912488105978,13.992751241397402
2026-02-04 23:00:00,16.19718824051521,0.0,66.86576084104438,83.89862616121378,12.173669488994271
2026-02-05 00:00:00,19.120858160471016,0.0,38.64754134976539,81.01645777005301,6.4183253261269915
2026-02-05 01:00:00,18.177023963165205,0.0,63.86179720912927,86.52981929503541,18.51723768601504
2026-02-05 02:00:00,18.07698012652689,0.0,69.26560723017883,100.0,8.05972128576618
2026-02-05 03:00:00,21.494390277589563,0.0,67.38831342207177,81.53765723395568,5.5726239804685616
2026-02-05 04:00:00,22.179687091734852,0.0,68.27700800260972,74.45574915325355,7.916059784634214
2026-02-05 05:00:00,19.62135850896282,0.0,61.951639861003905,83.40680397337785,15.022951061541516
2026-02-05 06:00:00,24.454017756207044,0.0,55.41650858983279,75.65836638830919,11.702010215777829
2026-02-05 07:00:00,25.590361116135956,59.92582536400922,47.37718123373067,78.42226683626761,9.287871756873995
2026-02-05 08:00:00,25.08388047164068,225.0703622786857,28.033660894768502,70.80781246475017,13.512279962496596
2026-02-05 09:00:00,25.97351220517626,212.1584625962401,61.59732017299121,81.0307998998,14.410378170758682
2026-02-05 10:00:00,25.7862526572399,263.4889491823766,59.29348632707377,79.68088538812874,3.7353880814469864
2026-02-05 11:00:00,27.914711095332922,316.1533935408311,64.86633131466319,90.89413357985231,15.313586437388176
2026-02-05 12:00:00,28.2931396304971,386.580904748332,36.439538272897536,78.67326623692455,16.546908868826083
2026-02-05 13:00:00,29.389598376207044,243.9315429956461,66.17794401201685,91.56331026228261,12.81617011489665
2026-02-05 14:00:00,28.204194923068556,198.2676149949225,87.3208700916026,91.85199570529235,13.426384278280722
2026-02-05 15:00:00,25.681526786332743,192.0823369589903,57.67944563395962,89.26058200536109,20.459471438473887
2026-02-05 16:00:00,26.334410052723936,116.84216464032663,55.57771388419283,82.48354144595322,9.939610237962782
2026-02-05 17:00:00,24.487709610583156,102.51159329390802,61.13772901357646,93.63403596451828,12.39424397692831
2026-02-05 18:00:00,22.308599352531857,3.9680562640622306,86.987749042946,94.80548825177038,15.673307285508724
2026-02-05 19:00:00,20.163418787878943,0.0,41.14797724679258,77.4133758886836,12.251160154575604
2026-02-05 20:00:00,21.836117765828796,0.0,59.55079767319952,88.75802976296889,11.888402657984386
2026-02-05 21:00:00,20.56865581868621,0.0,44.50783233782629,82.22715169119617,12.582288301305773
2026-02-05 22:00:00,19.917546148138626,0.0,48.29762285961602,82.12423538203764,18.690665519676408
2026-02-05 23:00:00,17.747526535311003,0.0,55.75883905406185,85.80768720245942,16.01857253485683
2026-02-06 00:00:00,18.80861333535272,0.0,77.10185941842609,94.26042152488024,13.55622175099778
2026-02-06 01:00:00,16.968606991987667,0.0,83.90686980455376,81.89386348401813,10.739582936439392
2026-02-06 02:00:00,17.973524840290793,0.0,63.6141429636233,85.50280477622593,10.256690163585848
2026-02-06 03:00:00,20.094527468360525,0.0,51.24308994887043,87.25994693995135,16.36302283283628
2026-02-06 04:00:00,21.42726845403926,0.0,94.28309379380048,95.6478195054595,8.340865745116641
2026-02-06 05:00:00,20.174651024386655,0.0,50.4786935742799,78.01157079290553,22.136693668006583
2026-02-06 06:00:00,22.211401386027,0.0,48.32497207882665,70.9607209592582,12.289109867619448
2026-02-06 07:00:00,24.405294053224825,103.04690237680244,30.267865125541803,86.46080550738083,5.999200755009796
2026-02-06 08:00:00,27.33228386740381,126.78881420821676,77.83338433289386,88.47309325623141,14.619572784298297
2026-02-06 09:00:00,26.06470984182708,196.54137458986872,71.41569467979211,95.56446473741919,10.36796074844467
2026-02-06 10:00:00,28.09908440117622,98.74182219804894,93.1590938359694,97.09972454792947,12.982006844715544
2026-02-06 11:00:00,28.734849078890075,410.87369008062916,36.04916051095082,74.78399498311988,5.75937085038593
2026-02-06 12:00:00,28.26161014117991,244.46718477065815,78.76457290640934,76.99473276000705,12.983817446603828
2026-02-06 13:00:00,28.764264695673035,325.67495744672044,57.944043569714616,81.91062406710545,4.406651016972994
2026-02-06 14:00:00,26.16794468760975,209.59576561604763,68.98351404622476,87.18447497590363,11.049711335835603
2026-02-06 15:00:00,26.26922006242263,291.82171764490516,32.175353677655636,80.40675551793854,8.299540218664323
2026-02-06 16:00:00,27.95087732932999,92.77887438398835,78.91323813420216,84.03128490092168,11.936388453962376
2026-02-06 17:00:00,26.836499112729925,91.16798309271968,68.68976206420017,88.086998564404,10.37769076575524
2026-02-06 18:00:00,24.682006483480404,0.0,56.30836027242945,85.31299863348443,12.95127454870537
2026-02-06 19:00:00,23.722624136047568,0.0,66.56870110913952,92.06354748818589,16.8804560754131
2026-02-06 20:00:00,18.712525401768737,0.0,45.409581278588966,81.0614814413937,13.712927598818297
2026-02-06 21:00:00,18.81737095780605,0.0,48.20040951049722,85.49129371537617,17.607068422492475
2026-02-06 22:00:00,18.85165045511669,0.0,49.940341589841765,85.1495225749101,10.502901117380814
2026-02-06 23:00:00,21.89691488751334,0.0,29.101092868868534,82.41866934967818,12.753914065174023
2026-02-07 00:00:00,18.242546627614068,0.0,70.1997475505601,84.76400275840848,14.966445735040997
2026-02-07 01:00:00,19.78830225253723,0.0,75.1472743502481,74.51429330923845,18.363970576526555
2026-02-07 02:00:00,19.811312412281552,0.0,46.75320789105198,81.58229005830604,9.415879809501526
2026-02-07 03:00:00,20.57698238749028,0.0,62.49641537668188,85.4327254404631,16.280149925667068
2026-02-07 04:00:00,21.11896598387407,0.0,53.29026301807106,78.41712653752603,9.235273156284155
2026-02-07 05:00:00,20.79541788966588,0.0,62.19747956872506,78.93975366054232,10.830192904147284
2026-02-07 06:00:00,20.138042706941274,0.0,47.85971151934416,80.12071669800272,10.958360781029862
2026-02-07 07:00:00,26.61004624663149,84.98703408949031,44.021992796195065,80.48960507249613,14.013793563886814
2026-02-07 08:00:00,25.348108672337645,121.47533472704605,73.05449342786574,88.98854649270505,9.304694108172978
2026-02-07 09:00:00,24.757842546942808,248.88443712843102,56.31531136064221,72.98862377663566,9.025150142276196
2026-02-07 10:00:00,28.549032140698447,208.96100275778085,87.60500440031174,82.90119636994714,11.799996065653726
2026-02-07 11:00:00,29.02361115770753,323.14219916488025,57.9680196094217,89.83624083168552,13.092173920511797
2026-02-07 12:00:00,29.64781579939822,426.742444639572,43.382199532252216,79.50033679550732,8.424116416333852
2026-02-07 13:00:00,29.92961533825567,227.93574996684083,75.67748328404869,88.46776034490621,14.839761000023262
2026-02-07 14:00:00,26.785000533331136,204.8346868908214,66.7353725996999,80.0498099215983,11.905440116232686
2026-02-07 15:00:00,26.047613481736338,218.60237386237412,68.17646309295596,87.16495541264844,16.040446015559844
2026-02-07 16:00:00,25.73524154555573,108.89969814366957,75.13238032052838,87.09445394333757,14.008385395406455
2026-02-07 17:00:00,26.011783259256763,87.8032227090558,47.48142572982268,78.92592818800235,19.38260926609388
2026-02-07 18:00:00,20.916125102516343,0.0,55.36457050273029,77.44455300862779,13.25281388622549
2026-02-07 19:00:00,22.522128805878477,0.0,54.7016226651927,80.00465068875766,7.861523303464843
2026-02-07 20:00:00,22.361314166297316,0.0,37.91217208377533,90.03393323611061,11.044539229686333
2026-02-07 21:00:00,21.27213526966329,0.0,53.31951788513595,82.44170626565271,12.750536270468972
2026-02-07 22:00:00,20.240558835838787,0.0,77.31906200566196,94.29177977135956,10.231256845546078
2026-02-07 23:00:00,20.20182733934631,0.0,60.83344169441731,85.24609732876573,19.11006707323394
2026-02-08 00:00:00,15.142556006197932,0.0,37.45573893411165,79.58197119685622,10.633035782878393
2026-02-08 01:00:00,20.981773689666955,0.0,34.30906767681245,76.2999876937643,9.136778875251494
2026-02-08 02:00:00,19.81329294539153,0.0,82.61829973301055,98.46074096279378,14.857079457560209
2026-02-08 03:00:00,21.913406271917008,0.0,56.29187369795952,86.70131696485785,9.18976423225374
2026-02-08 04:00:00,19.686868704680954,0.0,47.93550576626221,79.13280060976521,16.262162534057904
2026-02-08 05:00:00,20.13982340119049,0.0,53.536782378331424,82.44267200226571,15.738248942227152
2026-02-08 06:00:00,26.03618451517567,0.0,35.48704253702649,84.39586801337545,12.296850230834703
2026-02-08 07:00:00,23.803510365175573,67.86791468060161,78.99308609446076,76.0350529065558,16.315866189139616
2026-02-08 08:00:00,25.809789948645324,158.06960251780373,51.75086478799602,84.66875880577952,10.58886073573978
2026-02-08 09:00:00,27.93511846320231,169.23636127876722,78.1576817678628,92.08716004993246,7.897005671994539
2026-02-08 10:00:00,29.048773201965606,310.3832442763576,58.421434568496196,80.54931053395774,11.61864091236609
2026-02-08 11:00:00,29.945463839437252,216.23320164029184,79.08963847031306,90.10356157699997,11.94842174826069
2026-02-08 12:00:00,29.00429554227638,286.25142370296385,61.49707633743275,87.58517407783935,4.928710494556897
2026-02-08 13:00:00,27.172920666136932,265.47378623885197,70.44514879482261,81.4296166259893,9.29084714666094
2026-02-08 14:00:00,28.962642965846022,218.06167110795138,68.43305454311152,91.02354320635736,8.500152973245225
2026-02-08 15:00:00,28.188750303921253,162.09309880895336,66.99602484556603,88.05739426601069,9.134620049554828
2026-02-08 16:00:00,23.854348166126254,144.66798046698426,62.86567600952713,85.4233984078823,18.476522165139478
2026-02-08 17:00:00,26.852279044330302,124.52021390132963,54.153898110052694,84.08527461347467,14.755450391025411
2026-02-08 18:00:00,20.480695228339965,0.0,86.37817922537937,96.10840253650052,18.178798983849187
2026-02-08 19:00:00,23.76453862672774,0.0,44.04260407534796,93.07655253348032,14.240483602879785
2026-02-08 20:00:00,20.38955056619317,0.0,57.71127348693386,88.46911780016426,17.217606300876835
2026-02-08 21:00:00,21.095521944404204,0.0,57.8699469799004,89.40607089737266,13.00121064606226
2026-02-08 22:00:00,20.04701897263511,0.0,63.68327015193929,87.93139884540558,19.246850762955344
2026-02-08 23:00:00,18.836005079645545,0.0,51.20456916336895,93.53399800805778,7.634661263712421
2026-02-09 00:00:00,19.36561629783307,0.0,62.73296105876094,79.49843040314424,12.865692084655736
2026-02-09 01:00:00,18.83719128315509,0.0,55.47912769687263,76.40719419940407,8.674411434856518
2026-02-09 02:00:00,20.377212722257628,0.0,34.28247871334864,80.32920141826148,16.680930184405668
2026-02-09 03:00:00,23.084523051455914,0.0,58.15505076876982,88.4267951587589,14.5869256685398
2026-02-09 04:00:00,19.53559297881332,0.0,41.50328647946485,68.6224046654845,16.821944831482014
2026-02-09 05:00:00,18.340518214806423,0.0,31.99598003818361,79.28073913806281,5.9859303837892615
2026-02-09 06:00:00,23.23882711960897,0.0,60.0648662852579,84.67794371018161,10.593490182327121
2026-02-09 07:00:00,24.444065222263024,72.79721253510766,65.33001660521062,90.43668531051316,6.130701679287401
2026-02-09 08:00:00,25.78836503862129,169.41177736088235,65.91223710648578,88.8034822274309,14.740720175045693
2026-02-09 09:00:00,26.1103669324655,176.9957089665891,66.51932708021253,77.72216745584828,11.61342312911042
2026-02-09 10:00:00,29.243495105522918,398.56491106408606,29.022931160807968,71.51892231659484,14.473494007691988
2026-02-09 11:00:00,26.813104505437806,378.3616679390563,37.596512556305086,75.39321410307565,12.006444419869464
2026-02-09 12:00:00,29.365211304076816,215.41068951657704,87.61458802712218,95.24359099084596,5.859987875905167
2026-02-09 13:00:00,29.438838101298156,363.0326656470721,42.30363507376158,82.08331421332173,5.473669078072136
2026-02-09 14:00:00,28.52073636471365,237.88015578109702,67.17438194196745,83.46186162067684,13.688374832221305
2026-02-09 15:00:00,27.948023831145097,298.8920132459132,47.70770214992943,82.50745814265207,14.248273070834086
2026-02-09 16:00:00,27.51325109908436,126.21835945828724,59.20685756393059,79.43469386228698,4.095202613430752
2026-02-09 17:00:00,25.14293375908523,106.76600721496946,48.51295344081321,92.65499179941061,12.091736267292426
2026-02-09 18:00:00,23.32875806879531,43.2831102730322,66.4348837942118,90.03119424151886,9.25213712194293
2026-02-09 19:00:00,23.11739001133838,0.0,60.06337823466761,89.52912093917995,8.562312388835693
2026-02-09 20:00:00,22.059679775534246,0.0,51.28741987025362,90.44695817316028,9.94431835844628
2026-02-09 21:00:00,21.4002550882903,0.0,42.259184679706465,86.4859738727734,12.607035468014681
2026-02-09 22:00:00,17.222966059858845,0.0,62.02837943730479,87.13128150695513,10.275237957481615
2026-02-09 23:00:00,18.710983558303393,0.0,39.820984489278274,80.2737737623997,4.046474498195734
2026-02-10 00:00:00,17.460488120410417,0.0,64.78080059749446,94.06754900720537,13.701571606984366
2026-02-10 01:00:00,19.74509203721194,0.0,97.76585860123538,95.662377256162,13.485505183902772
2026-02-10 02:00:00,20.460061797878545,0.0,78.62113573461207,86.89118574141949,10.177914526956005
2026-02-10 03:00:00,19.953196502624703,0.0,69.14380326909432,98.17613372139053,12.225879922448675
2026-02-10 04:00:00,20.397418517515685,0.0,57.08447549956467,80.58186667483226,11.462804476600587
2026-02-10 05:00:00,23.32742426395297,0.0,29.287295560629,69.1991848752975,11.640416064332953
2026-02-10 06:00:00,23.6722518819708,0.0,38.53428902717912,85.09661626918323,10.93515489143831
2026-02-10 07:00:00,26.993968780334544,40.473207538721184,77.6104778072226,85.74729218154208,14.54216093340889
2026-02-10 08:00:00,28.650305864455984,159.5149361009759,46.52224376381019,83.55849848210086,12.131683653493349
2026-02-10 09:00:00,28.68192516321974,277.6813642479908,47.87980349322118,90.80371627976652,15.672766520368663
2026-02-10 10:00:00,28.478048540846377,291.73734823599426,55.88382783042156,76.87501740045408,19.133144167831862
2026-02-10 11:00:00,31.048343377544427,356.3356793241757,42.43789108298356,79.79764439565793,12.061357247011035
2026-02-10 12:00:00,29.158403271815388,392.9622901349592,39.96705394740734,87.08504911123882,9.511900208207706
2026-02-10 13:00:00,28.0521439679667,300.04892273529447,57.611473873960556,87.65447899028554,7.133208485253591
2026-02-10 14:00:00,27.297651345616952,338.0650860498726,44.995643145601335,80.30515871732788,14.835175456222487
2026-02-10 15:00:00,26.466448768807933,330.6825828671058,47.25330626899846,93.84025697021644,8.752687496018117
2026-02-10 16:00:00,26.33718622252607,201.35688163034422,46.65071957347679,81.28551474831349,21.722723137795008
2026-02-10 17:00:00,25.741574980585202,74.43739282665858,66.20398817319891,88.72413343885461,24.426892632525572
2026-02-10 18:00:00,22.005762872729953,0.0,54.886699608251526,92.71758295070413,11.892217917846109
2026-02-10 19:00:00,21.967767962711083,0.0,55.690005447274075,89.58165402434489,6.124494917949367
2026-02-10 20:00:00,21.622173212193264,0.0,67.32277342531513,94.24596537561217,15.981274775803474
2026-02-10 21:00:00,21.14664713803806,0.0,56.237990842187784,80.43980315575993,21.20705758616843
2026-02-10 22:00:00,19.48164029743569,0.0,54.19477843882429,90.81732247602878,7.46063595272569
2026-02-10 23:00:00,19.33369833659315,0.0,65.42534029923445,88.35424077918948,20.86347595709342
2026-02-11 00:00:00,17.302584469494533,0.0,68.73997638911311,84.91071185463689,6.0409876768468145
2026-02-11 01:00:00,17.89771170815612,0.0,56.51090624311958,86.60279102175463,7.008741048966279
2026-02-11 02:00:00,19.503416191190755,0.0,59.92612537005647,87.05725035462,14.23216080947345
2026-02-11 03:00:00,21.040846142396497,0.0,46.99015528974872,91.98185441369374,16.416342329122763
2026-02-11 04:00:00,21.71335787841866,0.0,45.80676308828076,84.1511656184484,12.024580496304894
2026-02-11 05:00:00,21.515096670538973,0.0,70.25422126525076,84.48226684381127,15.310388916929874
2026-02-11 06:00:00,23.605133006969588,0.0,65.39113967391796,81.79987690809807,17.6872081461854
2026-02-11 07:00:00,27.172148669834694,65.18199204734033,65.54648531199729,86.12381177356771,18.15806721934669
2026-02-11 08:00:00,27.120199300957772,166.7445217723264,62.929823966631474,78.98259744271635,10.65729195136726
2026-02-11 09:00:00,27.236904548151653,203.25618827648407,59.41005787297295,81.24019917859249,9.516682054905575
2026-02-11 10:00:00,26.909202827268892,267.45144930880906,69.16318709809018,86.0834595937768,17.672463337567365
2026-02-11 11:00:00,27.814910277745483,270.39745352742307,72.7436401510904,85.9542467265389,15.454036872337204
2026-02-11 12:00:00,28.921231069486538,243.23157347929524,72.38542881360836,91.44271055482874,15.97420387092236
2026-02-11 13:00:00,29.10102395820759,317.63625707017974,57.20533999655884,80.2970433183808,10.215532199673486
2026-02-11 14:00:00,28.978023096136464,234.9774273703683,79.52189968438121,77.23386523349006,16.528321154378055
2026-02-11 15:00:00,27.952578764220437,191.03544666134337,62.14391896173346,76.96422837914265,8.729251800350301
2026-02-11 16:00:00,25.93135632763295,118.32138252494116,68.20265162423561,87.12186877940799,14.399098336473894
2026-02-11 17:00:00,24.542322454884495,78.86586351390403,62.94832709827184,83.17171705630149,13.594499667671945
2026-02-11 18:00:00,26.57374914555881,53.33326826080489,62.422109348011254,79.4861063053785,13.595820582491717
2026-02-11 19:00:00,21.89516085456339,0.0,47.68072888199384,92.47816473776075,15.508826840454784
2026-02-11 20:00:00,19.733448794694976,0.0,69.23727131092103,92.54305111545779,9.381049087933345
2026-02-11 21:00:00,18.24679697118134,0.0,100.0,96.02084465360653,17.707704533290674
2026-02-11 22:00:00,19.123391026391424,0.0,53.09508261389739,85.62174821201164,12.737357929239002
2026-02-11 23:00:00,20.30501343400378,0.0,59.781929467122865,84.62402529664524,9.822889192556248
2026-02-12 00:00:00,18.232041899470932,0.0,52.36385571570931,78.13708142053045,7.330918668810049
2026-02-12 01:00:00,21.07191366869538,0.0,51.73663615748923,88.97697342102208,20.141534268785716
2026-02-12 02:00:00,19.641180868012167,0.0,82.22367685269833,95.91639248851743,13.83338186678367
2026-02-12 03:00:00,21.88766547645251,0.0,48.96236941500628,73.12077361692363,11.02824821898269
2026-02-12 04:00:00,20.495736423328648,0.0,51.945727580422826,85.0942339421852,8.022589427832688
2026-02-12 05:00:00,21.721796923806153,0.0,35.244542324948725,81.28702717055408,16.116843668735893
2026-02-12 06:00:00,24.099133309943447,0.0,47.69275881278453,80.7496635624249,16.42897596593189
2026-02-12 07:00:00,25.90219018737545,126.62682762399947,33.430936286618035,89.00873223670536,14.945547528468541
2026-02-12 08:00:00,26.248129480278745,143.76272252558195,68.53400516909718,97.1900052015297,13.182567662124624
2026-02-12 09:00:00,27.89651288743224,99.27474892024641,100.0,92.97798324064748,18.005031758900316
2026-02-12 10:00:00,29.075932654021976,292.1505527785738,53.556752776160415,81.96370224346633,9.382549149261756
2026-02-12 11:00:00,26.963745643354446,379.2171615287385,34.05556568606468,76.81797741796704,12.573236592245083
2026-02-12 12:00:00,28.5375552116686,267.47273056357835,72.55692964736424,84.8519372648543,13.410551361963977
2026-02-12 13:00:00,28.13611573928214,364.27752988798994,48.15306029696589,77.26404515054693,13.475841290872982
2026-02-12 14:00:00,27.699742109629547,259.21873372857465,78.54713863922134,92.06610890182054,6.674714328290786
2026-02-12 15:00:00,28.045248848621075,258.02409241917786,54.826498964069074,93.35704459735192,20.220078282512475
2026-02-12 16:00:00,25.82454762935754,162.15363600345535,49.579699344676534,90.32165214124207,18.953109508582088
2026-02-12 17:00:00,22.668268194051706,51.98233410086678,56.38757134473295,88.69253758161034,8.219245027522822
2026-02-12 18:00:00,23.67329964822986,0.0,70.42358609496105,76.0693419866626,15.8306259666572
2026-02-12 19:00:00,21.302950829466074,0.0,55.6456252195834,75.44321626351446,6.834364018943416
2026-02-12 20:00:00,22.126005471151792,0.0,51.606064139012666,88.9534317465566,12.915758710265084
2026-02-12 21:00:00,21.492646079091585,0.0,56.074460636235166,92.94158548683916,4.02081456131403
2026-02-12 22:00:00,16.823369358661914,0.0,39.979106913404976,84.28994444466584,10.830297726858017
2026-02-12 23:00:00,18.144643073116722,0.0,65.01240871532795,86.05350414261318,11.299584687222456
2026-02-13 00:00:00,19.509162560670656,0.0,32.587363303960984,86.03197148886962,16.256335045345516
2026-02-13 01:00:00,17.388610823018315,0.0,52.72644039615191,88.3912873349798,19.31023097570638
2026-02-13 02:00:00,20.737109751637767,0.0,70.77904034409579,94.32142002694509,20.302903361795305
2026-02-13 03:00:00,21.878355219613837,0.0,63.933986455625394,77.46889779465647,17.829734438984648
2026-02-13 04:00:00,21.33915730616448,0.0,68.2430708064305,89.62659366584154,13.741824083938852
2026-02-13 05:00:00,21.74959732533913,0.0,58.412577120852504,94.26356041707905,14.47381908628561
2026-02-13 06:00:00,21.04603971710778,0.0,76.93445492641739,92.76394992637,15.380471843588763
2026-02-13 07:00:00,26.40210573892772,77.0113275247806,73.25875016318152,93.14559533806951,8.941663855600623
2026-02-13 08:00:00,29.15307570250495,162.541553854362,66.08037727534976,86.37899751598835,17.887722818064844
2026-02-13 09:00:00,29.919658093994123,219.27634281457875,73.30144887133778,88.41778911520112,16.425302832433125
2026-02-13 10:00:00,28.126439076410225,280.75747639883315,70.64461552768829,94.50482573232965,16.478241054475312
2026-02-13 11:00:00,27.45892819863776,352.663904144316,52.79630951143129,79.7812964055276,3.5139300988376867
2026-02-13 12:00:00,30.13868912445226,454.8225068246635,39.22977853626463,75.49844567409939,13.772484834332674
2026-02-13 13:00:00,28.714477352673395,295.7607606308521,65.693694099274,83.77518179806054,17.30724949351248
2026-02-13 14:00:00,29.001475889884325,283.34671432650447,67.57960067410608,86.71191079739192,13.318007011333842
2026-02-13 15:00:00,27.978888750444455,196.4703022649166,75.74534207871312,80.7390576504379,11.78430140343411
2026-02-13 16:00:00,26.670682133659437,179.76290902761386,45.343443085955236,85.04055310333827,6.817527515209255
2026-02-13 17:00:00,26.680940800265585,104.2157957052317,45.79179632247719,80.67457353021848,6.552994296955674
2026-02-13 18:00:00,25.43514611996549,12.579296937728165,66.2867662062512,91.07486593412251,13.931669080141996
2026-02-13 19:00:00,22.076188414588053,0.0,58.32075737883834,74.72341144988492,11.977023324108833
2026-02-13 20:00:00,20.349731417423335,0.0,31.101838053067716,83.06061493307817,10.559991879813055
2026-02-13 21:00:00,17.26539313287771,0.0,65.0148846679475,94.39838691682087,19.366440260038612
2026-02-13 22:00:00,19.269640843173764,0.0,31.601918486800322,81.25277266523267,6.556435419459693
2026-02-13 23:00:00,17.79882579271561,0.0,45.209413933533995,82.83262455531569,10.877662828501647
2026-02-14 00:00:00,19.664610377796837,0.0,79.98611387565253,95.42285340892786,20.77574239123184
2026-02-14 01:00:00,18.85339823635622,0.0,87.08407854985765,99.35015119571555,13.105835029066732
2026-02-14 02:00:00,19.493870118791943,0.0,41.4760477556715,84.10956426031616,12.338953245384168
2026-02-14 03:00:00,21.63967640164533,0.0,54.770020221560515,87.48475950003994,12.038129573298262
2026-02-14 04:00:00,22.13608546714449,0.0,60.35023112893152,94.10185433299267,15.840649699917396
2026-02-14 05:00:00,22.673862079670364,0.0,86.42929719647445,96.06202991540195,6.1012981187135225
2026-02-14 06:00:00,26.312007761816457,0.0,52.31785906538491,79.18136793847125,11.802474111161152
2026-02-14 07:00:00,26.37334319984617,76.00917826946332,52.55763293725176,89.56661626387398,12.845660417493347
2026-02-14 08:00:00,26.079035273233234,130.55600797084583,82.94177665969386,90.25498242474092,10.154274962755334
2026-02-14 09:00:00,27.17255904329559,300.55728481746706,54.08905599197706,83.66279518451384,14.078819786965747
2026-02-14 10:00:00,29.47467500357806,267.85563395856826,70.5439189172478,87.79918061589336,16.67271024382511
2026-02-14 11:00:00,29.212982922439295,434.97242039213216,37.55374880606452,83.90082910142961,13.685437601608635
2026-02-14 12:00:00,27.66214675966645,331.277312370198,57.14240212136604,92.93054305467273,19.97423421902095
2026-02-14 13:00:00,30.11241020625745,420.3944600723285,34.81694070785486,78.35948085658852,10.00740806164357
2026-02-14 14:00:00,30.084183262278756,352.9589669055311,43.87938656841536,89.16352970332446,14.188274816917307
2026-02-14 15:00:00,29.19099381744096,180.36151952054422,72.29891361003487,88.56902089374547,15.5191217798343
2026-02-14 16:00:00,28.625228085069423,155.97127095812777,58.96231241645024,91.50763360996702,12.00565101759738
2026-02-14 17:00:00,28.103707177037315,111.90735231080741,54.92430717445631,84.55768607472908,17.279811157207345
2026-02-14 18:00:00,26.36860112902039,27.25731887750277,48.47964892303717,79.75250377911937,13.57692918934531
2026-02-14 19:00:00,23.268419473875657,0.0,56.401052184131686,94.27049546378535,8.01587452735201
2026-02-14 20:00:00,21.348698145222354,0.0,64.22759078926134,83.96516898163,16.213762051918483
2026-02-14 21:00:00,18.20563827106511,0.0,74.45463637967735,86.65876796341551,11.725235642214688
2026-02-14 22:00:00,19.803655563250487,0.0,20.3336930212989,69.88267344311552,9.725681102155345
2026-02-14 23:00:00,19.964902128240816,0.0,47.234475668808784,89.20022119397788,11.366960740132315
2026-02-15 00:00:00,19.247002253639465,0.0,62.411176055377645,94.28298017296513,16.06172417977288
2026-02-15 01:00:00,16.906067046864422,0.0,58.541785683108266,88.01518557051455,17.24303276951367
2026-02-15 02:00:00,19.487648704290518,0.0,66.07537606044343,82.72633102927709,12.665819575714501
2026-02-15 03:00:00,21.493781234164853,0.0,64.03783671444086,86.80149806481087,12.33453029323259
2026-02-15 04:00:00,20.356693931130817,0.0,55.451714477641445,83.34632777470023,4.584004997181003
2026-02-15 05:00:00,23.111686869879662,0.0,52.1219344827349,78.46138760478178,9.766790617538039
2026-02-15 06:00:00,24.75149857772693,0.0,56.34221007651004,81.97836991653803,9.030048906791746
2026-02-15 07:00:00,26.937836635429974,77.41250825268432,77.2558676698837,91.85196967864161,15.107567724070748
2026-02-15 08:00:00,28.916770487216134,227.56457811905153,49.044613428956836,78.94779364823917,12.023956764193505
2026-02-15 09:00:00,27.234743501122775,229.85359187849653,59.082631575383225,86.19411578443284,9.318786685934906
2026-02-15 10:00:00,28.75939509183401,290.3837878269513,62.77486563251887,76.54819614564794,13.749556470730765
2026-02-15 11:00:00,29.299602532354022,247.95613281139998,83.42999637065942,98.9084640017959,13.900876852922538
2026-02-15 12:00:00,30.03457079378878,344.49507868550864,55.520108548997854,81.46778362554542,2.6143137782061956
2026-02-15 13:00:00,29.718636619362993,290.7608940314708,74.40683226270697,92.54515699264235,18.152023727908368
2026-02-15 14:00:00,30.3730177238958,250.32541030029705,78.5044234715179,90.06357831647833,17.968784065620856
2026-02-15 15:00:00,24.69523163322955,271.2029218397757,59.06841844768283,87.12531045470378,12.00174206193644
2026-02-15 16:00:00,27.233810878273793,183.38711492670575,56.86394773639112,78.52099333497287,14.253587385278943
2026-02-15 17:00:00,26.118113013828015,149.89916488931527,55.088927341819314,80.10171996244708,11.453359272633698
2026-02-15 18:00:00,23.884585474294948,0.0,56.18738540890382,80.8248914608726,6.391576497963055
2026-02-15 19:00:00,19.95307558582704,0.0,72.83833033119505,89.39335837512859,22.296811950403814
2026-02-15 20:00:00,21.61108853257818,0.0,63.489882081375264,93.3115851429789,16.173554977440183
2026-02-15 21:00:00,19.7311205791542,0.0,63.554078060090596,89.14512562750637,16.940115638659915
2026-02-15 22:00:00,22.041598490562553,0.0,43.14637976684503,77.02865330754834,11.019141211719923
2026-02-15 23:00:00,19.848633125914798,0.0,45.51238126191404,82.88747022289829,16.7795260711113
2026-02-16 00:00:00,18.227813705056306,0.0,92.48138913261354,94.03300605309414,9.143154987327598
2026-02-16 01:00:00,16.76387634311981,0.0,57.662300881628504,84.1966682644454,11.901166706680147
2026-02-16 02:00:00,20.699619948760535,0.0,48.708106827283444,83.04500108540823,15.39465557122656
2026-02-16 03:00:00,21.631404026732845,0.0,81.79617424479831,95.07289256388755,11.582580017523519
2026-02-16 04:00:00,21.48143407429924,0.0,64.55681499121214,83.36735654424598,16.8706899504782
2026-02-16 05:00:00,23.75262688208853,0.0,69.00201051392668,86.00815357783834,14.665110425823196
2026-02-16 06:00:00,23.809192293796535,0.0,58.258980631735845,89.95397032832855,13.751418563345034
2026-02-16 07:00:00,26.943419064030056,164.0243714738903,55.54959040230679,86.24069860775218,9.89721178378983
2026-02-16 08:00:00,28.052434267300534,213.9628657089936,57.78589117349949,90.68416672135737,14.506799856883676
2026-02-16 09:00:00,25.666874903907782,259.401822724079,39.58861420647945,87.27637090401691,19.709614504674203
2026-02-16 10:00:00,26.778321602597593,305.69176814175916,59.010775619660386,77.98324006358187,13.65168440177743
2026-02-16 11:00:00,31.73223935220077,322.28757373354966,64.77018291659812,86.92419876437141,15.462371182600839
2026-02-16 12:00:00,30.47379923583406,207.52786986148112,88.08663526861515,88.96080579401941,17.21842120284441
2026-02-16 13:00:00,27.450477805707056,319.43244901594596,61.61967273603708,79.34375117305984,8.503324944953581
2026-02-16 14:00:00,26.55057694977126,420.0939872563421,25.317031127804277,72.45070431899126,10.735549520331748
2026-02-16 15:00:00,28.06758157202474,204.85435900810154,58.91990526918953,83.0659973353795,12.293902547314103
2026-02-16 16:00:00,25.276933971363587,57.422814588981296,100.0,93.7858564784444,6.500361377674107
2026-02-16 17:00:00,25.144319602009148,76.10056356236309,73.32518028573445,85.5752036899771,16.822148582526662
2026-02-16 18:00:00,24.20048103431786,2.485063199544221,48.16635260383002,82.39330902021747,8.681023086833484
2026-02-16 19:00:00,22.850278849762113,0.0,69.19628447741721,100.0,16.17834671372077
2026-02-16 20:00:00,23.226443747116083,0.0,49.19948538761275,74.2398118097695,9.427864482672248
2026-02-16 21:00:00,23.111593185729262,0.0,40.02257396775599,86.27478910068488,20.169581254360914
2026-02-16 22:00:00,19.309223753194846,0.0,55.10414631244777,84.83778144840977,11.640980010953726
2026-02-16 23:00:00,17.96245793640929,0.0,61.70258334954177,84.59188291113783,20.76977349396866
2026-02-17 00:00:00,19.839814721319602,0.0,32.54333352060391,69.1188107915053,10.936325882610406
2026-02-17 01:00:00,21.62560973717115,0.0,43.388276699025305,85.46704427705158,11.955534391575808
2026-02-17 02:00:00,19.480007997677227,0.0,60.780699504840165,79.11833618992857,19.305397341279267
2026-02-17 03:00:00,21.904247373526694,0.0,54.50306841727053,88.52959952039498,9.054883159511805
2026-02-17 04:00:00,20.7460384495466,0.0,66.5478351242962,96.28170735861082,13.527220700551922
2026-02-17 05:00:00,23.067872272858512,0.0,42.40564114747642,74.77721062797438,14.27842911658755
2026-02-17 06:00:00,22.82378975285075,0.0,71.33737228540436,94.30257753321048,15.182024522175102
2026-02-17 07:00:00,25.64249162397658,62.93897754515692,42.869279601201924,81.04814298043966,12.31555530023716
2026-02-17 08:00:00,26.682923247510676,157.41255741096694,85.26668058616929,80.89320850020928,13.886031993445902
2026-02-17 09:00:00,28.660408394684392,313.28707665967795,34.8892917914301,72.44917741391714,15.130234483271728
2026-02-17 10:00:00,30.975921830059526,360.87286438484955,44.237352001353656,81.35408293902219,12.919014164292566
2026-02-17 11:00:00,28.658379804104147,328.90808905294875,66.88622810258228,88.47871628319476,17.20982556743189
2026-02-17 12:00:00,26.734666828291555,249.14308984465455,85.58916482956941,83.5336349051536,15.847037090527607
2026-02-17 13:00:00,28.901208795352844,283.49882777522043,65.3513115988474,86.21117204867713,15.868385827729425
2026-02-17 14:00:00,29.053554649298107,272.0715074383688,69.06853485984071,91.07688031930607,17.987679117180022
2026-02-17 15:00:00,28.13231874050745,280.7882517031362,60.88871958220072,90.04520968157058,11.80410851701933
2026-02-17 16:00:00,26.62966506647012,176.11779594551803,45.229689245376946,79.29879271504485,16.68728192106147
2026-02-17 17:00:00,27.562439368388816,146.89587620618903,53.273590833514156,85.42637569590309,12.036420598390634
2026-02-17 18:00:00,24.511393621669114,9.64256214921415,42.447020257385695,86.34722295341753,6.519707803247496
2026-02-17 19:00:00,22.903984349673046,0.0,41.445016540451775,85.23793637875535,10.755461008471178
2026-02-17 20:00:00,20.82329675496069,0.0,66.65189984690105,92.04666652512678,10.441785486959919
2026-02-17 21:00:00,18.528056920364666,0.0,43.77799632578542,82.78282362156041,13.690238356721245
2026-02-17 22:00:00,20.43218921813208,0.0,65.41897615795527,86.86732697155608,12.127836437648588
2026-02-17 23:00:00,19.823728858223177,0.0,41.09832477378838,82.7115897334882,12.566404524751247
2026-02-18 00:00:00,18.03034458263759,0.0,65.35832802769626,83.8661867245191,17.324790120156194
2026-02-18 01:00:00,19.520161079181513,0.0,53.5823441915005,90.07803685137978,18.62221306232092
2026-02-18 02:00:00,19.890340395536775,0.0,82.01181573070461,83.91738008950519,15.271396222078435
2026-02-18 03:00:00,20.06008969037955,0.0,65.76836615963092,84.96152652675543,17.631017918370755
2026-02-18 04:00:00,20.87617035095021,0.0,79.44932612085707,90.59969189411,13.26388832758111
2026-02-18 05:00:00,23.639985224967926,0.0,49.57788197956705,85.24687020582917,6.226258237431673
2026-02-18 06:00:00,24.11391906602876,0.0,61.754732829607455,89.15923792250854,8.370446780394518
2026-02-18 07:00:00,24.933277834700732,104.03391320107555,46.196275354200765,89.30400794982448,11.52697813890152
2026-02-18 08:00:00,25.787300644586242,162.0005227297428,54.708504084778674,84.24779149353111,15.917801594451294
2026-02-18 09:00:00,27.774027598485656,250.26330608026637,56.98101938477551,80.5392214572729,12.07756622471142
2026-02-18 10:00:00,29.93942993649711,326.7550065419362,50.02470941563786,81.34007920585573,17.244755300625137
2026-02-18 11:00:00,29.505735505967085,367.239460764068,42.68003984325952,78.69716185386969,19.460594819068973
2026-02-18 12:00:00,29.099215649477188,414.97681245278585,39.709822871155154,82.21224068721442,8.432391967801237
2026-02-18 13:00:00,29.638140961428505,478.781245551494,25.816360990333983,70.72337411533104,19.79026093525072
2026-02-18 14:00:00,30.51130181603429,360.3982210563089,45.06738577339308,79.86300256532161,5.71439240953924
2026-02-18 15:00:00,28.580546429711127,201.65196140974086,70.3249911760226,95.45747592217408,20.91158699930644
2026-02-18 16:00:00,27.24573555408893,233.8543707615525,36.935104745745704,80.09617650799645,11.7126584634283
2026-02-18 17:00:00,26.531657859094672,84.02988773059232,40.39074003214537,74.9032723503851,11.08816182726516
2026-02-18 18:00:00,24.202056420565178,0.0,87.77606129443868,90.66478377531132,14.356725783596533
2026-02-18 19:00:00,23.35266721953199,0.0,51.36514197822113,72.22346902394666,9.368379160315794
2026-02-18 20:00:00,21.271832227001067,0.0,65.72827286341749,86.99699296514049,19.292635643736677
2026-02-18 21:00:00,18.85622105437529,0.0,70.54733992345237,97.09680862740812,10.75935219365774
2026-02-18 22:00:00,20.52303386722557,0.0,70.85047467266415,82.75114875114015,11.284477752177896
2026-02-18 23:00:00,20.028529256365072,0.0,38.07786926682405,73.28495357268099,6.386888911267965
2026-02-19 00:00:00,19.107374160566998,0.0,57.724456665728454,82.34870795859457,9.963569010339135
2026-02-19 01:00:00,20.998339264055286,0.0,36.91694282144493,84.7360665174005,9.044867059372194
2026-02-19 02:00:00,19.213189670276016,0.0,97.88511974787565,100.0,11.82480362743887
2026-02-19 03:00:00,18.6430673649615,0.0,37.267222903986806,82.81140637431692,11.160540353709635
2026-02-19 04:00:00,21.075150406706573,0.0,45.472748581173505,75.82736597873429,7.814636383519112
2026-02-19 05:00:00,21.184084687488145,0.0,45.58133904159824,82.15659769414279,18.657145711838666
2026-02-19 06:00:00,24.920848268456208,0.0,38.7404447133776,88.94411134852795,11.325819681467342
2026-02-19 07:00:00,24.797795001213625,129.19023673948936,81.47926051056899,89.14564236803449,15.570099752406392
2026-02-19 08:00:00,28.26149695656284,97.89701833258235,97.52707038047325,94.89490557751107,18.32351853138292
2026-02-19 09:00:00,29.269873355578365,268.9650259246395,54.054115074531545,84.37584578529145,20.80245563932012
2026-02-19 10:00:00,27.60906170403095,350.1183702023368,41.384004661554656,72.52532711394907,15.708732102816988
2026-02-19 11:00:00,28.26049121553176,445.1773627217999,27.636469383330493,81.70977722660399,10.390499553082421
2026-02-19 12:00:00,30.176172554807078,374.885119051323,57.52872108638929,88.17456313585855,8.585489317273677
2026-02-19 13:00:00,30.58482185364606,299.8832944125679,56.44487051679915,73.60579236188823,14.174622072378446
2026-02-19 14:00:00,26.195121230130457,296.2842866119176,51.42090996881864,76.3227012158406,16.82023195059717
2026-02-19 15:00:00,28.383107043289492,219.8637400893537,64.51098067386424,81.07177848629473,13.793276060646319
2026-02-19 16:00:00,24.124533235622085,188.0952182449167,67.1179490064531,90.95255349756434,13.616761827266032
2026-02-19 17:00:00,25.062425288962544,71.7036840628449,66.03660073328932,83.04422603911603,14.155768424946086
2026-02-19 18:00:00,25.90315485658343,10.403788931854955,56.4484787846935,86.28340196396385,5.34328014825465
2026-02-19 19:00:00,27.100006954250897,0.0,44.66602442060688,80.24263008534388,12.8191754105258
2026-02-19 20:00:00,21.670930021924672,0.0,71.17784833132154,88.9496813444574,16.487992455131188
2026-02-19 21:00:00,19.324616458504536,0.0,61.37805825554376,88.9754992430202,12.886170609626951
2026-02-19 22:00:00,19.483734160656553,0.0,74.51571473674056,91.1180391670919,18.219824944926735
2026-02-19 23:00:00,19.737662469325382,0.0,73.04148510630428,89.25486252834143,18.27961868018629
2026-02-20 00:00:00,18.6847594171545,0.0,40.132460239868806,82.91580329389846,9.991028620594998
2026-02-20 01:00:00,18.524173118335952,0.0,39.94555816371149,82.34262395911941,13.764435205296621
2026-02-20 02:00:00,19.671041001218796,0.0,50.12578049446761,82.58245411696011,12.677314497033942
2026-02-20 03:00:00,21.534789568715116,0.0,45.61491015121552,80.06733207696522,4.166614809071133
2026-02-20 04:00:00,21.835841407781786,0.0,72.78766791521704,98.37375485778013,12.890636737905446
2026-02-20 05:00:00,22.115894162921492,0.0,66.7285364153943,85.2012255200973,9.212823328812764
2026-02-20 06:00:00,23.684991778963504,0.0,77.9466511823552,96.81888900054614,14.433290668268747
2026-02-20 07:00:00,25.312152139496078,83.28977599956298,67.40619353673931,83.67907982991909,16.101311945755555
2026-02-20 08:00:00,25.756818711695555,141.70702935185534,64.58863500367607,90.38450851903785,12.358958489421559
2026-02-20 09:00:00,27.17231843918368,174.13095082215997,79.45483798073809,98.75665287920017,10.372603324709349
2026-02-20 10:00:00,29.722926848262095,216.6259870902133,68.50480137160126,85.03022888127346,14.36110513540513
2026-02-20 11:00:00,29.08628491040724,309.7219946525008,62.480405727141324,81.97019791650665,22.89884207091365
2026-02-20 12:00:00,27.276539981745813,265.57926016902456,83.66568678453582,88.72879259547835,5.494111519293295
2026-02-20 13:00:00,30.718135468784844,333.711787296705,63.18660452286739,85.14209263713485,14.090550560367543
2026-02-20 14:00:00,29.427935813197827,304.4350039475726,56.893782201806715,85.46861187059848,10.669551308087549
2026-02-20 15:00:00,26.293534081616418,280.54123496928975,48.8915423939108,82.12886953808332,10.740248745746566
2026-02-20 16:00:00,26.581080320606972,124.12765907909132,72.0042731612567,85.96398344421613,13.181453073979025
2026-02-20 17:00:00,24.820439776292517,106.75045666445155,80.01464940321257,100.0,12.624505958988802
2026-02-20 18:00:00,25.436050450358557,51.69406266284767,60.70008025407409,84.40741836870227,15.442219565798316
2026-02-20 19:00:00,22.778829909180484,0.0,81.07762563227311,87.8020750359936,13.086720376909135
2026-02-20 20:00:00,21.961467694503288,0.0,31.908665796001902,82.88550213272777,2.9479318699833605
2026-02-20 21:00:00,20.77458637682737,0.0,60.62709065345682,90.3227637043082,18.150031850520527
2026-02-20 22:00:00,18.301771120989834,0.0,60.857467594008995,93.58154811489302,17.559987402698372
2026-02-20 23:00:00,21.553458915453998,0.0,50.55397568946533,93.0947938802949,10.100668054419597
2026-02-21 00:00:00,20.492497322440176,0.0,97.47603706460504,97.07649476897805,15.0728895932173
2026-02-21 01:00:00,18.830240435291433,0.0,60.725232004545525,84.96550070812646,17.906617909362225
2026-02-21 02:00:00,20.55076172647335,0.0,55.60215992081044,75.35674038603571,16.912763382163714
2026-02-21 03:00:00,22.36228763147047,0.0,62.10755319637951,81.53328806263403,18.534854438532815
2026-02-21 04:00:00,22.20393156468647,0.0,31.675915416989497,79.68119796120888,13.081705791203275
2026-02-21 05:00:00,25.361153465257516,0.0,50.32010261470322,76.9211434010414,15.59413939483376
2026-02-21 06:00:00,28.42467434259475,0.0,76.466721036558,80.97737033429301,19.458409219094
2026-02-21 07:00:00,25.761605216929407,85.1589923175849,52.28394117088532,83.58588398493961,11.241054165185044
2026-02-21 08:00:00,26.37417958214848,147.4929919882693,49.28499405287287,86.29891767127401,14.226736426710444
2026-02-21 09:00:00,26.8807701264074,149.48659091620053,81.36100604259295,89.12574576224121,5.481689769823184
2026-02-21 10:00:00,26.08394825699992,258.95926099311373,81.82193750915437,95.07683015237333,7.771733293482443
2026-02-21 11:00:00,31.08368594643148,309.17708751435026,69.47297857729407,89.83860657197914,15.473582790991701
2026-02-21 12:00:00,29.171926295019336,366.38464574529587,54.89136148429693,89.14321799231462,15.35521955556386
2026-02-21 13:00:00,30.599059851258026,385.64996249734276,58.126055518132084,94.85884719382227,11.357164064003621
2026-02-21 14:00:00,30.36098308917926,384.27083194202595,49.65587207125255,94.97995375778171,10.057141856940426
2026-02-21 15:00:00,26.76174085512401,281.54821783091563,46.79652470944727,85.3932256316151,10.917555287116679
2026-02-21 16:00:00,25.921409794932856,200.87635419524014,46.05187417025046,79.37550612377885,13.070071415270236
2026-02-21 17:00:00,28.19365642989977,82.5635739173971,52.44730539309883,83.24195731639757,3.3674610025332967
2026-02-21 18:00:00,24.54038355336992,0.0,46.197306634605766,89.78454205128229,14.172340353753137
2026-02-21 19:00:00,22.478999224334682,0.0,38.26254471672971,75.77766151906938,12.042760115133435
2026-02-21 20:00:00,20.77274296472612,0.0,65.00916154118552,94.42468442380061,14.240174992019945
2026-02-21 21:00:00,20.91204182764742,0.0,65.23705520827849,86.37283722833327,12.766935022339824
2026-02-21 22:00:00,22.26160397645117,0.0,87.23001287130168,93.65389237875358,8.829152579912748
2026-02-21 23:00:00,20.692908492948327,0.0,51.6930459695564,79.8308874096455,8.191871403903738
2026-02-22 00:00:00,19.943855404503594,0.0,66.40947465608156,81.0421643403875,19.414416606622844
2026-02-22 01:00:00,21.943012449522588,0.0,66.65865450085452,86.02903171997886,10.762433514170498
2026-02-22 02:00:00,22.19194504983903,0.0,58.160402394849505,91.77636731291425,16.139279677432352
2026-02-22 03:00:00,21.606389322306107,0.0,73.13296964297764,85.5824812109732,9.327190142451373
2026-02-22 04:00:00,25.816519909096538,0.0,73.59640361449323,96.63922871736159,13.619836056762045
2026-02-22 05:00:00,23.0918190265154,0.0,66.87913223969561,84.44164329962072,11.581224470404415
2026-02-22 06:00:00,26.135001400606516,0.0,58.13337023601557,79.32195656700729,11.75667641897159
2026-02-22 07:00:00,25.4907639932574,70.40894210716476,56.60501418341448,85.64582418977037,11.470238825630371
2026-02-22 08:00:00,28.38126732164481,204.1540390791454,41.451657329776616,83.55108417316785,17.848269650117626
2026-02-22 09:00:00,27.920194921598092,252.10525041107005,49.87919913246713,83.27221012747962,20.203905351951917
2026-02-22 10:00:00,29.637470183913884,323.1852294728923,52.63785295320719,83.5186096886746,13.582413370647394
2026-02-22 11:00:00,32.64437016859222,397.8798516484119,45.108389375291,88.4452428732406,10.60462596220449
2026-02-22 12:00:00,30.94497169609522,299.19920250787334,68.56682531204747,87.02453331105822,8.111431404682728
2026-02-22 13:00:00,30.15708693224171,204.7468421126295,79.91738384653766,87.15374899475363,8.403589947636782
2026-02-22 14:00:00,28.03057774338985,327.6977668581848,48.34702932679525,76.26732295394211,18.214776924461574
2026-02-22 15:00:00,28.487795576086494,242.52138247847557,66.21958734790206,92.69990594771423,7.436597179671175
2026-02-22 16:00:00,25.897161102252692,196.4341138943647,46.456298718786854,79.65111039888792,10.561466587588345
2026-02-22 17:00:00,27.154728832520313,83.99362580353079,57.39413324764507,82.68480904559969,13.490935934828807
2026-02-22 18:00:00,25.828005285896356,0.0,51.613022124065864,88.33845176347955,2.1743986531114423
2026-02-22 19:00:00,23.179943049099293,0.0,70.99640054082913,98.59284765172896,8.547442043347285
2026-02-22 20:00:00,24.370155937248384,0.0,51.78614320409983,84.59767197959177,7.235602147240899
2026-02-22 21:00:00,23.15179533854782,0.0,77.14287201733221,89.17795733822761,11.194321809125583
2026-02-22 22:00:00,20.571977913357113,0.0,58.28215420679952,85.50647948883079,13.94883920532511
2026-02-22 23:00:00,20.61309968100504,0.0,52.22391016781005,81.7363211661186,16.72230338591898
2026-02-23 00:00:00,19.019344445763394,0.0,43.40877135801182,80.2700543442968,9.516217281245694
2026-02-23 01:00:00,19.60087501215592,0.0,66.00641794761951,85.85902708159966,11.453681884627859
2026-02-23 02:00:00,19.052801782011993,0.0,75.63662632658196,94.65487670436534,13.303507017088188
2026-02-23 03:00:00,20.626966836516793,0.0,66.30816914124237,87.09214429699611,10.093261416862855
2026-02-23 04:00:00,22.148633305554277,0.0,95.79082528940562,100.0,16.460780711201668
2026-02-23 05:00:00,21.331766182922664,0.0,83.65516208024553,91.18263979265076,15.977533979334737
2026-02-23 06:00:00,25.534196996581787,0.0,57.59543382243403,82.78358315140822,1.9934679457300266
2026-02-23 07:00:00,27.407200806283587,147.00504509789351,57.43793878608322,90.68777959611096,15.42959130257333
2026-02-23 08:00:00,27.274045773704707,160.3871094668566,69.25380108546956,87.38009350344336,13.971516107091997
2026-02-23 09:00:00,24.81345805904951,229.3436142051064,49.63806258680398,82.10532560236238,13.516977579595256
2026-02-23 10:00:00,28.785575254269393,255.57772915242572,79.70267489117657,89.82563564873345,18.70351346544936
2026-02-23 11:00:00,27.802565884454445,298.10522280794527,67.63235812084302,94.1209522134343,6.236437545518222
2026-02-23 12:00:00,28.99183408678905,371.0367757005752,66.05523395606726,87.7454220349354,8.280797005081094
2026-02-23 13:00:00,31.50148515134925,319.5278978563226,72.51265530975151,93.70036099935307,13.344676174532243
2026-02-23 14:00:00,25.949650840278625,182.51148477734395,88.05079854372515,90.99712999909477,5.117036493829776
2026-02-23 15:00:00,27.258601452666,248.77776581753653,64.77268057600185,91.60139946224396,12.392030748101702
2026-02-23 16:00:00,28.362779324498188,157.54083626452928,60.5127447301185,86.11219346596965,16.409898489474383
2026-02-23 17:00:00,25.165930099186173,61.99299125468819,84.83914464302794,95.89777495578151,15.82851252678902
2026-02-23 18:00:00,23.772379598763326,16.899620358848882,76.72160653305629,94.49777587684939,14.152056661778108
2026-02-23 19:00:00,26.132371622764012,0.0,57.39365268743343,79.7704597832442,11.938787314730035
2026-02-23 20:00:00,22.77624244052051,0.0,62.28614702307456,86.56488842161087,11.402825675802019
2026-02-23 21:00:00,22.463398057495663,0.0,65.13906403227124,91.75124606219607,11.315032518592245
2026-02-23 22:00:00,21.09728244340112,0.0,67.63554446226401,93.37672059774178,14.296670738193681
2026-02-23 23:00:00,20.1649163067199,0.0,41.85935252910255,87.75727307023062,5.889397204847853
2026-02-24 00:00:00,21.505001336624886,0.0,39.30193468858833,81.17337209716581,17.817558523130508
2026-02-24 01:00:00,22.50909040802326,0.0,49.128353475574926,90.65677251333744,9.505860854385121
2026-02-24 02:00:00,18.343069932745095,0.0,47.9681271604416,80.00453845212087,14.629121775239847
2026-02-24 03:00:00,21.28032248468523,0.0,52.781843596024196,76.57958667784814,12.960544263418955
2026-02-24 04:00:00,22.30561058074317,0.0,71.9598634369618,87.30606980286757,8.983435506247005
2026-02-24 05:00:00,23.0096133222426,0.0,59.905266460740656,91.55408603858105,18.165922711841233
2026-02-24 06:00:00,26.137147771976597,0.0,65.38512288076456,81.04467269876923,17.595108808501376
2026-02-24 07:00:00,26.489818166448504,88.66436405659023,44.07465265497781,73.74590037438841,5.921082242446324
2026-02-24 08:00:00,29.86488367743674,196.11813948896892,55.51457076179756,74.84636519944445,12.481446865813359
2026-02-24 09:00:00,29.8276491916788,209.71215391460635,71.24806873178434,91.06759122515248,14.391868912801101
2026-02-24 10:00:00,30.96600914170879,270.2644586444306,71.36349067826376,80.00794767190496,5.2828252852016
2026-02-24 11:00:00,28.132484599124364,381.22660417174137,51.57059638279311,85.46792803591454,4.096351098555262
2026-02-24 12:00:00,28.813857252438957,317.23198621397177,64.86413960130504,84.30352339425953,9.9085567726561
2026-02-24 13:00:00,28.750599193775763,151.43373293930978,95.42192160784671,89.73989960465595,9.518211572144015
2026-02-24 14:00:00,30.911950415508905,255.4683534702703,62.17523486677716,79.96340452724813,8.934669355332746
2026-02-24 15:00:00,27.139973687622515,347.07863020916,52.04139961347505,84.02080805361011,7.349853014312481
2026-02-24 16:00:00,26.142454299687135,211.871799553812,59.83276796517933,81.31603477510413,12.50206334842331
2026-02-24 17:00:00,24.69810213655301,119.54307212061794,63.82186041851423,86.27588573567562,9.621988534212484
2026-02-24 18:00:00,28.440704338203506,0.0,60.17167809525349,86.83384580694891,17.464449326535046
2026-02-24 19:00:00,23.38277224558256,0.0,61.96888329546421,89.09811115784987,13.819525258044742
2026-02-24 20:00:00,23.05062337518791,0.0,40.78750185155914,85.46088401564332,15.216628046122963
2026-02-24 21:00:00,19.843432534334628,0.0,47.99974667932246,83.89706351611603,5.6469170338289665
2026-02-24 22:00:00,21.778677854634907,0.0,60.199175249539266,80.58254187264158,10.497064105714948
2026-02-24 23:00:00,17.726373209400553,0.0,59.96018425527518,88.70972675701009,13.542873672181644
2026-02-25 00:00:00,18.667128246442292,0.0,54.16761891283151,88.07285370258457,14.520295022919882
2026-02-25 01:00:00,19.159416614443927,0.0,60.00525424458496,85.26960491616927,10.409478850332444
2026-02-25 02:00:00,20.89423779634143,0.0,63.575680866944595,85.37026890521226,11.17426450654137
2026-02-25 03:00:00,20.373290900956782,0.0,76.00165988359939,100.0,12.233926255900313
2026-02-25 04:00:00,24.421029346627236,0.0,61.172282007340755,79.2146602583237,11.86715991384043
2026-02-25 05:00:00,24.299926755444616,0.0,68.64700611520531,90.03513437519908,22.08913953178872
2026-02-25 06:00:00,24.0433473612933,0.0,54.5364535142227,89.30776850627743,13.97979462619525
2026-02-25 07:00:00,27.530829240904524,87.90263733383728,71.24189388970875,86.02452288017716,13.721596028353746
2026-02-25 08:00:00,26.928561872547892,163.75376866687682,68.29641249991687,86.24223508459289,8.378786738984191
2026-02-25 09:00:00,27.70779809272346,183.43351533955783,75.64771308342881,86.79842540330282,8.841001807869475
2026-02-25 10:00:00,30.434519175868946,239.5893470964404,73.36236497239884,87.82652493103977,12.815285558909364
2026-02-25 11:00:00,26.58078899799355,262.18307194856874,71.4914923789487,92.4332175584742,18.09607531489651
2026-02-25 12:00:00,30.89509400195019,306.99161180435124,61.18419690586481,83.72074535666485,12.262650261030343
2026-02-25 13:00:00,28.842437714170455,309.5246821589028,66.33454644139854,100.0,12.691481932180992
2026-02-25 14:00:00,28.34096933937698,253.80635320354037,78.61309196250441,87.18843962700551,10.953660131994901
2026-02-25 15:00:00,31.020943736535145,235.95127329780695,52.8793394946896,89.50426914152042,5.677275227472335
2026-02-25 16:00:00,26.749255211902117,197.2879701545526,53.23434135527853,86.06582136889793,14.409295365697098
2026-02-25 17:00:00,27.476616063306583,104.40379255940036,65.38192900498694,86.81635544746763,12.251695860284883
2026-02-25 18:00:00,25.3028499631174,0.0,68.88965338971332,94.83079132474872,15.228606562342948
2026-02-25 19:00:00,24.14362492264471,0.0,50.29886054677145,75.00279017001215,13.133470762617701
2026-02-25 20:00:00,22.114126880027662,0.0,61.53901958453189,88.24352815646175,9.220550270843395
2026-02-25 21:00:00,21.010767756224368,0.0,61.25047642229974,82.62910425050052,13.964163299094496
2026-02-25 22:00:00,22.59608970349114,0.0,29.431256301679454,75.83846094437033,6.30735804385191
2026-02-25 23:00:00,21.31980077448223,0.0,59.36654819685012,83.27865547286015,13.838496038711266
2026-02-26 00:00:00,19.368919067474046,0.0,60.512280018135286,81.45361067880067,12.774265219990616
2026-02-26 01:00:00,18.82923619931381,0.0,60.46765336851699,78.07962699711545,19.18577952862487
2026-02-26 02:00:00,19.92856144133835,0.0,84.1107616295213,94.0323273688064,10.737977538931887
2026-02-26 03:00:00,22.758914258788693,0.0,44.63507303322915,81.46558170242527,6.924201660853798
2026-02-26 04:00:00,24.05080362072174,0.0,50.50270894279309,81.56510012275574,10.872484604257787
2026-02-26 05:00:00,24.445835770763516,0.0,23.68911053607227,80.10127570880236,13.620799459698361
2026-02-26 06:00:00,22.916702103084468,0.0,55.65829751825017,86.7867431738525,1.5920213545989021
2026-02-26 07:00:00,27.29251234385534,89.36886360582962,56.937394198972264,82.85628942527171,16.349001164439162
2026-02-26 08:00:00,29.213155978339184,157.84091034066267,55.22238986584844,98.72824248084822,11.926657117013873
2026-02-26 09:00:00,28.779661728969597,201.26520931491478,79.48720760311868,94.6947962208038,9.406720059436848
2026-02-26 10:00:00,31.92237530485977,250.0332435403187,75.78131034591672,100.0,12.317683234033945
2026-02-26 11:00:00,28.13087159241919,283.6694942126924,64.03989837487184,83.76556923382168,10.237702744345917
2026-02-26 12:00:00,30.908754090236478,390.05143325148305,57.312851707764345,84.99039541855656,7.965220549326567
2026-02-26 13:00:00,28.52184567909885,258.98484459154696,78.26489253246524,83.14659997039816,6.158827588473864
2026-02-26 14:00:00,30.724735813580477,300.2097182805336,62.5756796133245,83.43281795746677,16.05069976140495
2026-02-26 15:00:00,29.350757332051483,298.342010399477,50.59799692708541,79.37708925879838,10.291978678247382
2026-02-26 16:00:00,29.860266875446957,235.39778322557157,37.12831734859401,93.83056553911564,10.290515475536571
2026-02-26 17:00:00,26.962220707088708,124.87056510773922,56.25233010242704,80.6063629310146,16.19172751090218
2026-02-26 18:00:00,24.493296490176874,0.0,74.19170176845141,87.7537618845442,13.933042513556806
2026-02-26 19:00:00,23.08601781199547,0.0,97.02012785400862,87.57377775739087,8.613337228975778
2026-02-26 20:00:00,22.19327390033882,0.0,63.79620270370442,89.33867642966962,15.880997750141875
2026-02-26 21:00:00,20.81902915412907,0.0,51.39171478405772,79.27394727244423,18.5049289643176
2026-02-26 22:00:00,22.43961895683469,0.0,45.097569386599076,86.55117814825624,14.267254884522579
2026-02-26 23:00:00,21.847204942000307,0.0,71.15137095544627,79.61913895982241,10.097522262810923
2026-02-27 00:00:00,18.152225490135688,0.0,36.60466883251017,79.87021693411373,5.939101543862472
2026-02-27 01:00:00,20.318002223122843,0.0,71.32908613934752,79.60557169926587,9.960883368451935
2026-02-27 02:00:00,20.848875121478738,0.0,75.33958371221789,87.304999876074,14.179110933193932
2026-02-27 03:00:00,20.546545396287165,0.0,69.61810141676716,86.93647929132976,19.18593017207804
2026-02-27 04:00:00,23.167488158256738,0.0,59.77898453919584,82.52446558944284,9.951519180161023
2026-02-27 05:00:00,25.702774032224543,0.0,71.54801942147643,85.58050742158227,10.981755043564855
2026-02-27 06:00:00,26.257114847699988,0.0,65.6379851851987,91.37677041593145,17.36767600262108
2026-02-27 07:00:00,28.14304729969795,63.17040604796468,51.40205199036532,93.55132749535034,10.834054411206862
2026-02-27 08:00:00,26.663754966764387,158.88783562960208,90.83009445389959,94.454496376258,21.39742261456135
2026-02-27 09:00:00,28.68075717909015,241.888617364378,57.79871892411646,79.89734819908055,12.297524873303614
2026-02-27 10:00:00,28.432548204436948,298.85539463996116,74.71019412502284,88.78305349715376,18.406590161180336
2026-02-27 11:00:00,30.23865139176082,496.00836265323835,26.79469537783848,74.44153030531935,12.870863540003157
2026-02-27 12:00:00,30.526049350400164,255.51933978418054,82.22097285998814,94.47330013542646,16.939409765443987
2026-02-27 13:00:00,31.175181707027264,198.11801766302347,85.10536578809293,92.08937032516792,13.546997868060835
2026-02-27 14:00:00,31.13542959748398,294.4458037474761,63.521416425173776,77.37106492611112,12.729421238043436
2026-02-27 15:00:00,29.52896738762297,262.6920863976325,71.45547513934058,92.97420111531366,15.24845300051588
2026-02-27 16:00:00,26.479542346867596,191.25140229647536,71.45163734238764,92.77518068132127,16.76514047701106
2026-02-27 17:00:00,24.634033865451865,106.42299315286095,53.432156073663336,91.18807745643741,14.775854154822555
2026-02-27 18:00:00,25.773789208477673,0.0,71.2807441998643,85.42191316454033,6.494252364918833
2026-02-27 19:00:00,25.754345384567717,0.0,50.944452570185874,84.42783021943687,13.577952040219355
2026-02-27 20:00:00,22.565533728372028,0.0,53.942555763594314,78.22692550601067,10.070778590452925
2026-02-27 21:00:00,19.576617631855083,0.0,79.97805676645868,90.85179750665392,11.815383431746652
2026-02-27 22:00:00,23.47781889335897,0.0,77.69377497877724,91.9366975986857,15.714699773775282
2026-02-27 23:00:00,20.90435995232528,0.0,52.47827708653731,80.85363642197625,19.415589548832695
2026-02-28 00:00:00,20.40006889681241,0.0,52.26233947120642,85.76727444044073,11.684912594366278
2026-02-28 01:00:00,18.829593298194915,0.0,53.58203558685695,85.46107037264416,20.570624222780218
2026-02-28 02:00:00,20.86853899679044,0.0,74.25557812070439,87.2344313971562,9.324783888222672
2026-02-28 03:00:00,22.535000430870024,0.0,48.26621291156607,89.72366019361718,17.340281466218197
2026-02-28 04:00:00,23.331511862668155,0.0,68.61667420926132,86.53222792741035,15.15360191859969
2026-02-28 05:00:00,22.99963643383778,0.0,74.46868678323645,89.88146985412357,14.557660946604956
2026-02-28 06:00:00,25.103400058103794,0.0,61.94230286932552,78.43554946245517,18.6297646419247
2026-02-28 07:00:00,25.67087143881335,53.418705849277245,78.41694007669594,92.39955966354101,11.374715569240902
2026-02-28 08:00:00,29.840994983713856,217.1599742248734,58.70133208137514,81.86471523073908,18.045343434589228
2026-02-28 09:00:00,29.87645500410823,300.5913895853463,60.05815060881331,89.36912424896315,12.169649089935607
2026-02-28 10:00:00,28.8260766156912,356.7396773608232,48.60729115674418,75.32218011916805,9.861938136361557
2026-02-28 11:00:00,28.48820350088234,258.78766483621195,78.5236448380251,91.56116543933753,8.619548139452155
2026-02-28 12:00:00,30.538744532849183,379.48547748620103,51.76817791903897,71.50095184077219,18.929824650126243
2026-02-28 13:00:00,29.366551450761424,308.7708687253873,68.51256188944791,89.85249824665108,17.990671880662177
2026-02-28 14:00:00,28.96391328205735,287.4982985242208,62.196243616833,84.38046070804107,11.197558878202933
2026-02-28 15:00:00,27.237340458252707,290.0898675170003,47.47423867704709,83.82972614626131,14.555386602686482
2026-02-28 16:00:00,26.36275358407028,202.29301680805568,54.12943746637222,80.62713373082808,13.212870210786683
2026-02-28 17:00:00,26.68315134978983,54.65827195780995,84.00906820933304,86.30329885625295,12.788802661702388
2026-02-28 18:00:00,24.830642943753915,0.0,66.29084776323923,84.72559992579824,17.17357503398255
2026-02-28 19:00:00,27.128958402262842,0.0,48.1287295032194,82.97289857664148,9.90477020040749
2026-02-28 20:00:00,23.4501143884167,0.0,67.8459089339524,90.37681340352975,4.625729702080514
2026-02-28 21:00:00,20.14484728418019,0.0,61.07427414980385,87.81605957872317,14.093062913465308
2026-02-28 22:00:00,18.851130791104104,0.0,100.0,91.53852638882094,15.267064394416549
2026-02-28 23:00:00,20.865578599758734,0.0,67.54284224385611,96.99427086064702,11.004056173286594
2026-03-01 00:00:00,19.742018742131474,0.0,57.738842983126,87.1874782990593,9.317260717975426
2026-03-01 01:00:00,22.15923426818731,0.0,84.74863445592803,88.80145093088089,7.999838996708202
2026-03-01 02:00:00,21.29424193635233,0.0,35.832673179728786,81.93513303031176,10.340746832763148
2026-03-01 03:00:00,19.145135656741225,0.0,64.86301803483794,88.67392055522416,9.742222093341088
2026-03-01 04:00:00,21.432694377333807,0.0,93.36464310933755,93.29959044004467,18.525815889536528
2026-03-01 05:00:00,23.085984066954726,0.0,61.70522642372516,84.54946574823083,15.151271801460627
2026-03-01 06:00:00,25.83259398515531,0.0,37.44870001940029,84.46164205077596,9.934299392155427
2026-03-01 07:00:00,25.18346303198583,89.86111373029303,57.5094462229625,93.28908025825666,14.966350805858475
2026-03-01 08:00:00,27.956608837422745,140.58325411882433,85.26598630350702,80.99298641448267,13.833400405349508
2026-03-01 09:00:00,27.056485103633197,210.95387672419878,69.08925963393304,93.41652002285353,12.376666248033903
2026-03-01 10:00:00,29.59611402887078,362.4296152702389,50.8653740464337,82.4265740243109,12.324029571687923
2026-03-01 11:00:00,30.568608876504616,318.076537559363,53.16957358143611,83.94055478302145,19.743717455862544
2026-03-01 12:00:00,32.157909377841946,372.47340254106933,55.052711621874266,89.74770314920977,15.328709540641212
2026-03-01 13:00:00,30.406823147408655,338.251887236709,68.86618394993141,73.43147805424614,12.249380376806334
2026-03-01 14:00:00,28.526317582672775,215.74372986385006,83.52115768320127,94.72528882967127,17.751509697638433
2026-03-01 15:00:00,30.73438648425494,172.54987124858016,79.23456088110903,95.66096755631112,17.392959577317484
2026-03-01 16:00:00,27.51981451820646,140.36838632976574,70.2883984207584,84.05104372420789,14.553289131723309
2026-03-01 17:00:00,27.557677989321085,36.67824078290327,43.47354428825922,73.81496920839874,10.859397992497392
2026-03-01 18:00:00,24.46118146275541,0.0,43.529227979219854,89.4627738562933,10.598022924748705
2026-03-01 19:00:00,24.08186247762413,0.0,71.44699600732793,79.51751095117997,9.271763250555267
2026-03-01 20:00:00,21.71629765032527,0.0,43.26614922012806,83.70234163438232,12.885276679499867
2026-03-01 21:00:00,22.141350001297834,0.0,60.0647103730924,90.8605168250354,10.563765027957
2026-03-01 22:00:00,21.97279547006711,0.0,68.01047238191413,89.73969380121648,11.653646925483597
2026-03-01 23:00:00,19.785077775649338,0.0,46.38430575868114,85.50147772329015,14.815286835262402
2026-03-02 00:00:00,19.622512211217803,0.0,48.2566138739855,81.84567861394035,19.16156074889197
2026-03-02 01:00:00,20.973057058978288,0.0,62.20873292085117,88.76982813077814,14.607241569818612
2026-03-02 02:00:00,19.936174726524563,0.0,71.17530320222926,85.3110566123104,13.13817973746376
2026-03-02 03:00:00,19.82996180695161,0.0,79.5433304455748,88.06661607237798,13.902112167051149
2026-03-02 04:00:00,23.297977850342082,0.0,72.72635041092673,88.91461974604023,18.18817637519695
2026-03-02 05:00:00,23.90472095130196,0.0,64.72539781425137,78.9464219851123,14.787080281154564
2026-03-02 06:00:00,25.171305297547725,0.0,52.42762758601271,86.26641166818028,13.39632556621879
2026-03-02 07:00:00,27.31030927088869,104.30107303612213,47.55694395170066,69.4389977266434,13.436128710266425
2026-03-02 08:00:00,28.697797964580012,204.48984840823,55.95739256443124,85.54875577328721,7.083399635143095
2026-03-02 09:00:00,28.665053953289856,239.54313055823954,69.76958266407696,89.47699732739392,15.0503847740406
2026-03-02 10:00:00,28.20947929846573,301.448320039681,68.6699044887786,83.01345234518581,9.932618754398478
2026-03-02 11:00:00,29.338288793743327,432.74571259626555,32.12201910349161,71.50993076185672,13.1837705920312
2026-03-02 12:00:00,31.099275616025484,400.45163203792913,51.83539346535591,80.30310841375268,9.651011136206336
2026-03-02 13:00:00,30.345775100344294,248.19678023521436,81.68816216346079,93.11856061955639,16.449086390689185
2026-03-02 14:00:00,28.95426234985795,292.519975518999,64.80877460643055,87.63754987607985,12.628148562104721
2026-03-02 15:00:00,27.854653980767555,307.1491457541566,42.36541519282366,74.90549015664075,7.536826614234711
2026-03-02 16:00:00,28.641992159753183,76.36041082463494,98.95786661334071,95.02157329926197,13.785169544635279
2026-03-02 17:00:00,26.344769604702414,14.529292452302428,63.18642290464698,87.20467422651092,21.982875305250033
2026-03-02 18:00:00,26.317354318824254,29.04572551426688,69.38555827906957,88.54663682276144,4.377057248437431
2026-03-02 19:00:00,25.187863817578005,0.0,69.61342023004546,82.74221890027698,14.146037779172799
2026-03-02 20:00:00,22.432130831049736,0.0,58.10661689696566,85.9903482507796,8.863068805811656
2026-03-02 21:00:00,23.03783033077467,0.0,52.706943662047536,88.3597864253554,18.14285307963095
2026-03-02 22:00:00,21.1886281682988,0.0,95.44567366535756,97.41793278696989,18.03752068044101
2026-03-02 23:00:00,20.85727908383439,0.0,78.6686369336347,92.64596694537072,14.67707182643881
2026-03-03 00:00:00,17.57481679306494,0.0,76.1119912449266,98.65518813079143,17.475328517274328
2026-03-03 01:00:00,19.328363797444652,0.0,72.42727110406962,90.09651885159461,14.599650121030548
2026-03-03 02:00:00,19.89836092474762,0.0,48.73317237287119,79.03899359977753,12.461136132755634
2026-03-03 03:00:00,21.470405571653107,0.0,82.94588610440056,87.3722014630377,11.751858133666149
2026-03-03 04:00:00,23.068846926660395,0.0,51.135943358120215,84.25379468524297,11.113138826797737
2026-03-03 05:00:00,24.32792081375115,0.0,68.03223520055614,80.22115382535462,11.545367174074741
2026-03-03 06:00:00,25.79166164753911,0.0,39.19208464632793,78.42435755080253,12.000982655383062
2026-03-03 07:00:00,25.823857873577065,143.20806114567318,33.17005046858367,80.78980219425878,4.090097242473252
2026-03-03 08:00:00,28.818962469617773,145.9596009425401,68.55730126809318,92.72220596042095,17.546522436703192
2026-03-03 09:00:00,31.30779949926029,272.7640878422789,51.646444220372835,74.54537239386788,20.36980893735566
2026-03-03 10:00:00,29.29099528194881,425.8431623771767,33.94541965883736,78.63809371726089,9.96840748431925
2026-03-03 11:00:00,29.387051130492083,261.01304708314905,71.8920757725026,87.27378070645845,18.29441160816007
2026-03-03 12:00:00,29.52925924562635,207.76525513511712,95.58414479405829,93.70417581708325,14.242795599528646
2026-03-03 13:00:00,30.360927922645466,224.6477671599249,84.62633710699738,91.36027261628337,11.822105170835238
2026-03-03 14:00:00,29.066825593135775,337.15021496592476,59.92316494931137,84.51243241281159,11.469022193095634
2026-03-03 15:00:00,26.70629758563505,258.632017283104,63.915612828750646,92.9840033220027,13.538550575218535
2026-03-03 16:00:00,26.02641318252331,153.5676855002037,77.09852708005516,95.6406533747792,10.969701250238026
2026-03-03 17:00:00,28.04053302353077,29.80996282423687,80.61485352582005,100.0,16.45547190584837
2026-03-03 18:00:00,27.086522868870873,0.0,58.62989744591098,84.59163493399099,10.854375033201102
2026-03-03 19:00:00,26.20595185554325,0.0,64.29559896416507,84.13955966527077,8.921874382723942
2026-03-03 20:00:00,23.214386387123675,0.0,68.2921553297645,82.80207083342447,13.334942174149848
2026-03-03 21:00:00,20.596479550437795,0.0,72.09107803247893,86.38610645229602,10.828812481928548
2026-03-03 22:00:00,20.520642603883957,0.0,61.786786598127456,89.99145592272407,11.780079972002714
2026-03-03 23:00:00,18.651757559791342,0.0,61.98165455226529,91.09027544640051,12.881845668616057
2026-03-04 00:00:00,18.513166631609135,0.0,84.6328056000829,95.8088001284531,8.872813033903522
2026-03-04 01:00:00,21.004238610299904,0.0,82.07813119041037,88.09655859499519,19.939367753549796
2026-03-04 02:00:00,21.87261421332063,0.0,71.0964792553084,85.24785314455227,16.80540081238909
2026-03-04 03:00:00,24.512377934525077,0.0,89.72195670411101,100.0,11.965879627589954
2026-03-04 04:00:00,22.894004568971905,0.0,58.138634220370825,80.99059294753651,12.830423269778679
2026-03-04 05:00:00,22.442745738453816,0.0,88.27992238320779,99.83619206815806,16.957151835209938
2026-03-04 06:00:00,25.343529719132157,0.0,72.07305230680034,90.28961385995655,14.438505706871952
2026-03-04 07:00:00,26.42892448467888,42.80737065775167,100.0,91.42266663177912,22.519406939980186
2026-03-04 08:00:00,27.36342503817572,216.66695373052116,46.04809175202991,75.53508138190195,11.3477521380275
2026-03-04 09:00:00,29.484434561663775,245.17760818569576,53.59514187050696,79.581523206665,17.435674669992558
2026-03-04 10:00:00,28.253338949098058,267.8315427144664,70.21728807677529,89.45447924700318,8.172314699886444
2026-03-04 11:00:00,30.50159321213279,314.64102657581515,69.89383144845196,82.40007891008908,8.771492614072132
2026-03-04 12:00:00,31.349058463449023,205.130941302192,93.18740541639235,100.0,21.397258453382392
2026-03-04 13:00:00,32.17731445076059,368.80449758281037,53.90970040427407,81.66152559045055,10.967661068351813
2026-03-04 14:00:00,30.235641840682614,256.0929574042741,77.50909843417534,92.39416062449283,9.205664438840346
2026-03-04 15:00:00,30.393616709621497,227.78268105209327,81.37226572399702,92.93257938274664,13.877715475167626
2026-03-04 16:00:00,27.424961365615776,153.64190525947186,74.5050381370768,96.67201923258646,18.781158870212156
2026-03-04 17:00:00,26.400544087223313,135.88287263579485,49.52037552490228,80.28016052407096,9.421920015924666
2026-03-04 18:00:00,27.254227371594034,15.540059437969585,85.05170273258005,91.7552029137997,14.08576326468595
2026-03-04 19:00:00,22.424871240048137,0.0,82.37519462349829,84.27309550224737,6.70080296504009
2026-03-04 20:00:00,22.477943825094428,0.0,72.92908845062274,89.42632163084068,11.77109636035255
2026-03-04 21:00:00,23.43347251082472,0.0,67.00053596190139,92.98517092924794,17.338824675356015
2026-03-04 22:00:00,20.897453969913244,0.0,67.32694080443265,88.84447556568898,10.228977751505235
2026-03-04 23:00:00,20.30111444513573,0.0,62.754283770176414,98.25675147381318,8.050091955908568
2026-03-05 00:00:00,20.239373342322615,0.0,73.68944308567907,92.03500434692613,10.580018665291668
2026-03-05 01:00:00,20.906973269715163,0.0,64.5446888660641,84.34806420930214,10.78850984397611
2026-03-05 02:00:00,22.666087069431903,0.0,51.34979144159982,85.76635854001601,15.62634499122802
2026-03-05 03:00:00,23.250272161746523,0.0,48.34879139947556,75.33268301229494,13.93654922153257
2026-03-05 04:00:00,23.099199507807732,0.0,52.79712226710506,79.78949593715326,14.931620016713545
2026-03-05 05:00:00,25.710315006084514,0.0,67.40964971013122,80.96081915019084,13.48421093107433
2026-03-05 06:00:00,26.02863594618774,0.0,63.67332852536133,86.1445911852003,10.70422061466982
2026-03-05 07:00:00,27.995256537538765,90.06778274585852,67.30782297122067,86.37505137042595,10.25992971778472
2026-03-05 08:00:00,26.747424777538185,175.482898118291,71.5898630750811,93.96090030348783,15.308804318068713
2026-03-05 09:00:00,31.379957553254805,255.7496906309066,54.667852183136254,82.51462697170338,19.089404067719645
2026-03-05 10:00:00,30.200709083170334,220.24907424103594,86.06256859706966,86.02293685307603,10.540188116080394
2026-03-05 11:00:00,26.841132073791265,363.3898573867606,60.062003666177326,92.8359196839156,8.931167022737995
2026-03-05 12:00:00,32.74169041936925,346.6498772788205,57.576261300166806,68.80960777026763,8.335502291732613
2026-03-05 13:00:00,30.420505635878285,317.651185983887,71.31345963187623,87.5076168571516,16.89178494110883
2026-03-05 14:00:00,29.400289963284465,381.77760644922313,36.53001303626335,79.86049722205587,11.657928615846606
2026-03-05 15:00:00,28.332451015048463,275.38060484622594,52.21964932604565,82.80360698840862,14.832569812872686
2026-03-05 16:00:00,28.655657522953764,142.04260452712774,78.79375805226694,91.95055028657457,11.907815670177005
2026-03-05 17:00:00,25.723494724753213,103.3865552346211,38.016337135957784,80.24901116467996,14.37376026019181
2026-03-05 18:00:00,24.83432669238713,2.0638509655079864,80.84127902588678,93.0334706024186,12.891522584163868
2026-03-05 19:00:00,23.571468333391284,0.0,86.74471456727646,89.18936191294539,8.157533511891568
2026-03-05 20:00:00,22.704383937046174,0.0,58.535836004533216,77.98303938862313,16.61838474989082
2026-03-05 21:00:00,21.37900046327493,0.0,68.4548575832841,87.72509790048296,13.277841814321445
2026-03-05 22:00:00,22.362836446088213,0.0,80.86397234465484,85.77894423920664,12.802002799467811
2026-03-05 23:00:00,21.10705695865075,0.0,57.07582825123664,81.51027431040698,13.978954537783167
2026-03-06 00:00:00,21.1779506564511,0.0,77.22656016825691,95.98735364869735,8.084662287355762
2026-03-06 01:00:00,21.631156642730666,0.0,54.142695433404114,92.13098933951522,14.4300271798187
2026-03-06 02:00:00,21.215853326465925,0.0,57.0458929603665,90.84262577727371,10.469052163898489
2026-03-06 03:00:00,20.805066862809824,0.0,52.21988039548958,88.77111792298251,11.986573396678374
2026-03-06 04:00:00,25.51372711979348,0.0,69.34963534828624,87.86010551507506,18.02465670288555
2026-03-06 05:00:00,25.578702722109163,0.0,81.57946314884744,95.68528024826597,16.647751742704056
2026-03-06 06:00:00,27.76367801471979,0.0,61.44823337860672,87.02560139863517,12.366885228087991
2026-03-06 07:00:00,28.30599806936602,103.45533872979759,45.141189961678144,90.82685002063734,11.852724860542267
2026-03-06 08:00:00,27.568520071578405,229.7094746302927,47.96932502606195,77.31654740611913,2.156188276761373
2026-03-06 09:00:00,26.150165482708744,252.48716600650005,70.1289186809223,91.02274669379375,10.218878454861418
2026-03-06 10:00:00,28.399304562339655,200.13417215097772,91.87167356127823,86.4365595927222,15.262092365006998
2026-03-06 11:00:00,31.32411068876958,372.9101420964942,70.11580235008016,90.27207778486849,10.44913005423147
2026-03-06 12:00:00,30.53473060146608,335.23213130253777,58.4064791005954,75.47588093594356,7.614593571999827
2026-03-06 13:00:00,29.950827211458403,267.5399587768383,75.70268686311846,82.4153334515199,15.705733222028318
2026-03-06 14:00:00,26.752910363378973,312.38380670760006,60.617447826562994,78.77830631850114,18.25665017135028
2026-03-06 15:00:00,29.185471359018702,323.64014803635644,58.53564909990109,85.56675157641148,10.041193000660094
2026-03-06 16:00:00,26.76069078127554,254.0030060849746,49.833040774935235,84.26678236272386,15.99169315830729
2026-03-06 17:00:00,26.019400767120437,97.82141291977757,85.33666002405953,100.0,17.1660559374321
2026-03-06 18:00:00,26.772138222569808,0.0,26.12180859792924,76.10817884380909,7.398818166614483
2026-03-06 19:00:00,23.035023130781717,0.0,76.17781536455323,93.50189889889829,10.89814175983956
2026-03-06 20:00:00,21.953206799618382,0.0,57.25375329340114,85.87480760424091,20.07509835153929
2026-03-06 21:00:00,22.372723416303952,0.0,58.05481638859,88.65228588453013,8.434649988213094
2026-03-06 22:00:00,22.470946596778642,0.0,89.59465470213138,93.79633909821838,12.043651872839037
2026-03-06 23:00:00,20.313856101129357,0.0,53.49796097736342,89.87549619038067,20.53789373386787
2026-03-07 00:00:00,22.657475181166518,0.0,54.131028070522056,78.92076816250945,10.431074221040554
2026-03-07 01:00:00,19.25819609188869,0.0,62.37615179715525,74.51794217366694,18.53077121761868
2026-03-07 02:00:00,19.529695854923617,0.0,70.53977616813178,90.8425052741894,9.438922533256562
2026-03-07 03:00:00,20.213489450933167,0.0,57.704228646555165,76.4186470677022,13.438281496599693
2026-03-07 04:00:00,21.10225626090318,0.0,40.72418142290992,87.6243985655851,16.379890720604937
2026-03-07 05:00:00,24.893513583832288,0.0,51.34659266772172,80.41202587387195,10.697466248310763
2026-03-07 06:00:00,24.478969039430815,0.0,83.552073227916,86.0749889372828,14.57654891167092
2026-03-07 07:00:00,25.210940307145357,74.06104899497835,65.45371721798088,100.0,16.250430988945155
2026-03-07 08:00:00,28.743830858313025,166.35985048985944,71.09837463650554,87.42076895729004,9.946946144603354
2026-03-07 09:00:00,30.35676308191741,268.079539595237,60.41074727335265,83.54864305462112,21.981957356733602
2026-03-07 10:00:00,31.44633808954895,340.1848534231161,54.43959993834916,86.68282624270509,16.872877679989347
2026-03-07 11:00:00,31.717594090152787,236.85241031104718,89.49560712907937,95.74358328221798,13.045651304998302
2026-03-07 12:00:00,29.55656064878137,344.4608269353831,61.509187525182,90.68944621093958,12.13616807009755
2026-03-07 13:00:00,30.938642539866695,387.9871165255554,57.681517188041305,77.16471541581696,20.530958833727006
2026-03-07 14:00:00,30.726155224169084,234.12857186459587,80.7742008762783,92.31516084412789,12.619451777859963
2026-03-07 15:00:00,28.668280841953656,273.2658220181463,53.49665999793743,81.6579926511537,10.786199030014382
2026-03-07 16:00:00,28.46427288971287,177.443428180968,55.41115522433826,79.02800548485483,17.35521935892142
2026-03-07 17:00:00,25.41708668119916,85.14437983125146,64.48576564120168,86.59944264813115,7.622057502502611
2026-03-07 18:00:00,24.934214925714276,46.765981421148105,64.3361169422709,77.3376859777515,12.903477171618473
2026-03-07 19:00:00,24.939323426388643,0.0,68.22623559949642,91.98031532106197,13.747948745466609
2026-03-07 20:00:00,25.20990060528809,0.0,95.70710172188052,92.74191069698409,11.97050001730283
2026-03-07 21:00:00,23.711432746022396,0.0,69.37578907623376,85.44972757713994,7.206393248638506
2026-03-07 22:00:00,22.279084156769162,0.0,28.6612559396862,77.18505803960576,11.709464572042396
2026-03-07 23:00:00,21.024076073598607,0.0,69.22654953242161,87.36544218234715,16.21405041536575
2026-03-08 00:00:00,20.73575761275481,0.0,65.01224390838017,92.89610649169828,10.534390270921854
2026-03-08 01:00:00,19.122048208123434,0.0,65.09579435630805,81.97707524387211,8.535560660665775
2026-03-08 02:00:00,20.417271766644177,0.0,68.13325363197875,86.10969168707621,18.43098800539564
2026-03-08 03:00:00,21.25431206271819,0.0,64.0138696759142,85.78253725963245,15.313204966101505
2026-03-08 04:00:00,24.08074438982557,0.0,63.654862595205344,81.02580887175296,11.735531384064167
2026-03-08 05:00:00,25.767894157041695,0.0,73.63970713759798,89.39130989401961,17.365403627933738
2026-03-08 06:00:00,26.791102725007125,0.0,56.31283203311867,80.4901761272489,13.782600406230994
2026-03-08 07:00:00,28.665118874626064,113.2561848239875,50.22874895644855,75.28600938616447,19.668297250030022
2026-03-08 08:00:00,28.427492096607146,150.65721579972356,100.0,97.41701321834361,17.656677762531288
2026-03-08 09:00:00,28.09128194818341,279.66563143475577,53.70618233431768,90.99922868967292,7.12584720088724
2026-03-08 10:00:00,30.09877153329088,307.4336979331456,65.94618767793733,86.26383497619459,10.66235252452499
2026-03-08 11:00:00,29.720898193505842,491.8801193356642,42.009140227905675,79.57772282583426,9.656835819371452
2026-03-08 12:00:00,31.68877526890565,308.5762249415408,66.1910702168075,85.22207346033883,14.547793672181099
2026-03-08 13:00:00,30.196372787041454,365.05982514325206,50.445660730696154,79.55220488432747,11.308325857881368
2026-03-08 14:00:00,30.03559319614013,314.20360260922115,57.80694984828602,89.84688558907989,8.381199432723086
2026-03-08 15:00:00,30.27080008412787,219.06555573827728,80.12001397760304,90.00963227352544,16.362560369816055
2026-03-08 16:00:00,27.37013470315369,120.45030444232967,71.52418751670729,76.9323230621096,17.57667816504437
2026-03-08 17:00:00,28.380822066704255,96.35233610077833,72.97018685965847,94.03019317800869,13.237571562881092
2026-03-08 18:00:00,24.081682022075228,13.167667362222394,37.87597141515824,84.6759151306575,12.731632166354785
2026-03-08 19:00:00,24.937978312430594,0.0,91.99747153847137,96.31667609098045,10.729646837872407
2026-03-08 20:00:00,23.215388583103334,0.0,46.56582432690806,68.4321132438765,10.238141653771521
2026-03-08 21:00:00,23.37356770904116,0.0,87.37245620544415,92.37233728156885,12.44209069189937
2026-03-08 22:00:00,19.716744110277354,0.0,79.76720198075847,95.50142878966705,16.2227061061203
2026-03-08 23:00:00,19.013899688548808,0.0,73.10403511780638,91.37142078424347,14.679307203671696
2026-03-09 00:00:00,21.892422275395404,0.0,51.72105834073011,84.72215799841722,11.267283916779162
2026-03-09 01:00:00,20.57953665831664,0.0,66.81967772664868,92.14555235319159,11.863454518735029
2026-03-09 02:00:00,21.46919481995507,0.0,57.482008894682934,85.8966644733137,5.002827511053253
2026-03-09 03:00:00,21.52415675866131,0.0,64.98142362693521,93.08485431677524,19.672568717926232
2026-03-09 04:00:00,24.604018067551337,0.0,60.797746168072436,86.36761773996261,4.698103806003932
2026-03-09 05:00:00,25.012250421796374,0.0,33.96667245576971,79.2007509324268,13.38585555451071
2026-03-09 06:00:00,26.230227888250084,0.0,81.37259231912465,94.9206823394537,14.21946844119239
2026-03-09 07:00:00,25.69095319066121,94.4165041113182,63.32922270611542,84.03572804144518,12.103731919199962
2026-03-09 08:00:00,29.06932179294165,209.00340626657666,57.273824061822275,78.52184698594053,12.83092056919794
2026-03-09 09:00:00,28.16302168532394,320.6697862352449,56.140921561909316,83.87978396020783,10.1551138760048
2026-03-09 10:00:00,29.391372656712463,291.2111402155921,69.92272369985736,90.07384764924679,16.10739771420297
2026-03-09 11:00:00,28.972041741000574,382.55960132007414,51.13948497993875,87.11587764824152,7.302702523313266
2026-03-09 12:00:00,30.71386065681619,470.5726451300824,30.71819667724518,81.77696767912587,12.847168399017603
2026-03-09 13:00:00,32.13080894330877,333.47253405698257,70.65277710247997,86.55033206181912,10.8215849948125
2026-03-09 14:00:00,30.542195078610256,254.9887345466553,72.33237502370815,86.69491421692362,11.908906775336632
2026-03-09 15:00:00,28.87853130126321,283.6056267558785,61.551352684191336,82.14547875338513,11.477940340311616
2026-03-09 16:00:00,28.559254787307474,253.73406401665585,47.3272869265057,82.84731378343218,11.704942092010752
2026-03-09 17:00:00,27.346157963063018,51.982866421799336,65.8798631676951,78.21242206619853,15.30260656932661
2026-03-09 18:00:00,26.003253862880367,13.847313968974122,42.577844529652,80.90776923530964,11.985710305417543
2026-03-09 19:00:00,24.853804107601096,0.0,49.13737110404094,96.85467558455923,16.188786420700573
2026-03-09 20:00:00,22.065371913647393,0.0,53.285361006793416,76.54221740270746,16.84385468397877
2026-03-09 21:00:00,22.52033053588247,0.0,77.20491611772917,90.75735748717142,15.095317405044717
2026-03-09 22:00:00,19.30541467476323,0.0,59.10666579780207,87.8200332005475,15.685694177328585
2026-03-09 23:00:00,21.83604613325576,0.0,57.827833877708926,87.76387676360925,20.99111437975953
2026-03-10 00:00:00,19.567918287686187,0.0,93.95778118194214,89.771042400303,9.044573094414801
2026-03-10 01:00:00,22.702740284930933,0.0,69.92433090860415,90.70360523975774,17.80076237141858
2026-03-10 02:00:00,18.492558075487143,0.0,69.72231110789583,86.03416127408614,19.665500361806963
2026-03-10 03:00:00,24.642710756521673,0.0,59.09188227264182,77.98864665055926,14.689277563977269
2026-03-10 04:00:00,21.370505357358393,0.0,55.69181843622178,89.52716534710098,20.400774134997945
2026-03-10 05:00:00,23.147481993778808,0.0,31.841296850516187,81.86127596046981,18.687086795793046
2026-03-10 06:00:00,26.390266386492982,0.0,79.16850142962682,85.05077311963908,12.610288795181754
2026-03-10 07:00:00,28.099916942434238,75.26700675534302,71.36203903711913,84.9565348322069,12.526331561347288
2026-03-10 08:00:00,28.133091182698816,158.9152137129642,61.949903552572245,82.41745012053113,15.219924225213806
2026-03-10 09:00:00,30.697414011037655,259.6396872419026,62.578992923229606,76.8722129342904,10.632492492489654
2026-03-10 10:00:00,29.296098727508998,265.92044060278,75.67955738468928,92.38762322527907,24.62886122498664
2026-03-10 11:00:00,30.31152183779837,468.2029824970719,41.31674235457565,83.83204935436684,15.221178448328494
2026-03-10 12:00:00,30.6087909119426,417.4565595891196,55.78917347746636,81.74292690772357,12.975610984607586
2026-03-10 13:00:00,30.131206752983296,426.1693746513823,47.59285050738549,81.28790380591292,6.738836689823001
2026-03-10 14:00:00,27.817187109383287,228.09751968885658,91.21003268807463,93.25341996172696,15.568176393546477
2026-03-10 15:00:00,29.504958956641378,199.6571443015576,77.77222642857295,90.28927205668423,9.146013268719551
2026-03-10 16:00:00,28.35198293735613,221.3839435820054,31.59700383374298,70.95880752064778,14.61951965591873
2026-03-10 17:00:00,28.69722505550573,132.50432406165785,41.93096905117381,82.6703815005846,2.0877630536484997
2026-03-10 18:00:00,24.32976449675462,3.1594888597314132,62.65220835041115,80.18605110784759,18.667509491250296
2026-03-10 19:00:00,23.87616749036648,0.0,57.55079026968707,88.2631485111063,11.180959571143765
2026-03-10 20:00:00,25.06603083035029,0.0,44.77166032962012,76.15860960634342,5.471699143491131
2026-03-10 21:00:00,22.847233850906605,0.0,93.80882701553078,87.57457793292019,14.624879992396508
2026-03-10 22:00:00,22.385558810250775,0.0,69.32549216051213,87.88334641960151,13.53356640785814
2026-03-10 23:00:00,21.761326816065733,0.0,71.75963829371982,88.47318442993412,13.330711031907061
2026-03-11 00:00:00,21.68114851673982,0.0,54.33848284672368,84.90118164743613,18.235831259777193
2026-03-11 01:00:00,23.623651236931547,0.0,75.55281929287692,84.93097847518709,15.301157194796241
2026-03-11 02:00:00,21.874791211527118,0.0,59.01221567047671,86.5359238320299,16.13496470835281
2026-03-11 03:00:00,21.235635209246603,0.0,60.4685594795944,87.46675298996371,12.028525678277399
2026-03-11 04:00:00,24.41635210717116,0.0,73.88373648258579,94.68704783185886,15.402182769320577
2026-03-11 05:00:00,24.055302973067057,0.0,40.28374360930239,81.43780406555011,6.780235305662153
2026-03-11 06:00:00,25.942997305731122,0.0,88.67412498297162,89.33012087743515,15.466117588914937
2026-03-11 07:00:00,27.86124590286994,129.25267994084697,67.45454530606503,79.99913841168122,10.339892209322944
2026-03-11 08:00:00,27.51815476529039,115.60489503924896,83.93287021691324,83.25418978689527,19.47518975478912
2026-03-11 09:00:00,28.95806610884194,309.387804869298,48.58741073592461,83.46803342233888,12.731391225609123
2026-03-11 10:00:00,31.03464553638863,389.0106956132983,50.87123022478399,86.07860507833281,15.195034949914536
2026-03-11 11:00:00,30.202306043948447,444.528557305109,47.2902037612097,76.89110281097935,13.41380049891244
2026-03-11 12:00:00,32.35131628586237,369.35647498379564,68.47317217517947,87.59191359125622,20.64886448195419
2026-03-11 13:00:00,29.63353962929882,330.765566600391,65.70845661398057,85.16098980644087,7.043972576001803
2026-03-11 14:00:00,29.129660704662058,342.53140044242946,57.75252979673918,87.71002102129606,12.432439120630299
2026-03-11 15:00:00,32.09932190648956,337.0167166553292,49.5076691919277,85.9424035708429,8.635035105979796
2026-03-11 16:00:00,26.596621001004063,207.6583030646429,45.719763039244256,70.15938439315937,4.0874564236148245
2026-03-11 17:00:00,27.34527911288973,108.33116430987701,63.99144857814705,91.10674376841932,9.099455551449413
2026-03-11 18:00:00,28.49284437690667,0.0,57.734905391377886,85.47078450691792,17.574887886389213
2026-03-11 19:00:00,24.754651267293244,0.0,54.43460219983295,81.28867295666144,12.601028824421482
2026-03-11 20:00:00,25.3367172448581,0.0,87.92504937718103,89.71344057067434,13.517168003399455
2026-03-11 21:00:00,23.398598792868686,0.0,63.483821912315875,86.56990268002609,16.268195736632748
2026-03-11 22:00:00,21.746425906647467,0.0,83.76935109411076,89.21162994136776,14.65019729568873
2026-03-11 23:00:00,21.086447403727824,0.0,56.71992434496644,80.38199580209199,15.28932890924254
2026-03-12 00:00:00,18.415496366941277,0.0,68.46139115262338,84.86403506763287,14.714445957557476
2026-03-12 01:00:00,20.926134716030532,0.0,63.95760665179851,81.69967170394663,15.368688649924579
2026-03-12 02:00:00,22.1423660439852,0.0,39.32541225287169,87.29284038941955,10.167521457523089
2026-03-12 03:00:00,22.936236881994454,0.0,86.21482148960223,92.44279391645364,18.499090709387907
2026-03-12 04:00:00,26.876225389626907,0.0,62.762442790157294,96.97339234884532,8.289593600293342
2026-03-12 05:00:00,25.241759265808597,0.0,75.98602019013794,91.11562300945492,13.45538201299193
2026-03-12 06:00:00,26.98979792235884,0.0,53.509316058720145,86.32340059686594,17.06315176313403
2026-03-12 07:00:00,28.979156348472316,71.41933305059047,62.31708117194706,79.97437050592777,12.499597418942574
2026-03-12 08:00:00,29.37326071031297,214.9055715092535,51.78696149679321,81.49970658630676,10.865933884171636
2026-03-12 09:00:00,29.59427912450188,201.68498752155696,83.32972413709443,90.8067457018526,23.32024954057679
2026-03-12 10:00:00,30.395192468547812,285.9241908183109,69.46088710740366,83.66969971099142,19.14741155515784
2026-03-12 11:00:00,30.544387309865016,298.65658855455393,70.29554979585686,84.71822421975371,14.08130911801737
2026-03-12 12:00:00,31.748083343204396,244.02994482067837,85.16250910221822,92.67915393596981,10.376214882066968
2026-03-12 13:00:00,30.77882119949834,255.0665554628703,82.13486634912888,92.16569239865194,5.966403568547284
2026-03-12 14:00:00,31.31315333194012,247.61899075859364,76.2698849376878,81.73577185686983,16.648140979231215
2026-03-12 15:00:00,28.39432940783097,361.3858676984626,43.46383669008159,82.07551426856199,17.236666026735577
2026-03-12 16:00:00,28.861512001258077,205.65857155203486,54.354560102893274,86.07448913776273,14.300810718840369
2026-03-12 17:00:00,29.482391748669027,99.23268296709819,49.73142485547324,79.109113250859,5.643770480977465
2026-03-12 18:00:00,25.878598458778583,2.6739510966801756,75.70275230003053,85.6343293026498,14.426414289359764
2026-03-12 19:00:00,27.27241589487105,0.0,67.3495260218943,89.00386482156442,11.420073476988577
2026-03-12 20:00:00,23.883381886854448,0.0,43.932060391184606,68.58507104083877,12.843229004067306
2026-03-12 21:00:00,22.561614449604306,0.0,61.95858370047512,86.16582611021359,20.871639773519394
2026-03-12 22:00:00,21.992086039399677,0.0,42.37806185986186,89.51784208211701,15.276509470512279
2026-03-12 23:00:00,20.93612965646858,0.0,63.99239957459714,73.92588387586794,15.503918509360712
2026-03-13 00:00:00,18.680825173279388,0.0,40.01990430045278,85.36722663248209,11.819617429168655
2026-03-13 01:00:00,22.57014624996248,0.0,72.78290426102974,91.5823163666045,15.297043563082978
2026-03-13 02:00:00,24.775948159926784,0.0,70.51993125077165,80.77308644266222,10.633923636627264
2026-03-13 03:00:00,23.344572210827458,0.0,93.46971926046376,96.51818827160764,16.893229287296784
2026-03-13 04:00:00,24.459265315481122,0.0,77.56859120272068,94.78035748384598,13.10495565489079
2026-03-13 05:00:00,24.724082348979728,0.0,58.50677802292301,79.08499615740917,9.636316305613658
2026-03-13 06:00:00,27.76067389419756,0.0,77.12154325937783,85.63016303721453,17.11608418455936
2026-03-13 07:00:00,27.498590187232622,96.28711383885013,43.88553364608287,81.02713043664089,3.2680600921646814
2026-03-13 08:00:00,29.10293419337369,177.94071325670384,50.413402805044264,87.17626130474886,10.342173023437217
2026-03-13 09:00:00,27.756300563946972,217.19910752376668,69.8476298413872,84.64287036553,15.945663060524865
2026-03-13 10:00:00,29.897530653322132,440.7627170314605,32.47674691904164,77.47410346656585,16.522176046804653
2026-03-13 11:00:00,31.562736289798675,345.0574107143186,64.2930800862523,82.06439068924178,15.101465989774425
2026-03-13 12:00:00,32.434923320676916,434.274259736041,49.546542478484234,81.69418526423657,9.788979526273533
2026-03-13 13:00:00,32.30059886193142,369.80648737772555,66.37009768755951,91.03082566498853,13.11477538003905
2026-03-13 14:00:00,28.532739894726845,413.72558409916394,48.6844464895516,82.47068482502593,13.599320496563235
2026-03-13 15:00:00,27.869968263827957,285.38849509521344,71.21421392208838,85.8857622679958,19.802848299409956
2026-03-13 16:00:00,29.514926297089502,140.41416549998212,65.14040321527139,85.74407837541175,16.939412135602545
2026-03-13 17:00:00,26.57879238682405,46.38206722882211,85.85598061348051,87.52404850130688,18.004517096218983
2026-03-13 18:00:00,27.418518453572034,17.4621289264939,64.95150987178488,81.20313934593116,13.509252633098454
2026-03-13 19:00:00,22.842234168398498,0.0,53.320849785838554,89.97096746787089,8.382097229625536
2026-03-13 20:00:00,23.627615138864243,0.0,61.147204022851305,93.9812067798535,7.433194857433177
2026-03-13 21:00:00,22.67550629736894,0.0,44.68694590500958,72.86285363008807,11.0292835394526
2026-03-13 22:00:00,22.550028272899752,0.0,70.94255068084215,91.31378090193591,16.344850196248018
2026-03-13 23:00:00,20.085410939282127,0.0,73.69824555498963,93.75641710530851,11.67736797799854
2026-03-14 00:00:00,18.78391414169,0.0,100.0,90.17398721900153,17.288698612337566
2026-03-14 01:00:00,21.73373287997709,0.0,55.573384144579556,82.3245103819388,9.59992750059561
2026-03-14 02:00:00,22.694939756799975,0.0,60.884005398517886,82.9815290941651,10.482516721701774
2026-03-14 03:00:00,24.114864966903255,0.0,56.264546137072394,94.00364059130919,18.445266927449136
2026-03-14 04:00:00,23.37459027201365,0.0,68.08262952061399,95.82671992126463,16.47162035223817
2026-03-14 05:00:00,26.05499832922052,0.0,70.62628202083984,83.19243669097992,12.305359213386318
2026-03-14 06:00:00,26.972213328768,0.0,64.10030133721797,78.7330027797691,9.882810717454
2026-03-14 07:00:00,29.353929247954284,65.42697654003116,81.1958127567411,93.81074861082185,17.855450294618414
2026-03-14 08:00:00,28.76870313055556,237.83054107438207,55.64623144732396,86.36598999290105,16.288152496330202
2026-03-14 09:00:00,27.62737223371348,191.72500644028443,79.6935347220063,96.0492453514077,16.541465978415992
2026-03-14 10:00:00,30.58287686463021,236.4576493635235,72.97839180826186,82.41179356313812,12.937605726881817
2026-03-14 11:00:00,31.285322525859907,378.98340296633376,64.72047520516143,89.15502552482282,8.857658962419197
2026-03-14 12:00:00,32.014359936531086,356.42316749808214,60.17687439228845,80.63326850106735,12.9494999498099
2026-03-14 13:00:00,29.17784947661558,183.0978516782327,100.0,97.78914006354114,20.6303994888771
2026-03-14 14:00:00,30.265176181085,373.2401786006076,52.64579424251444,82.48607546510134,8.996134212523433
2026-03-14 15:00:00,31.00477597037978,252.63918839032073,69.36992165817185,96.24485403383036,13.658309791759022
2026-03-14 16:00:00,28.70539633287557,231.28793021606737,53.64763795001364,85.39306851507236,19.225550215311262
2026-03-14 17:00:00,27.23734795015394,75.36451395614006,91.68523523296521,91.3157350487058,13.367330086528561
2026-03-14 18:00:00,28.818931738531592,13.747313164050707,78.20331893563369,89.96765700993365,13.40023776978967
2026-03-14 19:00:00,23.655606753019423,0.0,54.72567582102847,83.68048565784711,7.334673766601574
2026-03-14 20:00:00,25.443808544392652,0.0,72.58984890511405,82.6087092579429,16.122294993452652
2026-03-14 21:00:00,24.132798172116757,0.0,68.76635982279396,97.24613100150086,10.475926154465622
2026-03-14 22:00:00,21.7178640023888,0.0,57.15155257402455,93.07380715616745,6.639163725931297
2026-03-14 23:00:00,21.468320570960678,0.0,76.27338726206823,89.01658140967096,9.999434921130486
2026-03-15 00:00:00,21.378665519551554,0.0,70.78060926868228,92.03775614897862,14.37281525252145
2026-03-15 01:00:00,21.832964824190622,0.0,68.17650911040542,98.07632926218254,7.0884050753295815
2026-03-15 02:00:00,21.323031088798047,0.0,64.3122327334812,93.11408511697425,7.672350296220612
2026-03-15 03:00:00,22.333935272099357,0.0,71.4068457911109,87.01466411822675,15.807478899963346
2026-03-15 04:00:00,23.46426998222221,0.0,68.38184332450302,87.18603423530014,13.129554745994401
2026-03-15 05:00:00,24.711679636098214,0.0,65.82742839749139,78.2124329177552,9.635413908722017
2026-03-15 06:00:00,26.022078772671673,0.0,55.32578966230268,87.85199481573267,11.481220294164329
2026-03-15 07:00:00,24.807084872155073,51.32723897254641,90.34752201355352,99.13004394292813,21.470058421238516
2026-03-15 08:00:00,29.053005686697652,218.9106980062834,49.18472925188793,88.23676229091755,17.586163394335053
2026-03-15 09:00:00,29.275887664121992,268.06910942033414,71.35557168531231,91.00271111268667,13.138044532570271
2026-03-15 10:00:00,28.32933447871245,361.2441221939598,60.137417267594635,86.59668721089474,16.271599970393183
2026-03-15 11:00:00,30.800624684450487,201.6116848021939,91.33423744385563,87.27440440498233,15.050724226028791
2026-03-15 12:00:00,30.930817150979756,416.69629765857957,51.38879034375852,83.8561227254069,5.472662423135262
2026-03-15 13:00:00,32.91350888904192,418.8743851386345,53.91207947571115,79.4326835747359,4.8829799236701605
2026-03-15 14:00:00,30.05518994535332,388.6580417882043,50.393757453188755,84.76605800893023,8.882356737672593
2026-03-15 15:00:00,30.829723012157647,216.72506538747484,69.79300416637528,83.05446162548891,7.186637499311495
2026-03-15 16:00:00,30.723717476790796,252.82191850727742,44.3452685085865,83.1218396504276,13.303530754153043
2026-03-15 17:00:00,26.903667776173904,81.90621966571084,57.76310098074964,91.07084214502039,10.688396911826091
2026-03-15 18:00:00,26.36431549956908,32.595669346408606,32.65554105930186,80.14499622690451,13.33409323296361
2026-03-15 19:00:00,27.379265954259374,0.0,68.54734871403748,88.72224098699868,15.190151481070595
2026-03-15 20:00:00,24.223730874083387,0.0,57.437805520772194,89.3410262332267,15.632000106651214
2026-03-15 21:00:00,23.376402761146235,0.0,42.620177243138336,90.05025716573225,8.408525130892187
2026-03-15 22:00:00,21.566504752308347,0.0,81.22516944672701,90.58489612761683,16.123945306089357
2026-03-15 23:00:00,22.489598820505936,0.0,45.32602492634204,84.61317645209063,8.444451741266413
2026-03-16 00:00:00,21.46005076310016,0.0,76.92494853855862,97.61839241526764,16.691607153036667
2026-03-16 01:00:00,19.300223210202258,0.0,54.45518082831832,88.11520600754605,17.61337568008134
2026-03-16 02:00:00,21.719656847791565,0.0,88.99436385656678,83.02875603112906,17.34233248798719
2026-03-16 03:00:00,21.437919827672964,0.0,76.21405127202758,86.30973211352389,13.102392391781848
2026-03-16 04:00:00,24.157499414445727,0.0,49.850075125024965,86.64410437134156,14.759576770476464
2026-03-16 05:00:00,24.025600109202273,0.0,51.214554904980794,81.24893543170728,6.4276479982887595
2026-03-16 06:00:00,27.133153166291642,0.0,74.05367126650003,95.69521822347204,6.667861038769058
2026-03-16 07:00:00,27.863873833617955,85.15312625330112,61.03512122748289,94.41881930003069,14.918940392123808
2026-03-16 08:00:00,27.389174456238894,195.55900782047695,62.43065558281491,82.5980618968486,18.352470542532068
2026-03-16 09:00:00,29.406820516526366,258.2369077130227,84.05437611471686,85.49005759911662,9.276923962649754
2026-03-16 10:00:00,31.64844469193402,397.1696852942742,53.740460087586044,80.93193657137614,12.747761423986425
2026-03-16 11:00:00,32.833606238894916,343.1015943908509,66.3401997707672,83.615422747517,15.072464195257648
2026-03-16 12:00:00,30.338438560235303,285.8248419274325,79.29021009291998,97.00222817858656,11.506303130138956
2026-03-16 13:00:00,29.914542648913397,227.5933531416971,77.1075555139194,83.66303538973851,12.49784684559622
2026-03-16 14:00:00,33.37799360220498,356.8460766651739,62.5766031753253,88.39960277987484,15.581803298147067
2026-03-16 15:00:00,30.034421736380647,295.96610754976393,60.63720497534551,91.64332768511522,13.464605942731437
2026-03-16 16:00:00,29.130495776809983,235.31911996527933,38.888561250321416,83.49866809580638,12.394656953144661
2026-03-16 17:00:00,26.844473014771882,80.00795591997417,49.127118298157455,84.48738497756666,8.527162297784823
2026-03-16 18:00:00,26.791372457993923,0.0,69.74618158675639,86.65678358942378,13.362711678037089
2026-03-16 19:00:00,27.447115314881046,0.0,62.90256035400185,94.90345595057639,11.553474712565217
2026-03-16 20:00:00,24.34226101040543,0.0,66.09469936662879,85.69605739823957,11.927207330243188
2026-03-16 21:00:00,24.360504478839832,0.0,80.55959733264629,95.27724524869821,11.862363577291028
2026-03-16 22:00:00,22.219138155466453,0.0,47.16094655220127,81.71368990943012,12.24892660848436
2026-03-16 23:00:00,20.348412881634953,0.0,61.42808865464564,77.14624481607137,9.598293289518402
2026-03-17 00:00:00,20.7090473088254,0.0,67.82087400499255,86.55064785080839,13.439402809956055
2026-03-17 01:00:00,20.314483019564673,0.0,54.42781049020655,83.8283610214058,11.261264210049296
2026-03-17 02:00:00,22.55025051864679,0.0,86.46236626273554,91.56607824000577,10.59474347140704
2026-03-17 03:00:00,24.652776504718556,0.0,78.6190115780215,86.70528600871863,6.136586161243835
2026-03-17 04:00:00,24.306569203702363,0.0,69.34220946015562,90.8684187438851,17.25697426450209
2026-03-17 05:00:00,24.903043389174343,0.0,91.90368624375309,96.97591246427737,17.580423461612934
2026-03-17 06:00:00,25.570723300932706,0.0,42.50678035967215,79.31199204720315,8.905922575154166
2026-03-17 07:00:00,28.353429826117623,92.19303102336238,64.87431533723905,84.44448676889643,15.97038799384708
2026-03-17 08:00:00,27.487683310274583,156.8512320913925,70.4852640878352,82.29472221231318,9.425114005793203
2026-03-17 09:00:00,28.65845748309706,261.8556762338151,51.271883851915454,83.84101401319887,11.335077773658233
2026-03-17 10:00:00,32.09759424576124,323.967520121806,69.50092768109022,93.50018975939744,11.353927252953575
2026-03-17 11:00:00,31.065828529308856,424.48971134046667,48.39147214700611,88.38107941860449,11.309209952337735
2026-03-17 12:00:00,31.210564527984605,394.1536336473868,75.34856932793808,85.20981204412847,16.352148245423034
2026-03-17 13:00:00,31.20709828914506,264.44459473699624,80.85773107575788,99.53932686070323,12.43539015165358
2026-03-17 14:00:00,31.871014384598205,356.8362518620965,69.0752105707492,84.72729348054473,12.095202694075963
2026-03-17 15:00:00,30.34794235977071,378.72560580547577,37.198242327850096,73.71767073564845,14.832820979019786
2026-03-17 16:00:00,28.131249104740604,195.9529899553971,50.48830673633377,75.64315776528242,12.771247243634638
2026-03-17 17:00:00,26.972130322385848,91.0959652057286,73.4608596020217,82.98805648622579,11.305891002264705
2026-03-17 18:00:00,26.343610924805148,19.284513163761705,65.30818920650977,88.09425474518505,14.227976398881792
2026-03-17 19:00:00,25.696045418895423,0.0,24.580170288436967,75.05331513543666,15.199656508896677
2026-03-17 20:00:00,24.051092052358992,0.0,83.63266531184789,88.19046315545184,18.40529938587229
2026-03-17 21:00:00,22.899883830948546,0.0,67.04005714763177,83.1380564106686,8.053488935168104
2026-03-17 22:00:00,22.327296586762284,0.0,52.70408959382361,78.44634062667119,7.537028322723271
2026-03-17 23:00:00,21.720534120838515,0.0,79.91454351732425,86.32121173807349,17.99206398823438
2026-03-18 00:00:00,20.66854520231933,0.0,54.8361715599644,89.7357294689089,11.591730781784879
2026-03-18 01:00:00,23.292580030247514,0.0,54.67248998950466,93.24091807020507,3.9336007414689522
2026-03-18 02:00:00,21.72591106498087,0.0,70.37456151877842,97.71055506904442,10.599121427222984
2026-03-18 03:00:00,23.315495785608988,0.0,91.7148486422023,96.91682243368106,12.82957457679215
2026-03-18 04:00:00,21.504607155802567,0.0,89.35307942316118,90.70119861646664,13.217376302115882
2026-03-18 05:00:00,25.109221175664036,0.0,70.39494423712948,84.54328544818878,16.57946094590637
2026-03-18 06:00:00,25.25357706321551,0.0,71.93505663632268,92.02642673552387,9.880081546138447
2026-03-18 07:00:00,26.704409900555973,73.0705632512641,76.87175573484026,88.0304864373381,17.58571733646633
2026-03-18 08:00:00,32.33188470670927,225.985964744943,46.14451662302764,82.79592917942378,13.44775572981577
2026-03-18 09:00:00,30.542960552405304,278.41553166370875,74.66149681084762,97.78612004835685,8.586911895098169
2026-03-18 10:00:00,32.606998826038165,376.5854509662992,53.988169731414956,83.74013550172593,11.421513738127807
2026-03-18 11:00:00,32.62456676541481,363.8167357001108,69.7764427555166,97.98968292929919,15.467490474686052
2026-03-18 12:00:00,32.96125872224993,387.6870412474984,61.58725733945782,78.86825144325368,13.237611618850735
2026-03-18 13:00:00,31.253878947026763,277.8782272801985,72.5173966602811,89.72837935819508,15.141763033769683
2026-03-18 14:00:00,33.10149261005963,332.7425887337252,66.77082372866478,87.34616464345747,10.98887692435484
2026-03-18 15:00:00,31.319270369734628,410.1219999114382,18.903817691248385,69.15765751074687,13.164263192802343
2026-03-18 16:00:00,29.23677841299544,171.74336387514182,67.68264742914559,90.59342282317304,11.790284554608526
2026-03-18 17:00:00,28.319414712959947,57.959877263429256,74.63156603805682,96.11402927515952,23.916240939442943
2026-03-18 18:00:00,26.5052908342512,1.819196598034038,71.68819697864468,99.00960470567895,8.30660200699289
2026-03-18 19:00:00,25.456858690466134,0.0,63.46048256043919,88.15304112264121,23.964827805807147
2026-03-18 20:00:00,24.126362020039682,0.0,89.63169713252398,83.33843587005413,10.676991881912091
2026-03-18 21:00:00,23.64350279032715,0.0,69.6698686903928,90.30589053402197,18.56839191673648
2026-03-18 22:00:00,24.61488189856386,0.0,71.56437125646448,91.95865843680029,16.887981457709266
2026-03-18 23:00:00,20.28663549216075,0.0,80.66665016432641,89.9977372292092,10.395071773534067
2026-03-19 00:00:00,23.253985957642907,0.0,70.43687210116443,89.2467165088119,15.919729485206322
2026-03-19 01:00:00,21.460590804811467,0.0,51.5277108045024,81.29570745765942,10.59314657983788
2026-03-19 02:00:00,24.089359838903516,0.0,28.422915899021113,76.87384695946808,12.520544112929691
2026-03-19 03:00:00,22.799911887230312,0.0,57.84116357544423,90.17773903733963,13.48352735116523
2026-03-19 04:00:00,24.805504544583787,0.0,76.41215999393219,96.37733301780365,12.423368569419692
2026-03-19 05:00:00,25.268332016134885,0.0,59.701532134448364,78.8315886215206,11.2553566911471
2026-03-19 06:00:00,24.519155004689722,0.0,77.01565268994139,87.0694279996253,15.214272163400286
2026-03-19 07:00:00,30.323689929776243,57.24472478012742,67.22889974451954,78.3663989874456,9.746155995813655
2026-03-19 08:00:00,28.0433450675029,108.0340422890849,84.31896815964822,100.0,10.75156856261722
2026-03-19 09:00:00,30.413506390517405,281.4722043331172,60.56972649890553,88.98430326359437,16.848390934238456
2026-03-19 10:00:00,29.73090346197605,325.0053710484245,72.01219950423076,77.58839735716538,15.314154811901467
2026-03-19 11:00:00,29.860451749593107,325.6572682386434,72.58625307374584,87.3948216937002,8.402643867042148
2026-03-19 12:00:00,31.502502973485587,243.16971421185607,87.52200519518334,89.78783049202214,10.362980961102627
2026-03-19 13:00:00,30.826989255835446,433.22087009680155,39.39841751070128,75.49586126831245,3.4238774807921413
2026-03-19 14:00:00,29.579592256305297,379.13151923134507,58.12185298741809,89.3249109935907,16.544851927872514
2026-03-19 15:00:00,30.258396271868854,202.25386635933134,77.725718686543,94.0096044432241,16.640590168558678
2026-03-19 16:00:00,27.34244602505428,101.13001661038372,88.18642430239517,93.34249722024914,10.054292860472383
2026-03-19 17:00:00,28.22613592853294,49.7176555642862,68.59904979534666,83.75757985195779,16.02855619857364
2026-03-19 18:00:00,26.603399900384733,0.0,60.60741463939314,82.04510352845745,20.97237558337313
2026-03-19 19:00:00,22.250301694717194,0.0,76.35475263583211,90.02077665825996,7.66038303935446
2026-03-19 20:00:00,23.58888189111666,0.0,78.0285172341907,87.73311523788207,11.441022803219584
2026-03-19 21:00:00,23.8423238724435,0.0,59.60305192570584,85.34530712997456,6.735386755402461
2026-03-19 22:00:00,21.05618809571579,0.0,69.95258678837864,91.17012396365543,17.291804886130173
2026-03-19 23:00:00,22.60462548640267,0.0,82.70588604189498,83.66813537134533,13.751063710657867
2026-03-20 00:00:00,22.417357906277775,0.0,93.34321089249092,90.23227761625404,13.074740910796674
2026-03-20 01:00:00,20.702207946906917,0.0,76.12540038190352,89.80755409934619,14.715942240515215
2026-03-20 02:00:00,22.50878092017015,0.0,65.64840944335803,94.91250970893239,11.05468483316951
2026-03-20 03:00:00,24.391829435809342,0.0,64.17519835280551,90.66169292286624,11.60223074428657
2026-03-20 04:00:00,23.215526033791456,0.0,73.34727435127849,88.88656955483152,14.766413579945075
2026-03-20 05:00:00,25.29322598302185,0.0,63.25123335618238,88.08036797716694,10.722250369412228
2026-03-20 06:00:00,28.350185786765607,0.0,67.83093347870997,86.24768616308653,11.515604652140437
2026-03-20 07:00:00,27.034048474715753,120.9639936641788,49.118182025411016,87.66055710439204,11.82982870506786
2026-03-20 08:00:00,29.95178070493288,174.61857009834395,84.44218394074153,92.83654463641844,14.587470001387917
2026-03-20 09:00:00,28.987460398542908,273.8471221344062,47.88355508614396,88.06677093367088,14.80075513575556
2026-03-20 10:00:00,30.97575147815881,334.65577187545193,58.50464958657895,77.25310626289702,15.258143872132365
2026-03-20 11:00:00,32.26524879378153,394.9396112409725,66.45022490615135,81.79181620701496,7.3241550896249885
2026-03-20 12:00:00,28.728990106472406,250.35308253837414,94.85112919170372,94.82629046513229,20.37436170447493
2026-03-20 13:00:00,30.989884059381243,409.5690046730353,58.646081220589224,86.53059363958435,13.168771600225693
2026-03-20 14:00:00,31.74313345765461,401.85618876000257,54.99608878396819,95.03924442736906,11.423160769658201
2026-03-20 15:00:00,30.68400618128078,248.86907703105987,56.72407223336723,74.58968395272677,9.222040803917281
2026-03-20 16:00:00,28.675783033361864,146.21958648954316,89.86978350754383,92.0507021600626,22.45015759085543
2026-03-20 17:00:00,26.71301355164721,179.49051695738882,22.801121090783816,75.35371829412519,20.57950878389068
2026-03-20 18:00:00,27.671879280242646,0.0,49.94525581114533,83.57472512285196,19.961985462900778
2026-03-20 19:00:00,25.141650949099162,0.0,100.0,100.0,15.485662768757239
2026-03-20 20:00:00,25.06382629550783,0.0,73.8495570957487,93.13419340130334,15.068898865156578
2026-03-20 21:00:00,23.81363110363015,0.0,48.396551753285834,74.55702166511512,18.38397267576937
2026-03-20 22:00:00,21.9431041432289,0.0,64.35755626075256,94.51672068008818,12.25487434208706
2026-03-20 23:00:00,23.41957606783783,0.0,65.99814448439206,94.56591483297652,15.46511753400121
2026-03-21 00:00:00,21.168307153493828,0.0,77.65620055287961,91.60417690119017,14.791686951971295
2026-03-21 01:00:00,23.65882908149297,0.0,92.55685190663398,85.55156237504373,22.30291386389393
2026-03-21 02:00:00,24.328421317330434,0.0,70.79259708348376,87.34079119500319,19.284941008235155
2026-03-21 03:00:00,24.770483217445392,0.0,56.86749731910112,86.89494178670876,12.291488301985847
2026-03-21 04:00:00,24.206138547164652,0.0,76.77058849576859,94.59448140888813,19.938731835659357
2026-03-21 05:00:00,28.95797570870662,0.0,54.49053141135261,74.4766975402877,12.709155680253316
2026-03-21 06:00:00,27.138265843356855,0.0,49.46425942446009,78.49980224127316,10.290101731048104
2026-03-21 07:00:00,28.54833669455384,146.00590043205918,38.56568878494885,84.899253749261,10.786938159256005
2026-03-21 08:00:00,29.412188297731298,240.5846018549942,41.48739594678952,87.51884609542545,12.664014905895312
2026-03-21 09:00:00,29.00770553230033,308.80342722873564,51.51764452243145,84.73089246407852,9.435681783177882
2026-03-21 10:00:00,32.95459027406323,407.8892516273273,47.29747534878246,86.6737413641875,10.294398684983054
2026-03-21 11:00:00,31.02637271942306,317.7603362961689,69.66286977491629,89.0881678908472,7.709609938928228
2026-03-21 12:00:00,33.13636238038934,415.75398990103986,46.973294476934996,85.63829305274511,9.058734382391687
2026-03-21 13:00:00,33.277916218800286,604.2842059264414,17.809327333924365,74.23625577632335,11.828653961980216
2026-03-21 14:00:00,32.055312860177104,348.4326087793097,49.30564524545354,83.9678570984279,16.633835313786964
2026-03-21 15:00:00,29.57684189380578,269.5086579319216,57.88642714847424,77.97618753613209,16.550449571109414
2026-03-21 16:00:00,28.997466314375004,168.91542592710925,55.88257954621605,87.28171126926063,14.513488353113916
2026-03-21 17:00:00,24.754764237167727,27.332052518339864,87.7571920539333,86.01431913848201,8.270762967636045
2026-03-21 18:00:00,26.789460093264264,10.658879352982341,55.76118347495827,87.57695718465285,9.34404894350881
2026-03-21 19:00:00,26.690296065038215,0.0,78.17817381228349,87.39608385840694,13.119137696951986
2026-03-21 20:00:00,24.13211144373434,0.0,64.67958286908261,88.45002052053,17.085311565291164
2026-03-21 21:00:00,22.63822976067358,0.0,64.32975097920655,81.97271967766567,10.98907045392064
2026-03-21 22:00:00,22.2236700262763,0.0,52.433617531574974,81.30681294191754,7.742657815952157
2026-03-21 23:00:00,23.69121467651022,0.0,64.08258209058403,88.35681791807167,18.997281821528762
2026-03-22 00:00:00,21.956203262226417,0.0,53.45552932639417,87.89211000851965,9.733044488112153
2026-03-22 01:00:00,24.612540555673775,0.0,67.48233594367397,92.69765878836225,8.862634768138715
2026-03-22 02:00:00,21.954798082515588,0.0,61.388226740500095,80.35346865354819,13.978752673411273
2026-03-22 03:00:00,23.77374607252582,0.0,50.76255223198142,75.66891204867609,12.337829046708006
2026-03-22 04:00:00,23.963456154472784,0.0,79.81038632536435,85.53154649863782,11.990014288442536
2026-03-22 05:00:00,28.4296157701607,0.0,71.3345784301768,82.29116112854395,13.56820050597405
2026-03-22 06:00:00,27.260495562490085,0.0,58.2110302177217,92.34782786345141,9.206789584232325
2026-03-22 07:00:00,31.087472861662057,76.76510895324797,67.11436693538508,92.86651128949832,11.309395097371672
2026-03-22 08:00:00,28.980712836414902,168.20321992814328,63.67463340732596,80.63846776044781,13.039213791216026
2026-03-22 09:00:00,32.548265492332234,319.2893303287389,51.91810717090631,90.69883239929429,4.4524806609802035
2026-03-22 10:00:00,31.510410060665652,387.5401025114782,65.98941466517287,92.22328537477263,17.119732888981222
2026-03-22 11:00:00,32.94416006214254,403.3556916517331,55.616794907744804,74.8645604275429,7.289223033167485
2026-03-22 12:00:00,30.441254386506152,454.9219208965537,50.75796369555393,77.02214111567717,8.782473263821057
2026-03-22 13:00:00,32.30944592320536,456.7594007034934,40.59046127585755,71.05489916901664,16.03013697697279
2026-03-22 14:00:00,29.967149107322204,386.28717903932613,59.55286092677596,84.01023463857709,15.25488904346489
2026-03-22 15:00:00,30.896637884637194,261.83766476939167,73.43653112361127,87.86169771849174,14.021119027508547
2026-03-22 16:00:00,27.552971588838318,238.06938156788223,54.51208092917253,83.62277372946805,5.892840713940461
2026-03-22 17:00:00,28.19866595785767,86.77747050870599,100.0,84.68656313960179,12.57727682104487
2026-03-22 18:00:00,28.451174306052632,0.0,78.21725603464641,82.2004431920756,13.046235406021784
2026-03-22 19:00:00,26.44460347496778,0.0,84.49692321976259,92.50831466282125,13.650775904899916
2026-03-22 20:00:00,22.92274359331977,0.0,76.8606164109618,92.93785499449314,18.408705812302866
2026-03-22 21:00:00,21.023442454166958,0.0,92.72494585393402,83.97866361420859,22.61342074354116
2026-03-22 22:00:00,23.342779593464726,0.0,53.12694147776729,77.4246583412583,15.115761256604005
2026-03-22 23:00:00,24.252807960308516,0.0,26.520910444976096,82.1543721167957,9.188479240084135
2026-03-23 00:00:00,20.85975146727651,0.0,58.19739953783379,79.34862107817628,17.7675232666789
2026-03-23 01:00:00,25.009877485391655,0.0,73.26256229634009,88.54066312225677,11.304849748186227
2026-03-23 02:00:00,22.774313021665833,0.0,67.16203823934671,80.82664570122606,2.8633250922156854
2026-03-23 03:00:00,21.031045815498313,0.0,69.02137282764379,92.30809610388613,8.452935362554175
2026-03-23 04:00:00,22.583736851480175,0.0,84.70293370317512,81.75326009580448,4.747457361614606
2026-03-23 05:00:00,26.81971998387796,0.0,70.62014728006453,86.15978379349494,11.995689035581854
2026-03-23 06:00:00,27.281319768293272,0.0,76.87297757699235,93.87757856989589,13.130513891120323
2026-03-23 07:00:00,30.33386379625157,132.7725380313281,50.79584253533565,85.24902408927382,6.16910732703844
2026-03-23 08:00:00,28.055319118500083,272.09285981496396,48.45837832488648,79.63573486040475,9.006459170774644
2026-03-23 09:00:00,30.802458458753378,194.8942978476717,89.10099250849434,88.21146864451627,8.749622565417736
2026-03-23 10:00:00,31.451797713934784,327.3895298215173,66.40280669033305,84.76844939174849,12.812128366265295
2026-03-23 11:00:00,31.75659156667865,447.01410536907247,55.54084591143501,76.7249673288892,9.363099729221446
2026-03-23 12:00:00,31.61549191796664,488.9988741485899,55.56836625992026,82.69973071145469,16.818176465874473
2026-03-23 13:00:00,31.471001258453043,443.11542366134904,55.15243683855317,82.70307919732073,13.436360107068191
2026-03-23 14:00:00,31.670047905694407,385.91644967907985,54.25489834743941,80.7734711188138,19.131894179067576
2026-03-23 15:00:00,31.041770557330146,352.9315345550737,45.642066624072136,85.80598914475806,10.463043255790431
2026-03-23 16:00:00,29.941226020341944,256.6708707266156,42.38297762981941,74.80214238517766,20.696614026678574
2026-03-23 17:00:00,29.974760302299586,104.02554082202668,61.964217998310744,76.52290336794859,13.108290702247153
2026-03-23 18:00:00,25.55121924923239,54.129270787659564,55.99539560832104,81.58956914890291,10.685910172273019
2026-03-23 19:00:00,23.463597494838968,0.0,81.49667294477646,91.52461682172672,23.70977704589866
2026-03-23 20:00:00,25.934935885911948,0.0,69.28543346213078,86.94747669891356,6.1502474279069705
2026-03-23 21:00:00,22.350764856093303,0.0,68.86904886429677,87.1588374079369,11.232737964203526
2026-03-23 22:00:00,22.289435732085803,0.0,53.742477549810275,78.51038146256194,6.026928019772217
2026-03-23 23:00:00,21.487522651914777,0.0,63.073857426427395,81.68263604609416,5.800591378610957
2026-03-24 00:00:00,21.375284550510973,0.0,70.25128835051972,85.96479850055108,5.244020698625661
2026-03-24 01:00:00,20.473478188092535,0.0,75.57920789173824,87.03779361470541,16.24598898288277
2026-03-24 02:00:00,22.128337686252955,0.0,63.42789439827263,92.07815077406684,7.855185136810841
2026-03-24 03:00:00,24.50744710926093,0.0,81.02312848591124,91.94924432250514,13.032053927496813
2026-03-24 04:00:00,24.69373969773731,0.0,64.95611142966725,83.92214943983454,16.815470132059055
2026-03-24 05:00:00,26.560614610776664,0.0,76.72897857381331,94.72321774001804,15.689829587196469
2026-03-24 06:00:00,26.553943972551973,0.0,57.48848866721085,86.67042351374408,14.530104080065778
2026-03-24 07:00:00,29.66664558275939,142.53057510669217,37.647446297518485,72.22414672098982,16.737657749682327
2026-03-24 08:00:00,29.037980131283682,182.52810155896498,68.86165661632594,70.70135304499705,19.88080261655504
2026-03-24 09:00:00,27.99325998447935,251.9920936793771,75.7161327432475,82.14887125848375,8.77886578365458
2026-03-24 10:00:00,31.94058851895666,282.6937655194899,73.46648177316165,90.60020525742252,15.606135025495917
2026-03-24 11:00:00,33.0260799004129,346.10114946929696,71.16907171760971,91.34578121725107,12.46958729833347
2026-03-24 12:00:00,31.471839853085278,410.1724763465083,59.6074673067233,75.92993777524454,12.393672557482512
2026-03-24 13:00:00,33.58744784830655,398.144276969481,52.73507802436423,85.48887340769781,6.590853583109372
2026-03-24 14:00:00,30.423077744136194,301.8992268051615,73.11219583170481,90.86828651710734,11.527816447984895
2026-03-24 15:00:00,31.60632933189055,239.72615398452615,71.23298303902223,94.09250518756937,11.870668710824383
2026-03-24 16:00:00,31.96705929403457,209.4297165121979,56.422785433390715,88.11260819428657,18.542154912049572
2026-03-24 17:00:00,28.5406960744259,87.20242639556535,81.47763463392896,96.89771658733042,9.452667829062285
2026-03-24 18:00:00,26.904422557400345,31.813328349665696,51.5932890778341,85.35448844390552,3.0378446792498064
2026-03-24 19:00:00,25.76738216560139,0.0,56.0834211141825,86.48035740270745,12.779769327201164
2026-03-24 20:00:00,26.815634572267612,0.0,89.38264998117309,90.68689437314823,9.442070122623718
2026-03-24 21:00:00,24.186934009226075,0.0,77.8650008620568,93.98949193105031,13.334944059467153
2026-03-24 22:00:00,25.656187030692358,0.0,59.46613220768277,78.40607139456341,15.616329445764391
2026-03-24 23:00:00,22.732248242112163,0.0,69.14698244070136,87.23352123003387,13.058086777619767
2026-03-25 00:00:00,21.43482532229533,0.0,67.09483498354061,90.30790263916423,11.629761844980678
2026-03-25 01:00:00,21.696572832947684,0.0,23.588743341022358,83.73377421662622,10.553193558528166
2026-03-25 02:00:00,23.03472340638884,0.0,51.1758420735823,80.9990611199993,15.948389019876272
2026-03-25 03:00:00,21.095507673476867,0.0,64.01025205904381,91.72114212542434,8.581845054953563
2026-03-25 04:00:00,24.167274192433382,0.0,59.42377916729344,84.2949606744709,15.885116613878617
2026-03-25 05:00:00,25.402028570392897,0.0,68.47948978813933,92.29486284317873,9.406210600311185
2026-03-25 06:00:00,27.596487662214724,0.0,81.71518600990183,86.33256282445947,16.49404130461477
2026-03-25 07:00:00,31.103219892204685,138.0467940484296,59.94991454587412,88.00185350935337,6.8251352717403
2026-03-25 08:00:00,29.85602241510213,244.37017393447286,48.908129373840055,81.3219401263297,14.615447929323219
2026-03-25 09:00:00,28.32083807283866,254.07674021901204,69.64572619334871,81.28779990710609,13.07480051094751
2026-03-25 10:00:00,30.42680805425234,368.80943689206237,59.87360131216598,83.68789105102772,13.379897122793137
2026-03-25 11:00:00,32.45536433204773,387.90903232858204,62.43199880335449,91.39825115613183,16.957373740184718
2026-03-25 12:00:00,32.4056541677525,426.4436414189389,60.39634552838685,79.19221365868768,9.73544015756363
2026-03-25 13:00:00,34.2261822906219,213.06283508772074,98.40051831584782,86.09461504598265,14.819821167934522
2026-03-25 14:00:00,32.862988486975176,480.36735029810256,31.162387400713854,78.90486119345934,12.77132203288144
2026-03-25 15:00:00,32.029445002013965,246.57107368840653,58.94794276869334,75.5935784304793,11.751351991259568
2026-03-25 16:00:00,29.502487960371933,208.38306069205848,64.71761593095715,93.6208055931717,16.103038286758284
2026-03-25 17:00:00,30.007713553198947,107.35597027961148,53.05581393144135,90.50359827436952,13.972075180269602
2026-03-25 18:00:00,26.12006091611372,19.448665241131195,78.27033879760728,94.89097720056702,11.593802495981327
2026-03-25 19:00:00,27.249448356739453,0.0,76.97181649647763,89.14937692699134,18.89151812773912
2026-03-25 20:00:00,24.41761640606562,0.0,64.05663203835492,94.72482388763606,15.450416098863537
2026-03-25 21:00:00,21.86683564648878,0.0,60.71284498552762,92.6754232626777,9.665372783091033
2026-03-25 22:00:00,23.725841672047345,0.0,63.09359880220833,83.60092921755096,9.744298108228469
2026-03-25 23:00:00,24.271938552923558,0.0,63.20115151096587,93.40367722984874,12.28200703906831
2026-03-26 00:00:00,21.842004693043968,0.0,63.5237455376942,82.09626817284591,14.966100139682691
2026-03-26 01:00:00,24.57254826962588,0.0,61.87935443682865,84.84879170477475,4.240205742833064
2026-03-26 02:00:00,20.887736918214515,0.0,68.48608067846654,79.07103981144607,10.22226664014763
2026-03-26 03:00:00,22.279222012012713,0.0,75.99752193199862,90.43711600360021,11.489964178219951
2026-03-26 04:00:00,24.67984327147694,0.0,46.24543874560199,80.43684071266996,6.561655178325261
2026-03-26 05:00:00,25.594498848536116,0.0,48.939382471083405,80.18467108090286,8.359900185476942
2026-03-26 06:00:00,26.503313723877728,0.0,38.471570517327784,78.86412479262309,12.472783532414683
2026-03-26 07:00:00,28.838463385731014,72.3446685414299,77.69530196494463,86.25032973884977,11.92911610904206
2026-03-26 08:00:00,29.18341953057526,173.63302090392486,68.45419035743758,86.99440537113087,11.781404205399689
2026-03-26 09:00:00,30.439453968743905,251.29679615306517,72.2783536985722,93.97151578716208,8.099358504227764
2026-03-26 10:00:00,32.0626667361324,405.65592365985106,43.25686738412861,74.7455527409233,11.30877654404044
2026-03-26 11:00:00,31.33241830998729,188.36221203414274,91.47356280278271,96.53116501838446,8.557421553181978
2026-03-26 12:00:00,32.23276351604006,451.7646421466423,55.566577337400275,84.18294087571458,18.614447538232724
2026-03-26 13:00:00,31.361015496932595,313.7652025572289,67.22242806624948,88.02208685841578,20.334432431436685
2026-03-26 14:00:00,30.133407602888877,303.55647055183044,77.51511086975621,88.75522226373236,11.983092755114642
2026-03-26 15:00:00,31.898933858763275,371.23358050644026,49.89464462263956,78.15182054175206,8.004971744701884
2026-03-26 16:00:00,32.090719898849336,213.609846159691,56.50447558189064,85.58682939772277,16.243633488548983
2026-03-26 17:00:00,30.048625944863417,130.49658914963925,67.38691757859375,88.98363199003653,15.738801014107217
2026-03-26 18:00:00,27.80181803217443,0.0,100.0,90.87738057910903,22.498980748514
2026-03-26 19:00:00,25.24250492468536,0.0,69.216212102361,80.87510454332491,22.025121433959022
2026-03-26 20:00:00,24.49759278431716,0.0,88.79475821904141,93.00059043799146,6.332507634545742
2026-03-26 21:00:00,25.209180858429512,0.0,82.78443813745997,94.73833662537734,18.77385975016351
2026-03-26 22:00:00,20.07452730970209,0.0,70.21949150699842,93.61914403100693,12.620942783127367
2026-03-26 23:00:00,22.068719702597374,0.0,49.86140438512046,89.2216592575256,14.689423735782988
2026-03-27 00:00:00,23.410654304314107,0.0,80.51176667250311,92.52329769308355,17.13698168828161
2026-03-27 01:00:00,21.146909980361364,0.0,42.143807385508886,80.09785195018024,15.050849034543802
2026-03-27 02:00:00,23.676581359243563,0.0,88.62858936538598,92.64488768012559,18.432908080435826
2026-03-27 03:00:00,24.41085575470922,0.0,67.61554213350342,81.07637329519135,11.139698773663607
2026-03-27 04:00:00,23.06567144930532,0.0,24.86210930075695,73.3924493556067,7.431582544161113
2026-03-27 05:00:00,26.275279926319772,0.0,59.507871084752004,84.71944760296628,17.723046066174312
2026-03-27 06:00:00,26.653624760244586,0.0,74.42467982407369,87.32493167232177,10.234322060888534
2026-03-27 07:00:00,29.291327112807757,132.2058148533639,61.06010441463309,85.38137350366162,20.498600061346117
2026-03-27 08:00:00,30.827028900305205,188.5888399513083,75.34054967513319,81.38689687541749,10.70952628978388
2026-03-27 09:00:00,31.510458128484395,309.32093296724884,51.86509999454516,76.53235977074398,11.069911544977055
2026-03-27 10:00:00,31.88080064908478,420.717164381371,45.02572691841548,84.40228009557855,11.489645181827804
2026-03-27 11:00:00,32.66146539424125,412.73490670656,63.54378146451551,80.87000218944928,7.012947584546315
2026-03-27 12:00:00,30.92741899305576,396.4609729906849,65.08894751957831,82.30221392408394,7.101744943408231
2026-03-27 13:00:00,32.24595542106971,416.77639226880603,59.38969724429477,84.53570963108021,16.617622818316423
2026-03-27 14:00:00,30.75100240683015,217.85505770083716,83.02482970986247,85.53762100897004,7.271086276607045
2026-03-27 15:00:00,32.332837894112465,343.2267753477626,51.862351883143724,87.69731192457286,22.671768909010957
2026-03-27 16:00:00,30.844513211422434,192.52751580324934,69.31294662021483,80.46740904072045,13.089143389846853
2026-03-27 17:00:00,29.634920589314998,99.33589423202797,65.63501207768397,86.02113487644984,9.164373593517439
2026-03-27 18:00:00,29.683842631139736,9.02229657647697,41.264723228188345,76.17067926240135,13.744109124858243
2026-03-27 19:00:00,25.733237678893506,0.0,44.83000975520191,82.1784542643233,2.393870224934169
2026-03-27 20:00:00,24.242594050772457,0.0,64.79412775395906,84.12482101225379,11.905434828701495
2026-03-27 21:00:00,23.46108617157915,0.0,94.33346249053405,93.99594337114118,13.895307680560158
2026-03-27 22:00:00,21.043269259534704,0.0,73.30450968871176,95.32604161227698,8.600406448272352
2026-03-27 23:00:00,20.64601642010141,0.0,38.7309401330601,77.19860033150961,9.40942276347328
2026-03-28 00:00:00,23.349318975617926,0.0,17.864019811822473,71.53475519367818,16.997293436895333
2026-03-28 01:00:00,20.898573762313063,0.0,75.51714468367823,88.21499565129271,14.508858155892058
2026-03-28 02:00:00,21.81437171052411,0.0,63.07813854468955,93.91747578351213,14.751776276382468
2026-03-28 03:00:00,23.874115317790196,0.0,81.64033033126807,90.43025187118646,10.934712125006183
2026-03-28 04:00:00,24.505989180400412,0.0,51.31057197794091,89.37275766440511,7.271931119260559
2026-03-28 05:00:00,27.399137903581664,0.0,69.77452825649043,86.49920426567704,12.52448574641346
2026-03-28 06:00:00,27.620484760461324,0.0,77.21394273403047,95.15859808587388,4.0302076514279825
2026-03-28 07:00:00,27.797971006548124,106.24719527743895,57.8093862155153,86.36960867953844,8.503215951856577
2026-03-28 08:00:00,31.305007976625383,201.52247133511915,58.13005723514655,86.65959532833084,7.89650306962388
2026-03-28 09:00:00,32.02484777018253,285.14926948460027,64.9002832550884,78.29250290579891,5.089949145121384
2026-03-28 10:00:00,30.037733614035506,316.76420442966,72.66148598701747,79.788974002561,16.229944102036164
2026-03-28 11:00:00,32.699460833462766,383.61132137669944,64.30633072093387,90.57267111535505,12.693291741133923
2026-03-28 12:00:00,31.612285237498693,317.87804299941376,79.13128585500483,94.37983574820292,11.477883641136245
2026-03-28 13:00:00,31.407645064764502,446.36868220654634,57.592312949607084,95.84420766735676,15.563680982992658
2026-03-28 14:00:00,34.30238114258784,443.2186848973622,44.59541270666589,72.62373094789729,5.652685444551945
2026-03-28 15:00:00,31.23897177487944,171.89843240506812,94.17597131031023,95.33714415554627,9.334482745099512
2026-03-28 16:00:00,29.75908502889125,226.61390290981765,55.45183474047584,78.32999107236013,17.24189396916097
2026-03-28 17:00:00,28.946416882356292,160.5467170727572,55.99470953284632,80.00370921669963,21.925363503551136
2026-03-28 18:00:00,28.67839740563746,4.3168494246027,63.53429097252977,83.12058229512958,15.913620769366803
2026-03-28 19:00:00,25.3357040197073,0.0,65.52905743342225,88.54368396000665,15.16274000569447
2026-03-28 20:00:00,24.351780103686078,0.0,58.72108615128829,81.75737415681766,10.608620116358045
2026-03-28 21:00:00,24.860024053616872,0.0,64.25983233437739,86.55423543590385,10.977535060161589
2026-03-28 22:00:00,21.24045196739971,0.0,63.92490731718993,91.00533022166871,14.1053223939983
2026-03-28 23:00:00,24.000259325696117,0.0,67.14363069392464,92.87573535816361,18.848774273483347
2026-03-29 00:00:00,20.540572511493053,0.0,29.05469176205142,81.69553366102205,13.158906866021049
2026-03-29 01:00:00,22.47818018417031,0.0,92.63014825197891,96.0951504430986,18.46333950392653
2026-03-29 02:00:00,21.21869641272395,0.0,62.2076789438428,85.71094687736728,9.445469960766115
2026-03-29 03:00:00,22.718645100316298,0.0,73.12634293856594,86.07912950486866,16.12401831998659
2026-03-29 04:00:00,26.81427308295012,0.0,43.745483523850794,83.65928757351517,9.501897441986673
2026-03-29 05:00:00,27.691006177236215,0.0,57.35199972812241,78.97980372365778,13.428207109289566
2026-03-29 06:00:00,29.124025156475216,0.0,54.33226565205494,83.86010625176648,15.179896764967332
2026-03-29 07:00:00,27.037716623676356,79.56138281057167,86.46286011448935,86.23167104117691,12.198210670621382
2026-03-29 08:00:00,28.76093316110152,176.04542036374124,55.62979954432292,83.43691897845639,8.713178816278091
2026-03-29 09:00:00,31.60467441217689,203.8772461524282,75.78820345096253,82.98779841845514,15.23979363143015
2026-03-29 10:00:00,32.887345922919025,377.1394869236941,54.66069685676324,80.7792546347533,12.193946684536723
2026-03-29 11:00:00,31.417567507580813,450.2387969468575,57.627719552052,80.36452969194518,13.425906981551456
2026-03-29 12:00:00,31.87470836945658,400.8116500489628,60.73375116885087,80.46944138992693,15.665262773772593
2026-03-29 13:00:00,30.9861833583328,268.06515130131584,83.67468054930066,89.88395754318655,19.412878250614902
2026-03-29 14:00:00,34.11315206344188,478.12866835395636,36.06921376140939,65.83132311810573,14.456521879503267
2026-03-29 15:00:00,30.545397533926845,358.28992868368374,44.68205031774467,71.62630896635801,14.361864301510257
2026-03-29 16:00:00,30.167986161460277,258.18320489691024,35.20742616151391,82.34522181111751,9.758862826659715
2026-03-29 17:00:00,29.030139375165703,175.76286127197312,48.10447185043941,82.45899101887979,11.017862578829398
2026-03-29 18:00:00,29.064612756279633,0.0,52.24300287897955,79.13422575560345,14.430163130013023
2026-03-29 19:00:00,25.095004407228945,0.0,40.199784835505326,85.20521236315825,10.55699451173427
2026-03-29 20:00:00,26.646045251257682,0.0,53.40478744764113,80.20840272444504,14.471678545594791
2026-03-29 21:00:00,22.429435330522747,0.0,34.196286432859935,76.33618973117589,8.447345405954609
2026-03-29 22:00:00,24.81261548295253,0.0,49.14717279034594,78.69797449964695,20.174757054206715
2026-03-29 23:00:00,20.56778757468217,0.0,82.42330964551417,100.0,14.895877954191553
2026-03-30 00:00:00,22.57661929215232,0.0,70.35630301423086,89.42809153259569,14.02983593104775
2026-03-30 01:00:00,24.995980896349277,0.0,67.11449704260224,88.05778149710908,11.425303123970385
2026-03-30 02:00:00,24.288847561378017,0.0,49.2608036158276,85.05387869785564,20.115123152944154
2026-03-30 03:00:00,24.724622708881743,0.0,41.26120757434346,71.39306103168059,7.049899247790062
2026-03-30 04:00:00,23.84960195546943,0.0,47.21514082700011,79.30630257215284,9.5486896651615
2026-03-30 05:00:00,25.46320479664939,0.0,63.65433455657409,88.41903722735893,16.59708357071317
2026-03-30 06:00:00,29.46025620692136,0.0,77.32513365591434,88.94170256275059,14.824882470557721
2026-03-30 07:00:00,29.620678203727532,109.63689050138105,77.83799321704413,100.0,11.584828221025726
2026-03-30 08:00:00,31.36986566068159,215.70264466780532,73.76166739726432,85.10897912489916,11.49573294616285
2026-03-30 09:00:00,31.344007501738556,332.0187852996912,53.239128998995156,87.37409635904046,11.498392889378172
2026-03-30 10:00:00,31.676417729285514,345.10858062717296,64.67072944607413,89.4962411541796,13.642095124972442
2026-03-30 11:00:00,33.53883089064426,353.12048107548543,59.48234400945563,84.60386587458704,19.18864132613196
2026-03-30 12:00:00,33.04970058437362,379.3533151746316,61.284635507593066,86.03572099894701,15.484879154061359
2026-03-30 13:00:00,32.321222769611744,222.5902664522307,94.85940041441151,91.4656646917772,18.83631085248532
2026-03-30 14:00:00,30.204459484999227,443.97759025247126,37.872478404960134,69.1216086996271,10.156527053501168
2026-03-30 15:00:00,32.48815633202904,318.9733965960794,60.7823297211804,86.11827698937365,15.102034891800077
2026-03-30 16:00:00,30.784575844712055,120.57363631063723,82.47871556795667,92.19413441402085,7.904779585678176
2026-03-30 17:00:00,28.218496201201255,122.25193335821568,42.314109534511246,83.32398097436219,12.84425431327414
2026-03-30 18:00:00,29.245570193947323,0.0,54.64627058102056,83.64021376499755,13.204155077392596
2026-03-30 19:00:00,26.735402662854863,0.0,56.36690449649973,88.98342111682489,20.10401238761105
2026-03-30 20:00:00,25.554960130404456,0.0,60.95313612920455,81.1250900204244,19.27799698367923
2026-03-30 21:00:00,25.326071982766408,0.0,40.36312456592106,87.68380838559943,10.984396631338207
2026-03-30 22:00:00,24.251733227055553,0.0,73.2317728650849,83.7806078527123,10.393027587757167
2026-03-30 23:00:00,23.264689331005613,0.0,74.29679119771149,88.59529842318214,10.556071901377862
2026-03-31 00:00:00,22.552405690254684,0.0,71.80343949215087,92.02236778795833,12.41159159200224
2026-03-31 01:00:00,25.546700528922727,0.0,51.12220450251544,80.42378057238139,17.76307417872662
2026-03-31 02:00:00,22.513498173817773,0.0,65.47547147869109,90.78686866647392,14.933403502766659
2026-03-31 03:00:00,25.231795744622747,0.0,50.68620602334535,81.22285494129626,14.606344256648637
2026-03-31 04:00:00,25.188549343579158,0.0,59.18885970530897,85.65959765840891,16.204270371893404
2026-03-31 05:00:00,27.0945987500527,0.0,96.47982852444483,93.20012454372042,10.847362646439985
2026-03-31 06:00:00,29.401016573744535,0.0,65.6132402808255,83.15907795766769,10.44442546437083
2026-03-31 07:00:00,28.686609530316353,158.4169846831685,46.36491097707406,92.5936120301381,14.399177145374349
2026-03-31 08:00:00,31.079953504636944,196.29040062588572,66.88283972684037,81.90997889638903,10.228454083778043
2026-03-31 09:00:00,31.678324630458622,341.2045676128388,43.900870725932016,68.84290830918995,6.089411558048557
2026-03-31 10:00:00,31.29400133622356,423.97921091984796,46.19265372915648,76.88588193666341,7.979303607290578
2026-03-31 11:00:00,34.2627240896435,521.6167598171154,48.560962577649796,81.70731147385176,16.645492819634164
2026-03-31 12:00:00,33.72211039423924,458.72967477865285,57.513167833946405,81.4857098949491,11.379334494483867
2026-03-31 13:00:00,32.062280480343354,345.99830324201235,78.23234455071969,93.89162235827024,14.815019960866575
2026-03-31 14:00:00,33.56236518919488,285.6396141005581,72.85378258713425,92.14000986927968,9.512584398543215
2026-03-31 15:00:00,30.252254620700977,240.41399537402464,72.02273954059159,85.92589110785603,15.118750386750836
2026-03-31 16:00:00,30.25995171811251,230.33953647457557,47.69394113302353,73.0233529614671,11.306328624357166
2026-03-31 17:00:00,28.53367050045284,121.05751655961352,56.05809428534693,77.3687278249969,14.587696799138383
2026-03-31 18:00:00,28.77427184558917,0.0,68.25782622012949,86.63730387481868,11.501365945423832
2026-03-31 19:00:00,25.879882672157507,0.0,54.75300983605547,76.03372215106224,14.754786519266398
2026-03-31 20:00:00,26.283594311912537,0.0,60.002313012365185,83.26909818739158,10.892065153388462
2026-03-31 21:00:00,25.03483053929619,0.0,70.7981900048309,95.10083685416176,13.21861836749937
2026-03-31 22:00:00,22.979615349303867,0.0,58.94621939886213,87.05377825474878,11.860590865004056
2026-03-31 23:00:00,25.346569997311036,0.0,67.56870345341204,87.36853001691424,13.483385611454308
2026-04-01 00:00:00,21.913549822817103,0.0,87.93395035030882,87.54259201814173,15.512955702573512
2026-04-01 01:00:00,21.221007424138477,0.0,61.46514152521033,87.1418225641204,11.0936430647008
2026-04-01 02:00:00,24.665156726204714,0.0,81.73309065580338,89.49087848913868,13.608181321877005
2026-04-01 03:00:00,21.552590638501172,0.0,72.43357451962567,90.11868867737996,14.367624942307502
2026-04-01 04:00:00,27.32171674168744,0.0,42.03439360771379,84.09583002943353,14.132468807358864
2026-04-01 05:00:00,26.72053968142928,0.0,47.51096807106242,86.4102793574898,12.071207073530488
2026-04-01 06:00:00,26.027274270210796,0.0,51.53908526396684,83.67513323273673,9.028743086270083
2026-04-01 07:00:00,27.943446239749626,123.25231153912421,51.22049975602354,85.22322264790279,12.90684176863892
2026-04-01 08:00:00,28.25803958928809,182.30596338257348,62.68867731841308,82.92356009504435,15.81580977546481
2026-04-01 09:00:00,31.91563661190495,207.54035932365898,73.26268423124262,93.24117185534976,8.330607449261489
2026-04-01 10:00:00,30.487493464089862,262.8078465577845,82.87039976058612,85.75885707633016,8.857659911176153
2026-04-01 11:00:00,33.36469973880769,339.71341997072915,68.66564984089152,85.1743657535274,10.784436706336521
2026-04-01 12:00:00,32.48608347056796,445.0384710438183,57.35783016921714,89.69963359172041,12.09857090587871
2026-04-01 13:00:00,32.09401061662723,585.807302259615,32.80940485556717,75.02993750319388,2.852812125240826
2026-04-01 14:00:00,32.87463164329987,395.88448208250014,65.10186714127536,78.69034370144148,15.551453846976306
2026-04-01 15:00:00,32.22845350190686,290.28839468577195,64.42957641544015,83.26937483505077,12.491351004926571
2026-04-01 16:00:00,31.871898601116698,222.7403576487261,66.78695481309965,92.92462530667022,3.934947958543445
2026-04-01 17:00:00,28.35253825587041,71.84707696119689,95.63662797556528,82.35259495212574,10.32915742605312
2026-04-01 18:00:00,27.8436025659984,0.0,82.65197170291137,91.04841843600248,12.930262068842133
2026-04-01 19:00:00,25.76233436965417,0.0,75.81893728376508,85.97036652849282,6.700797496802073
2026-04-01 20:00:00,25.59423858566844,0.0,49.611866558941294,81.77566034367388,16.362438108960642
2026-04-01 21:00:00,23.335044370673703,0.0,56.34810227206414,82.89404882880635,13.564737473715992
2026-04-01 22:00:00,23.000902098884744,0.0,62.620354406087756,91.05736954528618,15.843775712807252
2026-04-01 23:00:00,22.508025073309884,0.0,52.41191664985998,84.04581567046864,8.504513182090426
2026-04-02 00:00:00,23.348251599286403,0.0,71.40513139956948,93.45171894825965,15.215747700425647
2026-04-02 01:00:00,23.14109469801064,0.0,69.25179626302828,94.31244221778205,10.820016493873535
2026-04-02 02:00:00,24.29494744062817,0.0,47.57354662897232,82.44862956910573,11.608802335449951
2026-04-02 03:00:00,24.292252909328596,0.0,81.85041416123458,89.07127639241176,15.503840895206029
2026-04-02 04:00:00,24.71320390519872,0.0,65.43281853192562,88.5871435405597,12.991380136963734
2026-04-02 05:00:00,26.92145491297314,0.0,37.96209632365894,82.35324060839001,15.131783457667202
2026-04-02 06:00:00,26.77454324564294,0.0,63.12802064961817,80.04936987360234,13.712711902931058
2026-04-02 07:00:00,30.00088275807679,96.65103066521358,68.11626036363629,87.75925171941861,11.55330725471293
2026-04-02 08:00:00,30.095777627696734,196.60344277059585,78.49004894632883,87.89034746531766,17.296025078293965
2026-04-02 09:00:00,31.768291510593162,329.3992701528288,58.83601747789347,81.89201832268289,17.15641272901817
2026-04-02 10:00:00,32.58304059740206,256.46481204680305,76.31723753650083,84.78712840624324,14.166247398075138
2026-04-02 11:00:00,34.87852063319757,394.99930869893507,66.70529332634595,82.36594445860771,18.679694170267826
2026-04-02 12:00:00,33.462941184082645,514.6532473605537,44.172344389229025,86.35184917574873,11.266850810417427
2026-04-02 13:00:00,32.89169614248707,510.2272009462846,42.67066192255501,77.96394841141363,11.621792750623566
2026-04-02 14:00:00,31.396927325154632,284.26094858237474,80.73656157703294,95.24339383833161,14.054343612725972
2026-04-02 15:00:00,32.54551697939342,252.76586455100303,81.83792620051925,90.282786910905,13.57270931591928
2026-04-02 16:00:00,30.11561519551475,217.4595923967001,68.74180198086356,81.05453510306447,12.194914439587453
2026-04-02 17:00:00,27.27785340785925,56.50237006598859,86.33376434249314,92.49560340612231,11.457254427627328
2026-04-02 18:00:00,27.713267683111297,0.0,79.74731126041681,83.89023986458835,10.010878781085117
2026-04-02 19:00:00,26.921723879217105,0.0,74.15259446698853,91.58561819883283,14.15067407841605
2026-04-02 20:00:00,24.402824965102536,0.0,50.22849119378763,81.90783229396996,17.304786953073027
2026-04-02 21:00:00,24.27771406947564,0.0,89.86959479027786,97.15165079263093,17.750285926824894
2026-04-02 22:00:00,23.543827665485004,0.0,71.94268500791681,95.67182635215418,15.14947294899372
2026-04-02 23:00:00,23.064572978047124,0.0,58.11058190561839,76.44123386585088,17.9022048109336
2026-04-03 00:00:00,24.65615819122501,0.0,53.71922244803467,81.47565402907108,12.762950623469553
2026-04-03 01:00:00,21.516469409609453,0.0,67.595029250322,81.67398689444082,9.424499532512144
2026-04-03 02:00:00,26.36493993861396,0.0,38.67738625503732,90.55591165949843,10.536084503089914
2026-04-03 03:00:00,24.472903938413612,0.0,74.23837165790708,86.73709535326621,13.469275746342648
2026-04-03 04:00:00,26.30539836473312,0.0,49.43971030720374,75.88855655402577,10.422295118382582
2026-04-03 05:00:00,26.923215681581528,0.0,69.30239415997845,98.53880934017445,15.905388618542634
2026-04-03 06:00:00,25.80729311730017,0.0,55.91896746724176,80.52828369931748,16.538106412927092
2026-04-03 07:00:00,27.971668034625882,88.50774502488169,59.77699183674359,76.68919442969776,6.060354911995364
2026-04-03 08:00:00,29.869565117065793,226.07036160927058,52.38962443613817,76.87497515183466,12.037640387405453
2026-04-03 09:00:00,32.878493430079715,355.5816828070334,61.324831059902124,85.1653896800081,1.453751848907105
2026-04-03 10:00:00,30.58163330304248,207.63011895875894,92.08396571787446,92.71248357766683,14.237904123080671
2026-04-03 11:00:00,31.768294236886856,300.40869384590474,84.51916693334375,86.234534608975,13.814951404373833
2026-04-03 12:00:00,33.26542985295665,412.9261552195145,69.060456852546,83.90006095343398,20.557862148642645
2026-04-03 13:00:00,33.49546627415808,428.52607458889065,63.36385854413986,85.1320498229989,19.073220643756706
2026-04-03 14:00:00,32.95678791939806,266.637760183935,76.40629038800742,94.82761800243306,17.549716479367824
2026-04-03 15:00:00,30.307451018686827,210.54890400477188,80.6928284392275,91.34348415936134,10.195686299915911
2026-04-03 16:00:00,28.473734992346174,249.09641848417212,51.29599679450121,79.78710968347319,8.4947687459995
2026-04-03 17:00:00,30.04599652228447,157.34708971228105,62.58168951313111,84.04639744845318,8.744868952848918
2026-04-03 18:00:00,29.914184884596565,0.0,36.41389908409294,82.51489669351984,17.927164439273064
2026-04-03 19:00:00,26.308136435093925,0.0,80.58980418152757,98.65156501454048,10.387722016585254
2026-04-03 20:00:00,24.063031330765675,0.0,94.71863639312699,88.59716134447781,13.193651411377779
2026-04-03 21:00:00,23.95674543545789,0.0,64.94451189696042,92.26316386776134,9.648152901403092
2026-04-03 22:00:00,24.23327808707288,0.0,31.8681206540689,76.81814676336964,6.5607160675187055
2026-04-03 23:00:00,22.918408525339956,0.0,72.87663027626961,80.7102621350618,14.974296688231023
2026-04-04 00:00:00,24.96440583867635,0.0,50.01705886098139,73.69843026714034,13.114226074334397
2026-04-04 01:00:00,24.507886908487325,0.0,53.6281547282507,90.4517287772806,3.7831725409694403
2026-04-04 02:00:00,24.044566571850424,0.0,72.97704220008265,95.95436227277285,8.441113653672694
2026-04-04 03:00:00,22.058900429256184,0.0,67.39670823590846,84.74492940808625,14.390588018202243
2026-04-04 04:00:00,24.735111387213635,0.0,56.25676472313857,83.3432012277971,12.523982948908372
2026-04-04 05:00:00,26.12852985494512,0.0,53.834311864192635,74.67750371549266,11.087988721194685
2026-04-04 06:00:00,27.1644533285647,0.0,65.4659371815301,90.15202102468172,15.69600912871724
2026-04-04 07:00:00,29.677216983644097,120.83904260600089,57.436413065532086,83.81561830131827,7.099688782520627
2026-04-04 08:00:00,30.90992881005289,281.6678321209085,46.93983934917249,73.3870842729421,9.967025169507574
2026-04-04 09:00:00,29.494290682038045,315.88416503519886,58.5899486310422,85.29704734421212,15.00164603901709
2026-04-04 10:00:00,33.51115860430878,340.29378216498,68.67228570204536,79.24421885455314,10.83643417926461
2026-04-04 11:00:00,32.985644054376664,380.7256477791328,60.9068443509231,87.1163478799362,14.295529131723468
2026-04-04 12:00:00,33.59998794226829,480.66440379313,42.37576737949482,74.18991228827862,7.533869701435115
2026-04-04 13:00:00,33.932957471481515,356.95371494119223,78.41436567385068,90.2489936397297,10.625320467758158
2026-04-04 14:00:00,31.46812048848707,559.0325902453617,22.496224799067598,71.68867575755829,3.9960199905556975
2026-04-04 15:00:00,33.30716540675039,326.9053164979406,56.88291902779107,71.44615898201144,4.615639692227807
2026-04-04 16:00:00,30.450722480493766,203.41869310787968,54.27541953490886,88.032053041328,10.809982381389053
2026-04-04 17:00:00,31.395460724756713,82.55415878424748,65.80107952128883,91.04562271715928,15.090150091242506
2026-04-04 18:00:00,26.972941938841565,26.557550028374663,72.00332347025864,85.39597274300633,13.140971426610273
2026-04-04 19:00:00,28.710679468204646,0.0,80.47986847713312,91.235490426064,18.665132979240937
2026-04-04 20:00:00,24.459874873029264,0.0,52.8923232529352,85.79498933967996,11.073418423496005
2026-04-04 21:00:00,27.912935871361626,0.0,72.37713141321983,90.30978973326691,5.13830007127746
2026-04-04 22:00:00,22.56754319338557,0.0,66.51567217143952,95.92177906152513,14.702560874755466
2026-04-04 23:00:00,24.67898770985376,0.0,37.90530572546925,81.9084689754904,7.5811527961163
2026-04-05 00:00:00,22.747536077248167,0.0,91.91168762262733,91.82750585662457,15.099106978127093
2026-04-05 01:00:00,24.31854853536959,0.0,41.82195688251269,82.99728775852138,2.94917001840809
2026-04-05 02:00:00,23.835838961862855,0.0,69.6960428757614,85.74889483779224,12.3846059793062
2026-04-05 03:00:00,23.264515174144154,0.0,69.2529829540819,82.54579846781284,16.27341666834122
2026-04-05 04:00:00,22.082769363542273,0.0,67.53813552605183,93.72082017828001,15.698826697461541
2026-04-05 05:00:00,30.184411627586577,0.0,55.984930558691566,86.18937333441046,11.79627892707443
2026-04-05 06:00:00,28.313580061347935,0.0,75.81237355822321,79.44795871308119,13.585292071378218
2026-04-05 07:00:00,25.686154692248046,140.01385732863704,39.99807168196925,76.77826737373007,10.011158330367394
2026-04-05 08:00:00,31.1120397564528,247.94853782566466,62.41615196100683,88.7754369547275,11.92761182820512
2026-04-05 09:00:00,32.65064512746993,362.1818121330644,54.9454636428288,75.0696462137135,15.254368685242675
2026-04-05 10:00:00,31.619170568402417,443.4865347848656,53.244114660110206,78.85348711725258,9.662653395581899
2026-04-05 11:00:00,32.12741680021907,275.7507417858773,69.83480060291886,99.997135721362,10.884147017292493
2026-04-05 12:00:00,33.192854166896446,343.5592675252119,79.56576193191093,87.30709292691786,7.6600917799964865
2026-04-05 13:00:00,34.611650199484586,439.7997033926519,58.254747363562686,88.83540825137977,15.49952799210459
2026-04-05 14:00:00,32.67872374274055,308.3453094576276,75.11380014000234,95.42897646487002,12.476243171501167
2026-04-05 15:00:00,33.65637536962639,310.3807566228327,64.14969377278466,80.49647999055173,8.155716624359851
2026-04-05 16:00:00,32.189233492337735,254.10326204306742,50.01260065254555,83.05659157827047,15.79002715678224
2026-04-05 17:00:00,29.215323587018464,131.54587972972612,59.53430239249972,94.84537916892879,12.572539264242081
2026-04-05 18:00:00,26.176967681097295,0.0,58.911295429241456,87.14890238751869,9.758373321558915
2026-04-05 19:00:00,26.629881252100557,0.0,52.95368510353398,95.1215325410248,16.00013541539075
2026-04-05 20:00:00,26.403075688561945,0.0,69.83082772095318,84.36278749290106,11.907764588100177
2026-04-05 21:00:00,24.760976181408996,0.0,66.92327660668707,96.05215811207309,6.850675304931826
2026-04-05 22:00:00,24.713273830324912,0.0,39.5438383170744,80.31233844625407,15.593211203443305
2026-04-05 23:00:00,24.511465405597715,0.0,38.63069386252531,78.39355331975173,8.353444111082236
2026-04-06 00:00:00,23.99199853311294,0.0,69.58915336924431,91.04869202010809,25.342259972552696
2026-04-06 01:00:00,23.114326161958928,0.0,50.98959013923998,82.77295629674236,10.548787903013446
2026-04-06 02:00:00,24.647603912239713,0.0,67.74950389766286,86.86739154573192,5.10761996852162
2026-04-06 03:00:00,27.672478008727175,0.0,74.93286024279583,91.05830645502832,20.54629222341651
2026-04-06 04:00:00,23.865038984799977,0.0,44.154594010074604,72.47022243826638,11.764657882351718
2026-04-06 05:00:00,27.641260895118588,0.0,42.04582775251522,76.42198687674866,12.908236234674675
2026-04-06 06:00:00,30.683486684244745,0.0,88.33536180708742,95.14453275160173,15.726258227825593
2026-04-06 07:00:00,28.069010644275124,160.6327622036891,68.49244831559488,91.92041259013689,7.764461670876478
2026-04-06 08:00:00,32.103312533071986,177.17815016777448,56.93027672105893,85.2532108423039,3.9621898002577574
2026-04-06 09:00:00,33.31254873754165,371.014841991,49.20977978146404,82.73491538566316,20.057986100078235
2026-04-06 10:00:00,30.712109431212962,387.04908013417156,55.5622738375488,85.34546265871359,6.307183163117345
2026-04-06 11:00:00,34.05758177386128,552.6700971233846,45.36030152945834,85.07043021220937,18.602650443677625
2026-04-06 12:00:00,32.94917174216282,357.703933360446,76.47006918251685,81.09400151500725,15.711986404714427
2026-04-06 13:00:00,33.052932009654825,452.6079113283112,51.56761926706318,79.43659506508342,13.061868397312136
2026-04-06 14:00:00,32.20956828980888,282.5476721299978,79.621905394402,88.75189569248543,11.8911776679445
2026-04-06 15:00:00,33.54391213847005,305.9459287307617,57.209452774607826,84.29972485138956,21.878912972068488
2026-04-06 16:00:00,30.656125087153036,247.97432548385675,47.56863381689828,70.79554593440653,9.390453312644887
2026-04-06 17:00:00,28.993670044139076,110.85198475144053,56.824362750950975,77.6200723345939,9.964985170570246
2026-04-06 18:00:00,27.72159424632742,0.0,23.85638490863674,75.77255470975706,13.668196352632208
2026-04-06 19:00:00,26.564500245503872,0.0,61.40735792104789,90.48286803543725,10.162254861433663
2026-04-06 20:00:00,24.398486237762594,0.0,60.667098704205614,83.4618020092386,8.771297156181987
2026-04-06 21:00:00,24.152574232899237,0.0,75.59002776937751,85.9901703371169,13.334193719673646
2026-04-06 22:00:00,24.124725906864548,0.0,34.924312651407305,81.80571151116932,14.284157777431398
2026-04-06 23:00:00,23.997949128204215,0.0,80.64688198411122,88.97167326713117,21.338267745894417
2026-04-07 00:00:00,24.94998178654033,0.0,75.33334877318825,93.54533226808341,21.888437207302637
2026-04-07 01:00:00,23.868374449303627,0.0,81.80501280370335,89.81436826540599,6.715574015011687
2026-04-07 02:00:00,23.437793343946563,0.0,62.23353870816135,80.51663637850527,17.0707303341321
2026-04-07 03:00:00,23.5348451134525,0.0,78.23281185976474,97.18095757153804,9.764817604503463
2026-04-07 04:00:00,26.267563956393268,0.0,40.95569882461983,86.53509477663064,8.100409196980285
2026-04-07 05:00:00,26.938053770846892,0.0,73.7200728262914,83.66191275293107,11.317904823858772
2026-04-07 06:00:00,28.27511859412626,0.0,51.45691791672422,84.65147968327042,9.95002359176964
2026-04-07 07:00:00,30.020114609149815,102.44077445811187,38.25333186187936,77.47696888631492,7.424210442891898
2026-04-07 08:00:00,31.559936816962832,205.898490167205,46.16225157575799,83.95189300514741,2.7973045708076505
2026-04-07 09:00:00,32.270920708654835,302.07116400069356,63.107326427662464,80.60775124181917,18.734553913109814
2026-04-07 10:00:00,32.49318449604876,442.71834189139423,50.65987122495935,86.20020114409164,15.920433278626888
2026-04-07 11:00:00,32.17256379753356,381.14674684694523,68.6654623236604,92.36523844012122,13.162031801539529
2026-04-07 12:00:00,32.58811081180584,596.2879336060138,35.900796023163146,73.40026869030811,7.719730699195574
2026-04-07 13:00:00,34.31709791545309,577.9063570934647,31.11789619398548,77.02041009476828,16.291766839091324
2026-04-07 14:00:00,32.16419592035114,254.13026810200583,83.61017086037705,96.2077383506277,13.721877588223691
2026-04-07 15:00:00,30.170409287108722,235.7188478697026,76.58136128924492,83.66296593846113,11.323996264770967
2026-04-07 16:00:00,32.392178097310584,252.70226746749108,47.28490680951629,77.66826693119198,5.583170977845019
2026-04-07 17:00:00,28.453734196957225,131.90527507831496,62.97936469616531,88.83547107631028,15.097730209979892
2026-04-07 18:00:00,28.430552246293814,0.0,78.31696525124326,88.56121282556967,12.374263062769788
2026-04-07 19:00:00,27.72914779660437,0.0,69.31236847258249,79.34234609779544,14.306342237717983
2026-04-07 20:00:00,25.888914899543796,0.0,65.24770579097559,84.87749117568487,13.733080704601006
2026-04-07 21:00:00,21.627617840986954,0.0,79.45167056791236,99.4009773090444,16.31164424055309
2026-04-07 22:00:00,24.562238388011238,0.0,52.0636722202051,93.69602399568873,13.269692704335123
2026-04-07 23:00:00,25.27950410506238,0.0,63.49203607819284,82.94565134506584,11.75243598120136
2026-04-08 00:00:00,24.48966174123245,0.0,62.55233011166095,81.44812461381548,15.1440946690062
2026-04-08 01:00:00,20.876348536793188,0.0,58.728628970981184,83.31064517789048,16.538083499137237
2026-04-08 02:00:00,26.902460445813954,0.0,56.97297701473554,93.26737729298056,18.832575991072744
2026-04-08 03:00:00,23.208028921385296,0.0,63.913083253474184,90.75753498749899,8.512063980721921
2026-04-08 04:00:00,24.565224547294726,0.0,63.33617212582974,93.51968501232167,17.41423739010726
2026-04-08 05:00:00,28.189515490918513,0.0,47.09364504802894,86.58839272286039,5.802011969061427
2026-04-08 06:00:00,29.055863730992648,0.0,74.84699833455353,81.80654910286425,17.599618471777763
2026-04-08 07:00:00,29.86570070715699,169.9663202415929,48.17428156955295,76.86947613820509,9.84607840951572
2026-04-08 08:00:00,30.22694172997726,165.1964223134727,59.54655801783922,80.92173252253171,16.14336823596909
2026-04-08 09:00:00,33.73281749746413,349.31271616852956,58.39085259524605,80.97791706951683,18.690087272067544
2026-04-08 10:00:00,32.746173258518695,326.0043472225609,68.19161387593506,82.79444251545796,14.126825333828192
2026-04-08 11:00:00,31.261236863766058,612.4613792122478,31.033500582786832,74.30936526693478,11.362299783434192
2026-04-08 12:00:00,35.06915977980464,332.5145468945811,76.1837069099887,91.03800441066137,13.415589725981492
2026-04-08 13:00:00,33.581869467135306,469.6075465486813,52.665204471864364,82.85800244083106,10.750925644941429
2026-04-08 14:00:00,34.24680558322919,264.64326814759164,81.11950910770264,95.29174683029338,18.55362012931879
2026-04-08 15:00:00,32.74701696125795,327.9006035309804,55.647585818304506,84.3090354861721,12.351262765931532
2026-04-08 16:00:00,34.07627941490003,263.39987288233635,62.087405900036664,81.07902728221994,4.403375119917211
2026-04-08 17:00:00,29.358303717015346,67.39574321466331,91.52685028707319,93.47027677164,18.113001851877865
2026-04-08 18:00:00,28.48809105855022,52.75754059814596,58.659986554141796,76.88523066407211,16.259562823661575
2026-04-08 19:00:00,28.108854456467764,0.0,81.4028079561487,78.62518778487608,14.242617684553533
2026-04-08 20:00:00,25.572239873283916,0.0,63.40573596951523,89.28165882790024,10.017405179331421
2026-04-08 21:00:00,25.97506496037928,0.0,69.05134214044917,92.50812608502625,8.811715707157425
2026-04-08 22:00:00,20.30540584012647,0.0,63.86943852721744,87.3321958610846,10.052057891805967
2026-04-08 23:00:00,23.542922480813917,0.0,75.53783408054869,87.44649209863252,14.572149016498306
2026-04-09 00:00:00,23.41528430989262,0.0,52.32307384738939,76.90912478518958,5.241989949329758
2026-04-09 01:00:00,23.538565610179095,0.0,47.845320194897376,88.31517035772075,14.089927831177512
2026-04-09 02:00:00,23.07904246717584,0.0,53.02740518452983,86.30764558268092,12.941618990946273
2026-04-09 03:00:00,26.191600303336465,0.0,64.10170368504653,87.60255361899598,18.35417692157023
2026-04-09 04:00:00,25.393396248255495,0.0,59.29376625693022,85.04031320751795,15.769675456655015
2026-04-09 05:00:00,27.515436013739993,0.0,73.26017118725281,85.88987380084441,10.770778036327362
2026-04-09 06:00:00,28.50086178753035,0.0,82.17702353750795,84.75271215969032,7.345279978935993
2026-04-09 07:00:00,30.49374321488155,126.23415599320082,47.96847298166003,82.73157752992505,9.113519150361133
2026-04-09 08:00:00,32.909423557734065,234.47470720467302,51.59681616597617,79.3201659458671,18.10478325570011
2026-04-09 09:00:00,32.338343436869124,410.7246794038397,41.06245676549235,77.34505746436281,13.230574511124932
2026-04-09 10:00:00,33.97311767237715,200.00647787091157,93.06164290157172,100.0,17.042435165271662
2026-04-09 11:00:00,33.56713487399582,406.40769355394355,67.17609052701256,85.56856543357921,10.842066699908747
2026-04-09 12:00:00,32.89136386705457,403.4615146122288,69.80308284095882,74.30228870638682,15.429207151421203
2026-04-09 13:00:00,33.19477885307643,521.9180194527182,42.50292226471943,77.01922152115837,6.044492474943992
2026-04-09 14:00:00,32.51069644223155,386.3665810338684,62.58849820508204,79.8132613445332,16.870235548098126
2026-04-09 15:00:00,32.82331919658714,279.50384540750025,70.24476780638143,85.99159556937977,8.890531432116841
2026-04-09 16:00:00,31.187822174108952,240.35914548530394,58.81468268216878,76.95333535473102,5.043078178357097
2026-04-09 17:00:00,28.810725787341017,55.67071580676707,78.74163241258108,91.58195737150865,22.98640804312916
2026-04-09 18:00:00,28.26062357581185,15.362549513217575,97.2835149248276,92.65145255917096,15.403721689424655
2026-04-09 19:00:00,25.2713875848475,0.0,48.40010563377588,79.98075546878944,12.84883778170382
2026-04-09 20:00:00,25.80919037391347,0.0,47.2747393505347,82.74539948841631,4.8839135778134235
2026-04-09 21:00:00,25.0153382415018,0.0,49.439707057256506,82.27434178915567,14.962226593271701
2026-04-09 22:00:00,26.570030160738543,0.0,86.69903544043251,91.06570416100983,17.879030658301417
2026-04-09 23:00:00,25.47253306681149,0.0,78.24137779563043,88.66853103413725,13.1148890406586
2026-04-10 00:00:00,22.28642379088105,0.0,60.3494704732228,85.69283296665567,16.577104897304395
2026-04-10 01:00:00,24.06339188150732,0.0,62.93078270614064,87.88906725245249,17.828574688185398
2026-04-10 02:00:00,24.585697157257858,0.0,50.1342333471767,83.98555524814897,14.609602047031716
2026-04-10 03:00:00,24.795618303294383,0.0,75.73279510627529,94.89825392380911,5.1217500836736765
2026-04-10 04:00:00,25.914025685475767,0.0,56.68386037849922,81.60041337418474,8.22775359999807
2026-04-10 05:00:00,26.87649087602889,0.0,58.481239648302534,85.82946575100317,19.671645360203023
2026-04-10 06:00:00,31.065241800769645,0.0,71.51423431306638,99.49928268963403,13.905249429157044
2026-04-10 07:00:00,29.383776463869822,121.7709813559045,59.56246366887921,84.32828131260231,13.325645089766256
2026-04-10 08:00:00,31.573939054500396,211.19262762189237,58.857897837659834,84.01748513763306,9.616270443172457
2026-04-10 09:00:00,28.878515499906165,321.85849292309075,62.54101582306365,79.03654572222285,10.577153560766561
2026-04-10 10:00:00,34.03148668516336,322.407743158786,74.31271894702368,83.95740431828091,18.486235253237236
2026-04-10 11:00:00,34.999881148694854,272.9987158435346,87.07978387238502,90.03813323744733,20.34787742330526
2026-04-10 12:00:00,32.26308172999054,421.86231684191085,71.16468122381876,89.6689762221832,16.747070024918738
2026-04-10 13:00:00,32.794897124151746,362.48429788040113,74.43210109449153,90.98460671833368,15.927892098681257
2026-04-10 14:00:00,33.54780236290784,409.7057918094255,59.38457680861066,85.49534371651185,15.475715932882036
2026-04-10 15:00:00,32.191553576490264,387.4615754625932,51.765419792596774,86.18311198109822,12.30677721642929
2026-04-10 16:00:00,31.737001235496336,226.3095089211481,72.19218122365426,82.34078033816128,8.794968756926767
2026-04-10 17:00:00,29.551402609386756,124.09646127472166,64.9510001091361,88.29962281296456,7.568359783149009
2026-04-10 18:00:00,31.052965770988326,0.0,41.042958008881286,79.7195598000925,17.311214712954133
2026-04-10 19:00:00,26.465963370528033,0.0,57.46134338874356,85.0699189910223,12.741369334609526
2026-04-10 20:00:00,29.629767894784028,0.0,61.13893238790422,83.07867390264157,14.96522488970843
2026-04-10 21:00:00,26.70968795444249,0.0,54.72551973470035,78.95977504271063,13.579304313310406
2026-04-10 22:00:00,25.382343622498777,0.0,84.60842165825943,85.31898903052696,15.276384371873478
2026-04-10 23:00:00,22.44847071171152,0.0,69.57997329366077,89.68108171868656,14.858785737525466
2026-04-11 00:00:00,24.89437155877617,0.0,82.7467687388848,93.49179481825021,16.926946801005826
2026-04-11 01:00:00,24.667275288412167,0.0,66.10052389533747,86.22718830005421,10.234808147181518
2026-04-11 02:00:00,21.62616391757571,0.0,63.369962516931245,86.57449841981682,17.898129213599923
2026-04-11 03:00:00,23.350270154652378,0.0,48.10017770640134,78.97145026309421,9.45407639401914
2026-04-11 04:00:00,26.676700764312855,0.0,62.32808796850358,88.14582563617026,14.074254716092458
2026-04-11 05:00:00,27.244399596294553,0.0,62.34495385568668,85.85270646113473,8.385282457225319
2026-04-11 06:00:00,28.040362787556628,0.0,41.64243671004158,78.42648559666381,11.415598375059645
2026-04-11 07:00:00,31.408513638277412,94.43744866533683,54.056232923999154,87.18319817083007,10.063487875835246
2026-04-11 08:00:00,30.062871385027588,233.02653296943083,57.29990599280964,87.09064301111869,12.96185413852355
2026-04-11 09:00:00,31.655505139984566,283.33912878255404,68.3513381313909,78.71016402533829,16.359171085342116
2026-04-11 10:00:00,32.20077275447286,327.66341338018054,69.06939665034066,86.7329856384744,13.757681444147734
2026-04-11 11:00:00,34.204633626661696,481.7306672088154,53.429367741077,77.48546515685965,20.514903290838078
2026-04-11 12:00:00,31.476488800205395,434.30114875835204,69.18218900868335,87.32168195730108,16.642787292832267
2026-04-11 13:00:00,32.894440184012524,472.53063962951705,59.41796103032732,68.2110935270845,12.057084779902942
2026-04-11 14:00:00,30.80231669203341,611.7381293485638,19.104844597730725,75.19158401873592,10.610819697852623
2026-04-11 15:00:00,31.84058024809098,298.8829177798835,54.878614491281944,86.55348568981255,14.254980966611416
2026-04-11 16:00:00,32.151748172657484,141.42652447310223,78.33397457269075,88.25677428559278,16.73399303727688
2026-04-11 17:00:00,30.969045129306558,155.4233780356806,36.92205862113988,72.8115653582982,6.90989467495645
2026-04-11 18:00:00,27.765906627374996,0.0,63.83951297678818,95.6268438543656,15.738591810070506
2026-04-11 19:00:00,28.111007773250815,0.0,85.92806318333439,97.09516729308008,9.46403703715404
2026-04-11 20:00:00,25.97107201105429,0.0,50.739950675397864,80.18401993917216,14.696396795897197
2026-04-11 21:00:00,26.945661019041907,0.0,62.18138117697037,84.24837706403945,17.50945732073563
2026-04-11 22:00:00,24.212705721134384,0.0,42.588901112136256,71.16016525813107,13.328372449766405
2026-04-11 23:00:00,20.01719375755918,0.0,86.55761209550866,95.05382727869001,5.024899626353504
2026-04-12 00:00:00,24.955426918886673,0.0,60.65639934680662,78.6245923223047,5.903402069890545
2026-04-12 01:00:00,23.36588351710625,0.0,62.60579139366611,89.52839250091074,15.381157812842083
2026-04-12 02:00:00,24.105754650845952,0.0,82.22089573434016,96.11907035433664,4.295999080874225
2026-04-12 03:00:00,25.69350821554232,0.0,71.82856467143804,87.8017964008072,16.03093594947786
2026-04-12 04:00:00,24.44022132056525,0.0,48.77195776430474,77.25468740867227,16.377902637138273
2026-04-12 05:00:00,27.595296029392046,0.0,52.19721989044609,89.2050942401616,17.150573799700105
2026-04-12 06:00:00,29.487187700913577,0.0,69.33035831960531,86.97035870843209,12.500616982932133
2026-04-12 07:00:00,30.559720279377,115.3576291502915,52.544572925811735,83.06831208916863,14.381250689544913
2026-04-12 08:00:00,30.51373098121896,291.3393151449679,30.14773906994793,72.35220610253971,12.342954207941858
2026-04-12 09:00:00,33.61738706607276,352.45309947932776,61.107776772169665,85.24960582489075,7.164060470412188
2026-04-12 10:00:00,31.825723892464868,503.9160914660739,39.70319883488369,78.18737826224918,14.96523487160657
2026-04-12 11:00:00,32.808792616915916,331.60801197819717,86.15061505521172,84.0238958498798,19.86943778104806
2026-04-12 12:00:00,33.61553974137712,428.31848062351503,64.55820331820313,91.84718129310708,15.98551262636934
2026-04-12 13:00:00,34.00607960606116,517.2797104494462,48.3287629006022,89.8269043108245,10.405234899825974
2026-04-12 14:00:00,32.700562312621805,444.5337276138319,51.426902531819024,87.09265292541217,15.531143743204325
2026-04-12 15:00:00,33.925038482197216,413.1871364985697,33.56542493364702,81.69676639119996,16.868797050230256
2026-04-12 16:00:00,31.676213685243905,265.8422990111094,45.41446045004828,89.47770386267813,16.935673259348953
2026-04-12 17:00:00,30.18479218588484,63.068954120650424,77.15123678986632,83.57260162447191,17.9650477317017
2026-04-12 18:00:00,29.13051861442253,12.352670593181115,95.3831809341417,88.22870037955039,8.401719818900979
2026-04-12 19:00:00,28.451024092300013,0.0,72.80233644974021,85.91095974531369,15.232975461026912
2026-04-12 20:00:00,26.60534896864573,0.0,60.525750672440395,86.67990715960963,15.608869763457937
2026-04-12 21:00:00,22.904435818535866,0.0,55.42699811694708,83.00796496344284,16.925988404665084
2026-04-12 22:00:00,25.87857611187775,0.0,47.5589515481104,76.95798992227222,14.440443333756384
2026-04-12 23:00:00,24.11829024661599,0.0,92.80287724185195,93.66125746452477,20.847949347896677
2026-04-13 00:00:00,24.762677021822686,0.0,58.82296039123488,84.56943981097992,5.629769299736752
2026-04-13 01:00:00,23.515012657145967,0.0,93.38863837013807,98.07652717330365,16.90283142763051
2026-04-13 02:00:00,22.167509843599245,0.0,82.55698356335142,91.58682045347818,16.04383761228149
2026-04-13 03:00:00,22.374251960665042,0.0,35.5422444490064,70.0566175934845,15.38798049957971
2026-04-13 04:00:00,25.144690246269313,0.0,51.66490498281112,85.12186315299941,18.751741023577324
2026-04-13 05:00:00,28.250755654836627,0.0,51.61851405659317,90.62594216773343,9.027800888491365
2026-04-13 06:00:00,30.559626613887975,0.0,60.45649545761441,84.72481634290087,19.05698574033856
2026-04-13 07:00:00,30.55902619080571,89.24510656265983,60.7494771224942,89.58830847440531,16.297058010512824
2026-04-13 08:00:00,30.004472740248,82.00827994878514,100.0,92.02371079698062,14.251339505326827
2026-04-13 09:00:00,31.388540891630413,379.83838422444984,45.49577280207912,83.5444073686771,8.639611200360097
2026-04-13 10:00:00,34.971513419603134,363.0477958339215,65.08873995416636,81.35351187933529,14.039693397871984
2026-04-13 11:00:00,31.997982372175745,346.1862860634032,70.90180705621755,85.74325928979442,14.68779836803319
2026-04-13 12:00:00,36.604673118403085,452.3637209366557,61.63061085216256,82.7738136678046,14.446280102570743
2026-04-13 13:00:00,36.14084628745178,421.6835750722096,63.306899585920874,86.83904843498483,10.65754684024175
2026-04-13 14:00:00,35.97763408218746,495.66018369135435,45.9820575046017,76.02808520536108,14.736457960661294
2026-04-13 15:00:00,32.90281421209693,360.9925420563998,63.25148383824073,77.60302490496562,11.540415155353264
2026-04-13 16:00:00,30.928386109556374,213.70216639261218,69.32517586181608,89.09259695216188,18.332560891817536
2026-04-13 17:00:00,30.62971374394402,91.3825168408273,66.56819968326744,88.26021989693938,20.169236577887645
2026-04-13 18:00:00,30.053528808801943,16.16810943367677,70.20720447788187,87.65620444965809,10.259965114517755
2026-04-13 19:00:00,26.732264469394398,0.0,82.84330942874398,95.41542947750253,14.381725625088658
2026-04-13 20:00:00,24.940804163260406,0.0,75.70868904791563,88.22285929069811,17.674089120269638
2026-04-13 21:00:00,24.96771702426182,0.0,62.723610121662055,87.39249216605518,14.239698732025754
2026-04-13 22:00:00,23.538241242720147,0.0,44.07781564095133,79.78912400477302,6.793792628349774
2026-04-13 23:00:00,25.65589166323454,0.0,52.65411179853371,82.0720860236823,16.091897925811313
2026-04-14 00:00:00,23.150482705533403,0.0,58.098158823523995,86.80304940549495,10.48181863074965
2026-04-14 01:00:00,24.246545848512717,0.0,65.17781357240693,98.0405191603957,14.060767242549037
2026-04-14 02:00:00,25.899666731249514,0.0,54.2176346797943,87.43094668648986,8.73470665536105
2026-04-14 03:00:00,27.080102170898364,0.0,47.35662811451995,84.57018795136902,15.546217303979681
2026-04-14 04:00:00,26.72296813979265,0.0,43.569645765480175,84.80116325574184,10.494314692220588
2026-04-14 05:00:00,28.157330955466136,0.0,36.62495971645227,67.24375094982626,15.43295737281094
2026-04-14 06:00:00,27.629753257626994,0.0,57.86836554566669,85.96851759154441,12.033892433787676
2026-04-14 07:00:00,31.57590993989519,135.58398878028936,39.34764447123065,83.70289308606927,10.042449875760374
2026-04-14 08:00:00,33.09442128836796,251.71893442359,46.38474083992435,81.10415507658465,13.968180003088408
2026-04-14 09:00:00,30.05591598516939,279.6981810935854,55.48409800962069,83.19675695485753,8.476709401489222
2026-04-14 10:00:00,35.573797659000014,466.1366775193245,41.353866461413716,74.3527025119069,19.260625973397133
2026-04-14 11:00:00,32.87061289789544,445.11567591015705,67.08890892976568,83.72458333517831,14.09692127766847
2026-04-14 12:00:00,34.72486122795737,397.4656038374876,72.49597205637053,82.79778656223692,11.35975695172708
2026-04-14 13:00:00,33.88230044708751,473.0787096226527,53.15122080565425,87.25299436092104,11.060198587532565
2026-04-14 14:00:00,33.20347949235996,434.1544368285954,54.8372164881352,90.28712114091302,12.81215261088363
2026-04-14 15:00:00,32.21890160755433,238.07073118901144,69.45407265437139,96.25601327480715,17.456014225675514
2026-04-14 16:00:00,30.16150874175089,263.90745125178523,50.68269964376504,77.94647670681509,8.956065138260719
2026-04-14 17:00:00,30.92691271273649,166.43011388101402,49.6516174283258,78.48180514799137,11.007445860733228
2026-04-14 18:00:00,28.579983003999125,0.0,79.34010327507958,85.84955254788,13.768963198052974
2026-04-14 19:00:00,25.9554968301472,0.0,74.65544218297703,83.7277553631309,19.902659184952796
2026-04-14 20:00:00,25.106334978397765,0.0,70.41587613744402,82.87592782724329,17.517369589617413
2026-04-14 21:00:00,23.736127024649978,0.0,75.27729542319662,86.73143042069705,20.124550184029644
2026-04-14 22:00:00,23.939746339066698,0.0,31.733445221774783,82.76478698561877,11.710813744979072
2026-04-14 23:00:00,24.75284104289824,0.0,81.70015930418184,87.17293742713065,19.816026907270345
2026-04-15 00:00:00,23.10628272737435,0.0,67.00270345100361,92.60013455246275,18.41924220572153
2026-04-15 01:00:00,25.469181085465163,0.0,76.28349246233351,96.1378352059006,16.60122173420519
2026-04-15 02:00:00,24.545630350988127,0.0,66.92919838899293,88.5259374990694,16.45445531389514
2026-04-15 03:00:00,25.118975888826373,0.0,61.85564407244983,91.89171889438195,10.714489025757747
2026-04-15 04:00:00,26.552531252537783,0.0,56.992133516816665,77.50885221467756,20.16282272949723
2026-04-15 05:00:00,29.55034237892351,0.0,66.62893735554057,83.4837501258001,12.350858054728668
2026-04-15 06:00:00,27.247995893627895,0.0,56.4455530686792,85.02127162425481,15.061081529253094
2026-04-15 07:00:00,32.47810848151038,130.75904372928505,74.13991320322417,88.82943213098393,16.413788622189394
2026-04-15 08:00:00,32.77894433475492,286.9887525078328,37.324922033964484,85.61055148255939,6.3808766751430674
2026-04-15 09:00:00,32.53811665553701,330.2242788038593,52.99813377533332,77.42458919647653,12.445515886750885
2026-04-15 10:00:00,34.898796602276235,253.19505088279226,91.79412042939718,89.0789327490749,15.403205882912983
2026-04-15 11:00:00,33.44115061690163,505.36569084684027,51.7305647486616,81.54155324097658,12.132989941181668
2026-04-15 12:00:00,34.40211808107796,482.478071182329,57.54151585629531,80.68196527636013,12.720137558909498
2026-04-15 13:00:00,33.156526464793984,521.0345540216739,47.88305770199634,75.8341540231048,18.364891710082436
2026-04-15 14:00:00,34.61728092512597,366.69440447705574,66.15945679553485,83.01451983490834,9.99941721836672
2026-04-15 15:00:00,31.64683781227926,369.8637349055131,50.07779835011456,80.5947916017468,7.428862032646411
2026-04-15 16:00:00,31.46395806745063,231.3930302623032,58.33760768014174,91.15253053631349,10.570915213788165
2026-04-15 17:00:00,31.207711882488255,125.67829146934432,73.85476974277354,82.73137610962253,16.66972615675133
2026-04-15 18:00:00,30.39338272708753,55.711487517646994,50.64032042002525,86.22699545773418,15.89872450742286
2026-04-15 19:00:00,26.669139413340744,0.0,72.9509384912258,94.64804040154074,16.071577673112962
2026-04-15 20:00:00,27.509815898809368,0.0,73.45521143565283,85.72435722859412,17.320006596189145
2026-04-15 21:00:00,24.218621681756126,0.0,76.9461131230369,90.95320053705464,14.871462786401759
2026-04-15 22:00:00,21.905179100939094,0.0,63.22988662601809,89.45137637542707,11.089438686783886
2026-04-15 23:00:00,23.22862432030753,0.0,100.0,97.62072948281573,11.219373609132283
2026-04-16 00:00:00,25.19408835431253,0.0,76.65971331739313,89.84653118266114,8.784512759376526
2026-04-16 01:00:00,24.263519311296776,0.0,65.7148722353643,83.44506058270811,12.377058440384765
2026-04-16 02:00:00,24.08340600320807,0.0,47.70284165803588,85.67548247219804,15.538516696510529
2026-04-16 03:00:00,25.64561830001889,0.0,59.38582098114979,83.17732304858046,13.916933569791055
2026-04-16 04:00:00,26.6381499603351,0.0,82.23661252276241,90.75668530543356,14.20361857230215
2026-04-16 05:00:00,28.623403273424337,0.0,86.48472710365593,92.25676282065388,10.102734569263959
2026-04-16 06:00:00,27.013807483659974,0.0,83.01664437586534,95.0320360986231,24.467905262650657
2026-04-16 07:00:00,30.270066767041044,125.24315722027502,72.6195924702062,97.30409413148479,10.3291440779877
2026-04-16 08:00:00,31.7705908384173,305.2065535621643,42.006804774828325,76.09718696559827,12.582790115189308
2026-04-16 09:00:00,30.869583078335516,292.1918873123448,68.14913513664695,86.71971992703011,17.419526367518447
2026-04-16 10:00:00,31.646350256730486,479.7489019790987,42.220672198466936,72.43613059784245,12.280359491220082
2026-04-16 11:00:00,33.46453857218155,568.9933962137374,38.529639968550526,86.06993882576316,8.698725536143407
2026-04-16 12:00:00,34.120111953664484,447.76049911193957,64.42908813792049,85.25850247077058,16.456096165974962
2026-04-16 13:00:00,33.95431934943085,411.9345747611263,68.68969957830816,84.63088934328084,8.076263206421856
2026-04-16 14:00:00,32.71590437858929,337.35454802645967,74.39236434647397,88.00183572855363,20.687810551643356
2026-04-16 15:00:00,31.868029320488795,292.0393745103951,68.29875147505331,86.85830103066422,14.54387516320607
2026-04-16 16:00:00,31.095301167490266,231.52809030504875,68.81549765540312,82.93038192543364,12.427136193952293
2026-04-16 17:00:00,30.79120390067929,124.26053013598863,46.071919094376256,86.88915029076745,6.638066803265586
2026-04-16 18:00:00,30.72703769424463,61.98508630387062,59.267057598991904,87.4814073901374,8.355439437233931
2026-04-16 19:00:00,24.92841920752336,0.0,38.23495608474458,83.79032786404424,11.70337518555174
2026-04-16 20:00:00,27.41893314310569,0.0,30.791170928258968,74.23490463409146,19.110548255718236
2026-04-16 21:00:00,25.42899931992906,0.0,71.95134851690801,84.55291858616543,14.529470171726382
2026-04-16 22:00:00,25.46234233191961,0.0,49.54484196239752,82.04910556279059,13.865480443176583
2026-04-16 23:00:00,25.82060759240726,0.0,73.92918540140771,92.65899466046123,15.240886469507974
2026-04-17 00:00:00,23.205036583090116,0.0,77.17773114692301,92.37215631163137,23.315054938937486
2026-04-17 01:00:00,25.58466743147274,0.0,51.262757609374475,79.1395660829614,10.797576294509938
2026-04-17 02:00:00,23.226317739103166,0.0,69.40718389705192,91.25665364690451,19.732229733861622
2026-04-17 03:00:00,25.817045578316357,0.0,50.63516654951781,77.97563018149881,10.937441981630652
2026-04-17 04:00:00,26.371428681514885,0.0,32.864334359320075,75.00227386344241,8.828764964863321
2026-04-17 05:00:00,27.952768564548666,0.0,62.40215854535931,86.24624113982603,12.801664680837625
2026-04-17 06:00:00,27.900955911347314,0.0,53.489409282986024,77.37984284266817,12.336296332239579
2026-04-17 07:00:00,31.048744200029528,112.47261352138068,53.95118231991546,78.06284131089026,14.945612905182625
2026-04-17 08:00:00,33.74887392682088,132.87916899039425,90.18266424640532,99.29394270874066,5.213198169824006
2026-04-17 09:00:00,31.45882045552311,385.1871538754429,37.66466273773236,85.5786724928831,12.474673021560976
2026-04-17 10:00:00,33.76336667873604,384.31635081425793,66.2955845092945,97.00797053192969,10.91979044978157
2026-04-17 11:00:00,35.12896467049973,511.3739407695022,45.630408921551165,82.44112205044982,9.385709373369139
2026-04-17 12:00:00,33.800937535036574,370.4366748164802,74.1764386177323,90.74779080547245,8.525712148856176
2026-04-17 13:00:00,35.78484041112066,430.9445064743038,65.02898602134842,84.16473226735874,11.792233685586742
2026-04-17 14:00:00,32.95823265672952,366.05647908172347,66.24268271643164,83.91472328882388,11.245705868042421
2026-04-17 15:00:00,32.571051273425965,368.40877842676883,46.379173214688535,85.11871318488268,10.612435372182338
2026-04-17 16:00:00,30.39560002629712,215.38342983923621,49.068698779397586,88.56772038994605,5.899006759234186
2026-04-17 17:00:00,30.645363171354994,108.09840167198033,74.46127508891072,92.00178177871715,14.115662867232539
2026-04-17 18:00:00,29.190630310800323,1.974824190210081,87.11448330463588,87.25095716670683,11.18920913239113
2026-04-17 19:00:00,28.719276874437387,0.0,67.75713473708524,88.63951226379467,6.84771508576507
2026-04-17 20:00:00,25.85963262910268,0.0,47.09120666715094,78.09310383456122,10.161912180336863
2026-04-17 21:00:00,24.76457226380318,0.0,65.63659531565347,85.121963711805,10.185527810281647
2026-04-17 22:00:00,25.457813215999447,0.0,96.96459814378657,100.0,15.012778867105366
2026-04-17 23:00:00,26.173418987303254,0.0,62.08885963950611,79.6482975099604,10.858401150301226
2026-04-18 00:00:00,25.081436819957137,0.0,82.18189899762226,100.0,8.310932806834117
2026-04-18 01:00:00,26.835730289786003,0.0,49.14934561913759,85.0596486144604,8.904052508249338
2026-04-18 02:00:00,25.6554961917032,0.0,59.622995332172465,82.77686057481924,6.074543388375894
2026-04-18 03:00:00,26.4032703047148,0.0,69.54776419860141,87.81753111116333,18.02590013747291
2026-04-18 04:00:00,27.646804242907752,0.0,66.21421073066124,83.03170995381952,18.50215651764119
2026-04-18 05:00:00,29.904250255037166,0.0,48.75845590505086,79.01940635571427,18.113581140592306
2026-04-18 06:00:00,30.8725645839892,0.0,48.11152424975927,81.81347534247384,10.046185759379053
2026-04-18 07:00:00,29.14747702050806,75.96880506790019,75.07855215325814,86.80291165683555,18.942365868385405
2026-04-18 08:00:00,32.80447995192995,181.7865721723748,78.12754829647045,83.99637692000049,15.534368931427036
2026-04-18 09:00:00,33.14422086150765,266.08638681630515,82.93643947854707,88.70542430030939,10.858199938924491
2026-04-18 10:00:00,33.341604996303445,274.9836425438299,87.31324335551129,84.30399619958678,11.851586800166508
2026-04-18 11:00:00,31.78854472738755,430.5304126226821,62.27357765155722,78.49103939595564,12.425756014153075
2026-04-18 12:00:00,32.26151431469849,451.785319924963,55.58629744324437,76.69707825410559,13.189121554205482
2026-04-18 13:00:00,33.61954524333517,279.769158964688,80.5191501883953,97.4934787651959,15.47757606469145
2026-04-18 14:00:00,31.689881555993885,402.1659577266221,70.95032533449206,89.06221911903351,13.540370638967707
2026-04-18 15:00:00,32.3523735395895,399.0369183931659,45.517457226704394,83.55579353782954,10.881790236556725
2026-04-18 16:00:00,32.6923671266274,264.3544682603093,44.7497511239346,80.38988754938396,17.645850419333293
2026-04-18 17:00:00,29.80257550305646,118.44369277312589,67.63323912706291,89.01933412623896,12.926531719165133
2026-04-18 18:00:00,29.372224881613466,0.0,57.59516618445827,89.92218752027911,12.195646086496506
2026-04-18 19:00:00,26.578690726761465,0.0,59.85783678560781,87.06675267212925,12.123808259576494
2026-04-18 20:00:00,27.152120968498938,0.0,76.34228657737118,97.26440363169723,13.364312698411744
2026-04-18 21:00:00,26.38876560101456,0.0,71.6398432814938,87.81571895567393,8.132298868289553
2026-04-18 22:00:00,23.083781944996282,0.0,80.20238483299474,93.63259170970908,9.997729386860236
2026-04-18 23:00:00,23.456642181014132,0.0,31.28124451111777,81.87188046486978,21.34800977626985
2026-04-19 00:00:00,22.69275529458961,0.0,63.74807076302849,81.92287865393968,6.585727426573338
2026-04-19 01:00:00,25.17242674663704,0.0,70.36742984066858,88.07969827371933,14.605478130700208
2026-04-19 02:00:00,25.223158152009617,0.0,37.048314154395214,70.32149828711853,13.22251389680921
2026-04-19 03:00:00,25.739917403780183,0.0,50.12366738506089,82.07055608913466,16.557079288138468
2026-04-19 04:00:00,26.67331064263546,0.0,47.33982456977669,80.48837170094605,13.834113909142713
2026-04-19 05:00:00,28.46566748276894,0.0,60.272574570609216,83.15355122475609,20.577095323331864
2026-04-19 06:00:00,29.785783581834,0.0,84.36491153512142,88.63579082780828,15.176828975166043
2026-04-19 07:00:00,29.98992112577417,65.28381854108645,90.28594307468398,94.68286886652429,19.905715880463138
2026-04-19 08:00:00,31.013800797187635,301.5128189779668,47.73278870861124,76.90197221422525,16.546529089833204
2026-04-19 09:00:00,32.79891679460398,347.08193779092267,67.84546076211409,95.39147910228701,19.560234017571098
2026-04-19 10:00:00,33.42354829374171,401.41123289067,68.3290697868452,88.95614102187358,13.515803547056457
2026-04-19 11:00:00,36.84859266622863,368.091582170464,65.76148857743169,80.94825538013293,14.879649788810072
2026-04-19 12:00:00,33.841013568136766,424.8353698657913,65.93179652579899,88.69287767397498,11.81988367533217
2026-04-19 13:00:00,34.54627067941321,429.1349860863511,64.5032395414804,89.96813413042366,13.864176341778439
2026-04-19 14:00:00,34.27590809590946,290.47536364020533,85.26065381680677,92.06936470178701,15.122982318273069
2026-04-19 15:00:00,34.69629212595036,221.04830607868996,76.48409972023134,82.93754940944585,5.5145725641537275
2026-04-19 16:00:00,30.7855366729492,238.67767679656416,44.044793540736464,91.62980289355207,11.62966592014593
2026-04-19 17:00:00,32.37571404561595,136.39125863975428,71.88291821791871,90.36174452522589,17.15363681074072
2026-04-19 18:00:00,29.14846239560208,0.0,73.33270262238226,81.77300847553037,8.265878134580618
2026-04-19 19:00:00,31.297730215246894,0.0,64.6716113119873,86.5688187413234,9.288213960015296
2026-04-19 20:00:00,27.311459527213167,0.0,76.91846756225141,88.08131045401174,18.46851258947777
2026-04-19 21:00:00,24.20693486813031,0.0,62.768212519196034,86.1431491434719,18.510922949473706
2026-04-19 22:00:00,24.75364334886123,0.0,62.954117820854236,80.10690051849076,10.664631312178145
2026-04-19 23:00:00,26.24759767530056,0.0,61.76571017486612,85.8259203910202,13.784224407875245
2026-04-20 00:00:00,24.521740820809438,0.0,29.357394786421903,73.55482376465125,11.155659978526748
2026-04-20 01:00:00,24.508595158753266,0.0,58.42508016482883,83.23228353138184,17.629157851836943
2026-04-20 02:00:00,26.020306614180637,0.0,49.607297456598374,84.4859983085136,10.346979096372634
2026-04-20 03:00:00,25.431706416274285,0.0,41.83433640052858,78.31066495435996,10.577131908591307
2026-04-20 04:00:00,26.641784191557026,0.0,81.14133034450978,88.88695605574017,19.4201353773444
2026-04-20 05:00:00,26.893565231651227,0.0,67.1941688514338,90.91566570629436,9.346386112046417
2026-04-20 06:00:00,31.66320433533115,0.0,59.18358985924872,79.65343115052897,10.967344318767513
2026-04-20 07:00:00,29.120437882565653,150.65621909583402,51.15900580688054,79.22958122043555,13.089543742997463
2026-04-20 08:00:00,32.13604397776738,252.99149164018957,64.07359984284804,78.97504594667627,19.298759246979536
2026-04-20 09:00:00,33.57512113851409,259.0709574559128,74.50259747317963,83.52506407370447,8.951280541347906
2026-04-20 10:00:00,33.72811788310304,476.01307669765094,47.22656842021282,81.44304556998853,9.51897944125006
2026-04-20 11:00:00,32.615344817383416,469.1796897754997,59.558630489267784,87.24467524223907,15.348134811114418
2026-04-20 12:00:00,33.117344084050366,384.20128551585435,72.65205355618453,83.21457601132464,16.620402552680446
2026-04-20 13:00:00,34.924638445383785,622.0709585397735,30.591039137154986,79.5081254203718,12.375774664929743
2026-04-20 14:00:00,32.73202123782204,401.0980778910823,58.76750963733588,84.35815068458756,12.471490676514764
2026-04-20 15:00:00,30.257648836772574,372.68166624980836,53.19168551520386,75.8962606778777,13.17819389278222
2026-04-20 16:00:00,32.41880913970067,210.34252461781074,57.62360820709143,84.46588251849624,6.852107523331075
2026-04-20 17:00:00,29.575588551644934,148.71798358992572,52.106627727838394,88.61210478602534,13.01101951061861
2026-04-20 18:00:00,30.23632237571617,7.767830043572829,61.69542515152637,75.47773219753621,19.013262874643445
2026-04-20 19:00:00,27.85953440687067,0.0,88.4854643797577,100.0,9.143680138423726
2026-04-20 20:00:00,26.590981293006898,0.0,54.77221896448867,80.70181631809885,9.602407083483184
2026-04-20 21:00:00,25.948113052064304,0.0,64.00672120982854,77.91393525501326,11.61282027998962
2026-04-20 22:00:00,23.605568972074156,0.0,89.55225234955363,93.58934558145991,13.141907230158875
2026-04-20 23:00:00,23.513019174752607,0.0,51.38082239782861,87.5236878971237,19.93450088202553
2026-04-21 00:00:00,24.152781879010966,0.0,86.52637206984797,90.65650859070615,10.598688538345392
2026-04-21 01:00:00,23.17340820874495,0.0,59.38608693532004,86.9785068455035,8.442458445411571
2026-04-21 02:00:00,26.088519080769974,0.0,86.03468522388732,100.0,17.386021040855283
2026-04-21 03:00:00,25.555556561824773,0.0,70.55925871010821,88.8847506898436,10.940536689447756
2026-04-21 04:00:00,25.10641556024585,0.0,63.91286727464975,100.0,16.346341907288373
2026-04-21 05:00:00,27.46985024445369,0.0,58.321781607614625,90.8331207600379,12.12784183696203
2026-04-21 06:00:00,29.622246476790508,0.0,49.945620237725265,82.35074468331669,14.333360495466334
2026-04-21 07:00:00,30.204860778339178,122.55801122193444,60.443115085378714,86.0877359250244,6.7506476551323225
2026-04-21 08:00:00,32.510443794706426,176.17457786942305,72.76666372121379,85.76792586426727,15.460958817715351
2026-04-21 09:00:00,33.7724643026912,357.9080706048977,59.10957037096337,85.00941272671045,13.82666434415797
2026-04-21 10:00:00,36.94302052005327,423.82659965554086,54.55689975998556,84.95556100962253,11.70632214115226
2026-04-21 11:00:00,35.81614973560632,467.79130423221187,55.544503823246835,80.54295377134106,7.846271570477333
2026-04-21 12:00:00,32.36340169471969,409.8340875414096,74.19339103965922,80.84398088930197,14.577010445729806
2026-04-21 13:00:00,33.8520100433391,366.8884855587398,77.68366366241126,94.99950781529144,16.7803673470523
2026-04-21 14:00:00,33.47417648113186,403.55247601001827,49.29898412938787,86.22103102853247,10.340334413704277
2026-04-21 15:00:00,33.7738092474768,376.74682909446886,49.27742397420108,74.21784001648535,10.417910155602232
2026-04-21 16:00:00,30.777021250479805,225.68571246276096,64.99662563092011,86.53755860478331,16.42538652666325
2026-04-21 17:00:00,30.094150554446795,80.25674356579663,82.21922280727225,95.22604644328003,20.951845625588195
2026-04-21 18:00:00,27.87294770370991,4.009091642245168,76.49609646060182,93.6117249540165,17.583281296460406
2026-04-21 19:00:00,27.413642476340467,0.0,40.528458653214756,76.60021736872116,12.94427688125948
2026-04-21 20:00:00,26.25622793096433,0.0,55.34510228603549,88.85842513351992,11.794351871146135
2026-04-21 21:00:00,25.548241679745985,0.0,45.34718851557074,81.63004718636128,12.157355598805184
2026-04-21 22:00:00,23.618089565474154,0.0,55.293554007184554,86.27406081147554,7.462712122293588
2026-04-21 23:00:00,25.93768747216785,0.0,83.37239177644375,86.40498539914233,13.551077231217768
2026-04-22 00:00:00,25.178769953179543,0.0,37.63374567821332,58.39657448533643,16.361225447743344
2026-04-22 01:00:00,22.851784095522017,0.0,34.68977601075573,75.40803381750331,11.893028231243303
2026-04-22 02:00:00,25.268529733491608,0.0,46.544443108454544,84.5787168238889,9.825222858580892
2026-04-22 03:00:00,23.99452668189809,0.0,63.28241444859847,85.2442631512733,10.292126783972584
2026-04-22 04:00:00,28.809824375330763,0.0,68.28407771956994,90.05050021859392,13.287139070462974
2026-04-22 05:00:00,30.369137591087153,0.0,65.53448193288158,91.40899808513379,8.338176727313355
2026-04-22 06:00:00,29.492433449441034,0.0,76.60803645842383,87.12554080244942,10.196183055712899
2026-04-22 07:00:00,29.750548439447677,166.30375437488158,32.526471496449645,75.57429104724037,17.757593635105774
2026-04-22 08:00:00,31.201341805621894,182.95248503678107,76.79780348534264,77.6349671392779,9.695488275488495
2026-04-22 09:00:00,32.510561130470336,384.34377187624966,54.291325609264206,75.00787888822155,9.508406419371571
2026-04-22 10:00:00,33.756143543716355,373.3566736003646,69.94517005703159,79.77322311708842,14.662609975889016
2026-04-22 11:00:00,36.17613160456971,587.9185408685962,39.121374008510514,81.18711975281298,10.18901167215794
2026-04-22 12:00:00,35.807174284897926,478.97063731809465,59.047105865094636,81.83804803827734,13.30689104877176
2026-04-22 13:00:00,35.65682691779581,437.3765513775302,62.51681696879378,81.65950763186953,16.57734379126195
2026-04-22 14:00:00,34.11677070229304,351.64434033756385,76.30902097243485,84.7660110708023,7.627130191323372
2026-04-22 15:00:00,31.600730596304647,433.2427407442405,35.1939360708421,74.21346945926861,14.776682349323085
2026-04-22 16:00:00,31.063818208975025,270.84841145062416,59.43404363798214,88.86624300033994,10.64214323115431
2026-04-22 17:00:00,30.93792479910691,123.90931579415948,42.694226042826436,80.54960077620714,10.990405529204468
2026-04-22 18:00:00,28.00346180559882,35.84459886264451,66.55519607308271,91.44491489317241,21.016127361189504
2026-04-22 19:00:00,28.665974541701278,0.0,70.63100345680047,76.44092374474013,7.921055518804957
2026-04-22 20:00:00,28.111552509329595,0.0,78.28030904757989,92.06701181659211,16.276826301309473
2026-04-22 21:00:00,26.73830703510923,0.0,50.947313595332965,80.3571178981397,17.05948330696739
2026-04-22 22:00:00,25.891511227367783,0.0,72.88115269529044,86.97919703398446,10.909934837775126
2026-04-22 23:00:00,22.30909535510748,0.0,79.38627922211438,97.31433651431045,11.298398703091813
2026-04-23 00:00:00,26.371704263485004,0.0,33.98199093171911,76.64049288145323,10.22442795726228
2026-04-23 01:00:00,22.77111166732562,0.0,67.81586928102786,90.04778299036657,10.632969743766983
2026-04-23 02:00:00,25.10964073089082,0.0,73.0083642862527,83.44591779282936,13.91630219732882
2026-04-23 03:00:00,26.906914428801738,0.0,54.749799683739546,83.88196353772317,16.307914284723847
2026-04-23 04:00:00,27.60451851159285,0.0,40.46909181667448,72.07036146421504,10.570519715689649
2026-04-23 05:00:00,26.683059277140227,0.0,72.77503182119605,87.95474395191223,17.35296899613835
2026-04-23 06:00:00,28.210518418037775,0.0,40.638063066184756,81.90498069794941,17.635945498346242
2026-04-23 07:00:00,31.305630062454,138.75517614083594,55.955423961887576,88.87488379052928,14.522008712856012
2026-04-23 08:00:00,32.802440245712916,228.4145282983867,58.02883461250117,79.54737332418514,15.003375976400187
2026-04-23 09:00:00,31.73451063574864,338.6897341609376,69.3637662551111,83.98594467411965,11.092370027510128
2026-04-23 10:00:00,34.47883917738924,490.76243057323325,49.23122208686312,77.96537176004124,1.969693274139587
2026-04-23 11:00:00,32.49811533565564,514.0764680895752,48.36194014713328,79.99571665120672,14.760915693243987
2026-04-23 12:00:00,35.450047762307506,460.0138216886546,60.11442766099777,78.94156853585277,16.191625877568562
2026-04-23 13:00:00,33.318976490960786,377.3998307649221,73.72655264384734,76.69769978844617,14.65610492207293
2026-04-23 14:00:00,34.07313624202844,235.58764123296893,92.94244548934832,86.96107962748064,18.286198804475717
2026-04-23 15:00:00,33.06025863376116,471.41591707439886,36.018477482869486,77.85077049746786,9.607871316481704
2026-04-23 16:00:00,33.64719625409723,253.9342436038177,63.36082574634978,84.10262327148088,15.242103473129138
2026-04-23 17:00:00,31.247205990635624,152.15233355275103,42.33267008603673,82.70668373675187,18.005208976672584
2026-04-23 18:00:00,28.85950931677991,16.94763902223042,73.91286412765224,92.41025962018045,16.35831484514739
2026-04-23 19:00:00,28.811717019507405,0.0,44.552527269912616,78.61861427752085,17.59864945161024
2026-04-23 20:00:00,29.923478938799853,0.0,48.51097220681625,73.76052465833058,17.82217467951939
2026-04-23 21:00:00,27.064967619552732,0.0,49.79163259359116,84.45425955812617,7.604043994143725
2026-04-23 22:00:00,25.231297591036586,0.0,57.48771139875405,84.58818775276484,15.751109875638347
2026-04-23 23:00:00,23.72501573362787,0.0,63.47865943243172,85.06869819336139,10.646114774979896
2026-04-24 00:00:00,23.909571845574895,0.0,65.53568416985534,92.94961048451901,8.846850612916096
2026-04-24 01:00:00,25.765372463045384,0.0,58.19365007298589,86.98634648380549,11.767065270560348
2026-04-24 02:00:00,24.229340433424557,0.0,38.33179792911892,80.61304507163,18.933226064175642
2026-04-24 03:00:00,26.17897227983506,0.0,69.19695552038047,88.24181398999794,11.284647327003702
2026-04-24 04:00:00,29.07991538240616,0.0,57.48578331078222,88.3079892825003,5.841423466855113
2026-04-24 05:00:00,28.612425681783073,0.0,75.70618511594812,85.23691776516284,8.006876857294635
2026-04-24 06:00:00,28.308139467678263,0.0,47.66408157352859,77.31870250990838,14.296721539604519
2026-04-24 07:00:00,33.83630823035192,130.99154995146648,34.24604235546272,76.36538936223187,8.677001004605714
2026-04-24 08:00:00,34.502193583694606,241.04162014993324,57.76977322548151,77.42743515167601,4.715744504754001
2026-04-24 09:00:00,33.89807422819048,260.02727912455833,77.71945358999162,88.16805745244147,8.265522296109925
2026-04-24 10:00:00,35.69961985002793,417.25765083209643,60.6942953149684,84.35338708213276,13.702387895812025
2026-04-24 11:00:00,34.19356634233567,464.6657636174922,55.28511627813479,82.39823526742197,15.882198401909681
2026-04-24 12:00:00,35.652801617330006,535.6621806962,45.22495800086614,78.20123083722709,10.4783854813589
2026-04-24 13:00:00,33.99003818107529,334.2826096197162,84.64666026593997,98.37821143395057,16.828248318707086
2026-04-24 14:00:00,32.27909827634567,467.2943963553171,42.836124342455946,84.62047204587543,15.801524868709844
2026-04-24 15:00:00,36.61604409639054,387.65051854651875,47.39924940130404,79.92170654703693,9.235120601079366
2026-04-24 16:00:00,30.38251130975463,211.6887041913513,66.83067620698797,86.6654320548573,12.856656903390327
2026-04-24 17:00:00,31.39193159225281,167.31324989210597,30.439852917425792,83.83289556756647,9.120065134953864
2026-04-24 18:00:00,30.082650487096547,6.317940529446342,77.39902324644774,85.96458649599269,16.025471141042072
2026-04-24 19:00:00,29.087722830298695,0.0,67.64305997898796,81.76961559252062,10.933217355552523
2026-04-24 20:00:00,27.094421250315524,0.0,71.76862934289429,89.06248038470417,8.735722631168986
2026-04-24 21:00:00,26.07245209423565,0.0,66.65191844497245,88.87164028944518,13.542942367801164
2026-04-24 22:00:00,25.56081903085016,0.0,55.86331050388208,86.62423261160932,17.23454537221521
2026-04-24 23:00:00,25.505210690662604,0.0,42.332932613396295,84.94633827534014,14.158937651858794
2026-04-25 00:00:00,24.780516363347353,0.0,55.82013087823535,80.6250685173448,16.81834758215371
2026-04-25 01:00:00,24.864379012188948,0.0,43.292717820320235,74.10127418989569,15.84072153147023
2026-04-25 02:00:00,23.735307688463273,0.0,65.2135921477555,83.87026509348459,13.429273914353567
2026-04-25 03:00:00,28.865130937880508,0.0,70.02295995483128,90.13517666138489,11.111195357611564
2026-04-25 04:00:00,27.979286527299728,0.0,80.07339196458287,85.2619716097042,10.52475108464656
2026-04-25 05:00:00,28.76036119738945,0.0,63.4977771049027,75.94121486418591,6.8284570575357195
2026-04-25 06:00:00,28.971070150565158,0.0,71.78989284553755,88.37315992811678,18.347692859402283
2026-04-25 07:00:00,29.772274408014457,114.20364755893871,53.464091438157624,80.1147617862066,11.350784235830922
2026-04-25 08:00:00,33.40086001566845,288.9368679967794,50.74710542648683,73.09120040005482,5.718273366339462
2026-04-25 09:00:00,33.11059043852949,309.2743216234911,65.02634085886177,85.71225331971897,18.18861791722708
2026-04-25 10:00:00,34.92038861207361,438.68926174164915,52.12416940585612,79.91162050377163,12.983276278668404
2026-04-25 11:00:00,32.8547115908405,468.2460246084967,61.95904932902462,92.99146920099706,16.969029682618782
2026-04-25 12:00:00,36.79378893037627,568.8308791909745,42.00337965657844,79.4759949450827,11.054002257936958
2026-04-25 13:00:00,35.78429743068426,547.1917925194582,44.696847259465244,82.78699027474882,9.061747396525329
2026-04-25 14:00:00,34.00762315153481,381.74927725233505,67.4524020118841,85.72580808008232,15.155615443533286
2026-04-25 15:00:00,33.92632458308917,277.3693202296354,71.2216136277012,83.77880447059982,15.675620746337898
2026-04-25 16:00:00,33.24618330060191,279.92334215230835,43.13641996210955,77.40910975605435,11.037217883653337
2026-04-25 17:00:00,29.338898143180447,150.83872460103228,67.98047715420607,92.04907817562339,18.653136100582806
2026-04-25 18:00:00,31.964052592010948,0.0,49.930227401080636,85.47689371205708,16.278388173449528
2026-04-25 19:00:00,29.117021705201907,0.0,58.1688401396144,76.78151204623197,15.167497984977464
2026-04-25 20:00:00,26.367544659414136,0.0,79.17542873346946,83.64569453644702,9.518882837132786
2026-04-25 21:00:00,24.82177457360999,0.0,70.03357100695399,81.86974710296761,8.498242448565748
2026-04-25 22:00:00,26.735977678083724,0.0,69.85934231694264,92.80493764888813,18.289037455613016
2026-04-25 23:00:00,25.22775545815642,0.0,86.55311787346426,83.2472463465529,5.574277545298852
2026-04-26 00:00:00,25.48130214559624,0.0,46.995909260962264,85.90922153929294,11.985877935910318
2026-04-26 01:00:00,25.058955761262343,0.0,42.76597475182105,82.97443717178709,12.724876129651358
2026-04-26 02:00:00,24.22022715693346,0.0,46.72226532328037,82.83159769095263,10.377260500895952
2026-04-26 03:00:00,26.979590192758334,0.0,53.736583575610005,81.07223671393,12.545544208384984
2026-04-26 04:00:00,27.097125290888926,0.0,22.23584016233083,81.48747597222734,12.79298035136591
2026-04-26 05:00:00,28.531627281830833,0.0,54.44267582625707,83.94826551408491,10.373250844826192
2026-04-26 06:00:00,32.944024489201766,0.0,49.385538398285554,74.23373687187241,15.994918161563328
2026-04-26 07:00:00,32.27780607639124,75.18163514080527,69.31049588767621,80.47934020233423,15.795426932875815
2026-04-26 08:00:00,33.55871535446982,267.80734154734387,62.840390061859836,76.50250134932956,12.422185080142732
2026-04-26 09:00:00,36.92613494338608,380.0287740598463,48.543649960169176,86.64866324618428,9.12145724394195
2026-04-26 10:00:00,34.683994024540866,426.6337068844038,66.4035120571528,92.56955419876746,12.95753210715419
2026-04-26 11:00:00,34.83916990061397,398.3161045408511,68.40304527406578,91.35626840065386,21.86283317632963
2026-04-26 12:00:00,33.970951417575904,566.4505316227768,46.02591252983807,79.74516928957803,9.27158075339131
2026-04-26 13:00:00,34.09523268753431,557.3571216545163,50.15873554597295,74.34350537189597,18.631059678183295
2026-04-26 14:00:00,31.522813094194035,599.5461739830482,24.173651570239493,70.0949343657944,4.187956391742699
2026-04-26 15:00:00,34.417005218165805,430.02272358567035,41.194199761169955,74.24163314884728,8.616565081841092
2026-04-26 16:00:00,30.706923675280997,310.7595693662352,46.417055970355555,80.81976037158576,10.15033399253654
2026-04-26 17:00:00,32.32157297383961,113.61472615324438,58.66659202579956,90.80562571852195,16.729684524761005
2026-04-26 18:00:00,29.79798714973577,0.0,43.373359186312,87.34123160698174,12.390096581505288
2026-04-26 19:00:00,28.72630207546559,0.0,49.8523195709726,79.76245374186065,17.732902060915016
2026-04-26 20:00:00,27.2988426625968,0.0,39.17413915297024,68.56591614942329,10.628138026172875
2026-04-26 21:00:00,28.12028382339964,0.0,60.12080785467829,79.02720645227782,12.790601278560127
2026-04-26 22:00:00,27.096069020779684,0.0,63.939818295482844,91.91354872360542,11.882265475572268
2026-04-26 23:00:00,24.986733012988168,0.0,63.58957960300657,87.35752851244392,21.28508410469799
2026-04-27 00:00:00,23.755414489894374,0.0,57.364199534079184,83.04950664862405,8.387244256702925
2026-04-27 01:00:00,26.29554649471797,0.0,34.06268760797938,76.49451188603943,9.670346616353285
2026-04-27 02:00:00,24.32704530746963,0.0,47.879477597107524,78.61655773757303,8.482124677346892
2026-04-27 03:00:00,24.367266204845315,0.0,51.06918247072302,77.14333893745477,14.846709007723987
2026-04-27 04:00:00,28.071974618265706,0.0,51.12935286169091,92.98185909250155,7.9924286148648385
2026-04-27 05:00:00,30.214061462063253,0.0,58.30350082534784,92.68618220251635,20.203760896300572
2026-04-27 06:00:00,29.39750907109962,0.0,78.56190314106557,85.17151804472836,14.250814698254427
2026-04-27 07:00:00,31.744088009449452,91.31390285322733,69.36022574576928,77.85908485534064,15.117531576095612
2026-04-27 08:00:00,31.88374383397265,340.45880068228337,42.366015857769874,80.704034114121,13.970710786881039
2026-04-27 09:00:00,34.39824504845596,328.8472873546175,67.35482568494979,84.99162903419729,13.28750428163699
2026-04-27 10:00:00,35.67778540048973,366.51632837402786,66.78331807048633,88.53487326271494,13.825823362236154
2026-04-27 11:00:00,34.412024141850374,526.8610595843969,45.08777046122682,84.43317347403698,12.59331362181355
2026-04-27 12:00:00,33.58823568419237,413.34204551352036,69.91177139503188,80.6395793386352,15.572561109129706
2026-04-27 13:00:00,32.85960913728201,492.7521215235649,54.77313301632134,89.21543181398866,9.449180385186894
2026-04-27 14:00:00,35.457641770352176,598.804466300304,36.02948020528362,75.97291344385577,7.833162019824279
2026-04-27 15:00:00,31.982117255944225,322.0789921365201,64.00682342505742,88.29393756847264,16.484213487724496
2026-04-27 16:00:00,32.907751302794736,212.1998559291245,60.43320990971816,82.91481210194821,13.013989335188251
2026-04-27 17:00:00,32.22884420371954,134.2694164632894,53.76361811771287,87.26902875409364,4.662371735725788
2026-04-27 18:00:00,29.272427347115954,6.608461709450087,56.6169862807508,72.00190885596506,10.930089076506599
2026-04-27 19:00:00,28.413950458485115,0.0,46.39250037217336,85.07769974092948,18.43952225895843
2026-04-27 20:00:00,28.722876270990465,0.0,66.33074011245694,82.16465608151788,12.675028567472069
2026-04-27 21:00:00,25.33793395976374,0.0,56.5270230378664,84.74838716232593,10.702385871696633
2026-04-27 22:00:00,24.411367683765143,0.0,59.67551521472371,91.53068844501483,7.004600430042084
2026-04-27 23:00:00,24.789782070214528,0.0,62.53591142193338,81.94976066570243,10.855471528575826
2026-04-28 00:00:00,26.65473977328789,0.0,39.47663887887375,75.12088556090244,7.318818143658187
2026-04-28 01:00:00,27.25777460412795,0.0,43.38117776703784,78.94673570627586,13.885877199302763
2026-04-28 02:00:00,25.53490836709346,0.0,23.646256201025487,73.9559757005381,11.379483774755712
2026-04-28 03:00:00,25.532161290197628,0.0,65.26655697262473,81.28600194892108,11.809476155910177
2026-04-28 04:00:00,28.876802313284067,0.0,38.61227273906713,79.90290692242233,8.881742369842264
2026-04-28 05:00:00,26.529273830917386,0.0,58.78396874370341,85.55745368508813,19.04496040339541
2026-04-28 06:00:00,30.315347422981123,0.0,62.36024646936192,87.4077018658161,10.296746172006204
2026-04-28 07:00:00,31.230460867410244,72.37322718639216,65.83071567865643,81.72525675033341,10.48514091782668
2026-04-28 08:00:00,34.1754295091703,264.8003649190358,38.73516938772774,73.88746606350361,10.964886307100585
2026-04-28 09:00:00,35.34251132005123,338.7989196937909,55.817998823158256,82.11013930948265,12.378424315446996
2026-04-28 10:00:00,33.09829320617934,346.77164731733075,81.84962940708486,88.32243586472973,16.02066667522466
2026-04-28 11:00:00,35.04106389015142,361.28506491624927,82.51014329503337,88.29218136664193,17.84728619974232
2026-04-28 12:00:00,34.2516676676746,458.1372764882135,71.60526950567288,83.27741911255406,17.00255623301081
2026-04-28 13:00:00,34.441756843655185,461.0519694556295,61.85782017755122,85.9983911900462,22.81246841339071
2026-04-28 14:00:00,35.12618443843616,514.3770219570539,41.718827262587965,74.49838063152242,5.3144454162883275
2026-04-28 15:00:00,33.093624859801835,281.4598746384973,67.57474747613442,85.36876889197343,14.302142691184606
2026-04-28 16:00:00,32.74555640607504,269.95611415130304,54.42510466406601,81.21260056292242,10.63922790217374
2026-04-28 17:00:00,32.5320023529649,113.27974255722428,65.2033472243613,85.30374553881973,21.299206835755584
2026-04-28 18:00:00,31.96316355352331,0.0,47.30277127248687,87.00756737876893,13.067552460937105
2026-04-28 19:00:00,29.074642275328294,0.0,54.20142640266969,76.66666023975854,4.59138272211638
2026-04-28 20:00:00,27.646548341740786,0.0,59.257633496414996,72.76079729677835,14.699736786066714
2026-04-28 21:00:00,25.01844219932947,0.0,60.4895944676765,82.4486750366004,14.09180948039976
2026-04-28 22:00:00,27.72486428401035,0.0,64.20126381217234,80.18505609105206,16.241046455690253
2026-04-28 23:00:00,25.80823556931986,0.0,48.107498327395135,67.14322668380825,9.511251564829472
2026-04-29 00:00:00,25.238993686783022,0.0,36.254867656593106,88.05962120311499,13.124052454853471
2026-04-29 01:00:00,25.342835882360685,0.0,80.77591003674307,93.24110330349642,12.956849939414496
2026-04-29 02:00:00,26.200623521649963,0.0,93.74294697359652,96.89142851888755,12.001699800560989
2026-04-29 03:00:00,27.52969475586254,0.0,63.115445106281825,84.27206794055428,14.526667669168923
2026-04-29 04:00:00,28.726116714120096,0.0,36.54425301729449,80.98123276101309,12.4383514238026
2026-04-29 05:00:00,30.861848263986307,0.0,44.80620768560299,78.50907269904928,16.440523156429823
2026-04-29 06:00:00,30.377396086016724,0.0,64.04089797401068,89.57521980272648,13.31000071138338
2026-04-29 07:00:00,33.636457835507954,83.15051539641797,76.52086861346544,89.08007613137677,16.241653767522553
2026-04-29 08:00:00,33.93694128827765,313.02223547269955,38.210774920118304,78.3295256506985,7.080804577033287
2026-04-29 09:00:00,33.51926413536275,367.4361597303156,54.539142125512626,82.85153638700318,18.305025773962036
2026-04-29 10:00:00,32.22444219689619,462.88476303341054,59.34311540490568,91.3793601595044,9.85835308203238
2026-04-29 11:00:00,35.00276109998175,435.6325902193362,69.37281120753427,86.97944336310843,17.08036258374586
2026-04-29 12:00:00,37.08792217130774,542.111555422494,51.25011802224046,76.1512951612923,13.614980909349878
2026-04-29 13:00:00,33.883688087223796,648.8348682645595,32.94691406841727,78.88512991114487,12.192640628150722
2026-04-29 14:00:00,34.499229485573835,343.03609954275646,65.72209783003969,87.75084332215567,16.327486538118915
2026-04-29 15:00:00,33.81221951300137,273.7488704585756,73.27607391581472,86.57363627873855,5.103876919737621
2026-04-29 16:00:00,33.786665594330884,267.1353109910837,55.165262512068736,82.51280096740086,10.464165835055388
2026-04-29 17:00:00,30.851841238344644,150.8327691388885,62.482735807842616,79.7118271768385,16.108655100571447
2026-04-29 18:00:00,28.931702151958447,4.994233366394909,49.28676599684009,82.5173144085939,20.152710789387434
2026-04-29 19:00:00,29.508808596028576,0.0,43.71754251735773,74.48065760672117,12.088444252586594
2026-04-29 20:00:00,26.59549790020144,0.0,71.80051964645443,86.75692750276836,3.8395091919918602
2026-04-29 21:00:00,24.140210161232844,0.0,62.21657215546306,82.63649763928737,11.841952705063953
2026-04-29 22:00:00,28.124257507784357,0.0,63.75966342927438,90.68580829799541,12.94738374160091
2026-04-29 23:00:00,26.4374117542838,0.0,78.93586165816535,97.56806965565735,18.38463052591398
2026-04-30 00:00:00,27.577846792579855,0.0,40.18239735826313,74.23730069393505,12.202491995550833
2026-04-30 01:00:00,26.43603011901237,0.0,47.724638350650395,81.99265297644412,7.2793314395398845
2026-04-30 02:00:00,26.683790050815507,0.0,58.374032605562164,83.08914280480728,16.772687823526947
2026-04-30 03:00:00,27.074305089051236,0.0,47.5403338066231,84.19612974748067,14.650283974040335
2026-04-30 04:00:00,27.38760590550655,0.0,67.75208040212848,87.36108751153901,10.591229326526818
2026-04-30 05:00:00,29.501086002501534,0.0,53.19404405948197,80.98647089523753,15.539192618087649
2026-04-30 06:00:00,29.41024044185118,0.0,41.117040260583885,80.38647661020806,9.869394661324888
2026-04-30 07:00:00,30.03353997282713,130.24830048941274,56.99160750085665,82.71961458960159,11.656748201181784
2026-04-30 08:00:00,32.19754910954011,270.7708125178246,58.56011393514355,91.80606912646537,10.80925236386452
2026-04-30 09:00:00,35.34391655622706,291.8558998453411,70.02526331648669,82.28650153250223,12.26149858524659
2026-04-30 10:00:00,32.85744099745688,389.30228696829795,61.90214592025309,85.88435386323039,16.722148347058575
2026-04-30 11:00:00,33.37760015694273,486.71977919438757,62.922228243439264,87.32208439742483,6.002969819356888
2026-04-30 12:00:00,35.89814458306418,497.0885686869275,60.8094076331501,86.06001631716137,17.456987756470014
2026-04-30 13:00:00,34.41946948721519,541.0246704856396,53.18169455366277,80.69305557350333,13.364384135370345
2026-04-30 14:00:00,35.09071324916701,523.6516062578725,45.26174564637276,86.94319909617025,10.702745885799656
2026-04-30 15:00:00,34.95179123891353,400.98537307391734,60.33760764793237,73.44721493237229,13.099932728753474
2026-04-30 16:00:00,33.22943490107275,301.5714121759215,51.00816088478712,76.34794362991573,8.914504190893526
2026-04-30 17:00:00,30.601618644768134,75.26572201255831,81.35237167965695,93.11569983249481,7.540724612641604
2026-04-30 18:00:00,31.797256622624698,11.756699180789619,76.13776679464002,83.91431516705354,10.283775372735096
2026-04-30 19:00:00,29.800106933409474,0.0,65.49761935831586,81.26183907069715,5.692923729980948
2026-04-30 20:00:00,27.664318881983963,0.0,61.682036462436514,82.98488336201146,7.673533186842286
2026-04-30 21:00:00,26.565851107536815,0.0,54.68564660832407,79.80831735616101,6.243276058323932
2026-04-30 22:00:00,26.285505953935406,0.0,37.088176402834705,82.56466326050476,16.74968415736855
2026-04-30 23:00:00,24.894234729756374,0.0,52.76244902321225,88.02850096781638,7.501277862225684
2026-05-01 00:00:00,23.075492162554216,0.0,57.11923550145624,85.31006170320289,12.690976360928124
2026-05-01 01:00:00,26.34163420438513,0.0,59.04008211704732,90.13190725373912,17.41895078089419
2026-05-01 02:00:00,26.763897172600625,0.0,62.64128050561477,78.76356304951962,16.532419384276132
2026-05-01 03:00:00,23.669138604351815,0.0,69.41818796854267,88.23361473954252,12.290365165683996
2026-05-01 04:00:00,28.35993725114472,0.0,45.21592392498438,87.83975782280329,11.098491033137327
2026-05-01 05:00:00,31.185391640734316,0.0,45.35210089224222,85.59449549482902,12.988208053625371
2026-05-01 06:00:00,28.730128406564692,0.0,77.36108519652477,96.26222243906268,22.316967211309148
2026-05-01 07:00:00,31.39487481304497,171.11315328652262,67.16295883827462,83.18128016458465,15.010336837034497
2026-05-01 08:00:00,32.459481257316014,294.1392297639103,49.736670868377566,86.2011946505913,15.15971320667406
2026-05-01 09:00:00,35.89012768630518,305.7943919875215,53.990067466093834,80.03011702456942,21.76509058347122
2026-05-01 10:00:00,35.98341644201654,525.802913190349,54.057525800253906,85.14263350313175,13.814181755496561
2026-05-01 11:00:00,33.883746406669474,454.2576082930353,56.071846834598134,89.5397838575595,17.395028140475322
2026-05-01 12:00:00,35.64081234605638,472.1449343938648,62.688481383956585,80.40566039112602,15.04532510393904
2026-05-01 13:00:00,38.01916116909642,248.22411210761084,93.62312619187486,82.47408946953178,16.533786624802353
2026-05-01 14:00:00,33.714065015729005,417.53995117801827,58.44458341781717,92.84186284480356,9.068873502182335
2026-05-01 15:00:00,33.7170922528659,332.17299983469564,65.53720725675615,87.81737407062089,8.760252015183816
2026-05-01 16:00:00,33.363617760224194,286.84645992530733,30.301084407525245,76.08533064503806,9.46578839198883
2026-05-01 17:00:00,30.697082576567865,144.22823348216633,48.32473510869486,80.71658516493635,15.943977623138691
2026-05-01 18:00:00,32.48822227618086,28.683560568534073,74.03046004112646,77.20342228417783,17.039387622713544
2026-05-01 19:00:00,28.287494249809114,0.0,61.63296587072662,86.25877334167888,18.414393412391213
2026-05-01 20:00:00,25.890312597828842,0.0,0.0,67.51362680174583,9.955585260849961
2026-05-01 21:00:00,25.978047709166383,0.0,65.70858303512034,86.84281284769158,15.436396812512859
2026-05-01 22:00:00,26.714857358810125,0.0,84.37070091980893,91.2869110793055,16.386517414628244
2026-05-01 23:00:00,24.328802770764423,0.0,25.659621208580486,59.92679080988591,10.853004210523016
2026-05-02 00:00:00,25.654587300309863,0.0,77.97467783282312,92.1453066494334,12.612595194851767
2026-05-02 01:00:00,26.163414535521454,0.0,13.604528238751513,74.47146736218598,4.740233401150341
2026-05-02 02:00:00,24.359986821156884,0.0,69.25384687394164,89.32581372423859,12.852554085606473
2026-05-02 03:00:00,25.9933813059774,0.0,55.05413330795683,82.99742749337483,12.336704589837336
2026-05-02 04:00:00,28.21539021218212,0.0,19.93429446947119,75.04588194378327,15.53426408169049
2026-05-02 05:00:00,29.880768677274595,0.0,61.875930106737236,85.9009093046417,18.02576391931372
2026-05-02 06:00:00,29.561308869084698,0.0,72.44645893542132,89.09873382293486,14.205176269321267
2026-05-02 07:00:00,31.75312732361767,131.72700486610609,60.64216775546404,86.82550384842862,21.28564110419116
2026-05-02 08:00:00,32.39261097011313,272.28246655410936,63.95627725403463,86.59399129675683,13.95776179976614
2026-05-02 09:00:00,34.74346722275614,397.1548454830657,49.00872101305451,90.339304309345,16.582117323381407
2026-05-02 10:00:00,35.26709276662012,574.5887073157094,27.26301636982511,71.94561528335583,10.96285431104785
2026-05-02 11:00:00,34.605829306473595,455.3018122132606,65.5618230331964,83.3748083368396,8.717487992502903
2026-05-02 12:00:00,35.88370510133763,358.4539777156342,81.43017148983488,97.48976926102233,12.370631383737184
2026-05-02 13:00:00,34.55497934289746,402.450440231461,72.12757551155232,86.125633993127,19.502582679802096
2026-05-02 14:00:00,35.18642565436824,626.9927573030012,25.365725254120246,79.77165675762161,10.211478073937995
2026-05-02 15:00:00,34.40994490966333,488.4275421878012,32.46044658997643,77.68114426985728,9.75702968928669
2026-05-02 16:00:00,35.84408858192169,302.9573120100743,42.49434657118033,78.15791417355841,12.10845386269202
2026-05-02 17:00:00,31.11868240555989,172.81464374865064,31.289230928938288,82.1357464877112,10.006473194268041
2026-05-02 18:00:00,30.07807906173009,51.58853726183483,55.846711491481024,86.09207880058098,17.56737183615959
2026-05-02 19:00:00,28.126231788760265,0.0,61.08509977584828,77.43229098807382,20.596073783116413
2026-05-02 20:00:00,26.419057287656678,0.0,33.730063449504925,79.38712311149273,11.710242754664629
2026-05-02 21:00:00,26.13279554717975,0.0,66.84078958727336,81.86496969287258,15.503862201621445
2026-05-02 22:00:00,26.79623197964805,0.0,64.20042185844065,92.43643367392818,17.09752155364456
2026-05-02 23:00:00,26.390798954091387,0.0,46.96147582548489,90.59969932082812,12.782266424379928
2026-05-03 00:00:00,25.710816524149088,0.0,52.17420829600196,92.60679059533292,9.097062064429828
2026-05-03 01:00:00,25.112309249921335,0.0,25.515020450966244,78.44947635274346,9.637980600473075
2026-05-03 02:00:00,25.354918225423315,0.0,49.778105741455605,80.38345045977829,14.136997098255915
2026-05-03 03:00:00,25.59901915652219,0.0,54.872812697716604,85.53714203007806,14.31888933941001
2026-05-03 04:00:00,27.10247884480365,0.0,57.29325201418456,79.60931849342185,5.695908426243908
2026-05-03 05:00:00,27.348671023670995,0.0,60.445191766064326,96.78649129017688,11.275775541478763
2026-05-03 06:00:00,32.09164853149392,0.0,58.4256642342203,89.81445393289758,9.97325490211229
2026-05-03 07:00:00,34.008824883786815,142.4858399089823,50.79688262677666,83.1705286795862,16.06901125760657
2026-05-03 08:00:00,30.309811146505652,234.63722446930106,59.05496222407647,89.25251486162611,10.159784377371794
2026-05-03 09:00:00,34.23800936119409,255.43061392708435,69.79251798541543,83.90380746786792,11.645039377359168
2026-05-03 10:00:00,35.011059286940586,431.3846810223537,53.32956698611705,76.59094239747591,10.68211248986816
2026-05-03 11:00:00,35.427513283968075,464.7631246292195,59.52596144823687,72.55109641609687,16.1416248474603
2026-05-03 12:00:00,34.55586510847865,525.0405794607964,51.96947214579994,82.27427207717636,16.473850933975516
2026-05-03 13:00:00,36.4853300038833,577.4423005538625,45.06065433856815,78.80159196531041,14.227326919910306
2026-05-03 14:00:00,35.19018023702988,437.0470651305339,62.60523308952578,87.01922764229275,17.55589938776455
2026-05-03 15:00:00,35.20632491214128,408.1737863616777,46.43364892320864,80.44282699620572,17.263343119487445
2026-05-03 16:00:00,31.86766715281891,282.2156875463284,60.55424160064457,86.7778366334484,5.7864775189116555
2026-05-03 17:00:00,29.822390305512855,116.91979663621238,55.185868658412396,87.42852562125336,15.126938833905122
2026-05-03 18:00:00,30.891809914512184,0.0,50.203017937959565,74.6660774788959,11.030956171304341
2026-05-03 19:00:00,27.780510656979224,0.0,49.83989560356181,86.68739585246013,7.465001158692251
2026-05-03 20:00:00,29.19741221363959,0.0,47.14022319952642,79.42254270104813,11.078073233574898
2026-05-03 21:00:00,24.02629111143294,0.0,30.07502050442651,80.55270572968695,14.427193890197133
2026-05-03 22:00:00,25.387203843760517,0.0,60.5054645131871,90.479419675872,18.84626237323182
2026-05-03 23:00:00,24.696105192661232,0.0,58.235240464936524,90.04986554243979,7.531362612538078
2026-05-04 00:00:00,24.95806337798588,0.0,67.07793977465793,87.72153951860433,15.827560169585693
2026-05-04 01:00:00,25.899952674474516,0.0,46.361032453328605,82.64764434553004,20.180567447637884
2026-05-04 02:00:00,26.575132450247313,0.0,82.76364037008054,95.214201385102,21.461196618665443
2026-05-04 03:00:00,27.686277989444058,0.0,48.636846770186025,74.55038919207156,0.0
2026-05-04 04:00:00,28.871635285944212,0.0,41.206241355010086,75.26291977112585,20.775832355095037
2026-05-04 05:00:00,28.873074505981794,0.0,39.42761219029055,78.17965823156577,15.815545023957242
2026-05-04 06:00:00,33.13146868258609,0.0,28.32404993948559,69.49732179431292,2.1866715856652608
2026-05-04 07:00:00,33.48746567202438,148.6174457216552,77.32230437382745,86.99887242246031,10.803471330727112
2026-05-04 08:00:00,32.484568332007925,238.38483905515278,74.89889684946046,86.27029422688769,18.77600115751842
2026-05-04 09:00:00,33.74775111851586,335.2202960945597,63.344063431201896,85.25938612282897,14.608345243072947
2026-05-04 10:00:00,34.287317900779556,538.9051646877542,40.89155387129382,78.84537363717165,9.748754774392523
2026-05-04 11:00:00,35.69207034183179,336.40823328939445,81.50190121131732,94.41840739859174,14.340946036073138
2026-05-04 12:00:00,34.126633833181984,570.8093062804958,49.05709856510568,84.06030303876469,14.636530602516139
2026-05-04 13:00:00,34.1933834446119,523.7812967864313,50.29749851953074,81.14021073600259,10.197799089660087
2026-05-04 14:00:00,31.90270391225119,344.4503323231382,75.89177219447167,86.57122568585758,13.28611898643562
2026-05-04 15:00:00,33.4074287508953,379.6151585969687,64.21654475514362,84.85523132659921,16.79849566300127
2026-05-04 16:00:00,34.2743399515339,161.86668150448733,87.34943306924943,90.59690206003906,11.564195376401761
2026-05-04 17:00:00,31.486516911685992,106.11881260067901,58.06371989271582,96.43673389085198,7.475233215397665
2026-05-04 18:00:00,30.265142488444127,0.0,48.377423994249654,74.31694856153983,9.86962229388985
2026-05-04 19:00:00,29.457664673867253,0.0,45.15581273603359,76.28892826743669,8.702141186871978
2026-05-04 20:00:00,26.587244349734025,0.0,26.62794333007112,71.35426950658271,8.911928555808469
2026-05-04 21:00:00,26.887491182872466,0.0,50.15394939583746,83.90172209066314,5.597862863002731
2026-05-04 22:00:00,27.21745433759397,0.0,71.50178607034124,88.99119510010722,14.51757326387522
2026-05-04 23:00:00,25.959055997517925,0.0,63.31539857777156,83.11963227734527,16.636175116542898
2026-05-05 00:00:00,26.72448424850137,0.0,54.20115349606311,88.0722040723453,9.463147308773681
2026-05-05 01:00:00,27.266612444565062,0.0,38.972516740412075,81.55142164064951,9.340748938368952
2026-05-05 02:00:00,26.9841097690681,0.0,57.299628667848076,89.01779227496134,12.115435424121786
2026-05-05 03:00:00,25.989959060494332,0.0,69.08873897558762,93.44096264937733,9.809215750764078
2026-05-05 04:00:00,27.505494125154808,0.0,60.357322244706786,74.35828201270036,16.952996404454904
2026-05-05 05:00:00,31.66971038120517,0.0,56.397560942157405,86.8270170484649,9.265233206418962
2026-05-05 06:00:00,30.861289165188193,0.0,41.942168598438926,73.45604641284696,9.993510567406453
2026-05-05 07:00:00,31.982208890077867,154.0804372101723,66.9042606093372,87.22579694199578,10.292141277229097
2026-05-05 08:00:00,31.834922955375003,411.37974074693494,6.917961116494304,70.63977181018033,14.375806528208912
2026-05-05 09:00:00,33.869504501493964,364.3988318874972,59.639219030634194,83.72831032554423,12.05764531114828
2026-05-05 10:00:00,35.714282778781964,288.27516511892543,92.451363111826,85.78259169272803,22.595005302566527
2026-05-05 11:00:00,35.301798652951895,680.1590966109909,31.27093258767931,81.72489603091087,12.97860532692434
2026-05-05 12:00:00,34.77767839255531,575.0184742696764,50.27599157713652,74.94987124859664,17.14752470789424
2026-05-05 13:00:00,34.908897217474845,513.2268468876151,53.77786854578612,86.01080061068829,11.391804508299316
2026-05-05 14:00:00,36.33237003020427,500.506160384853,46.95779118680836,73.18014034881536,8.577407487944967
2026-05-05 15:00:00,34.8565190602574,340.80474466310244,69.4421470360417,86.09277865243489,13.339463897470244
2026-05-05 16:00:00,33.64712239278205,281.001474065311,60.98329861298653,93.27071265219013,10.332990634782616
2026-05-05 17:00:00,32.320112104007016,120.99976905155474,56.181038985866806,95.05539567239609,4.814934844085038
2026-05-05 18:00:00,28.914931150855356,0.0,65.85562181519622,78.08307149132435,17.3468603387372
2026-05-05 19:00:00,29.512828685122592,0.0,54.14779403373315,79.63733302474827,12.838361737531292
2026-05-05 20:00:00,29.341279818260308,0.0,100.0,92.03550149604112,12.198790222442234
2026-05-05 21:00:00,26.578138188342095,0.0,56.16673740250813,95.3802315399804,14.313423416570833
2026-05-05 22:00:00,27.393399560008028,0.0,56.825764875002584,83.8057981238267,13.029018748003153
2026-05-05 23:00:00,26.332035700493403,0.0,28.239512654057886,82.53339323956115,17.051138433294916
2026-05-06 00:00:00,26.590540118865025,0.0,45.301354529141534,82.88529328528475,13.996334766894456
2026-05-06 01:00:00,25.75115372462017,0.0,70.66377466569003,81.85720809272888,12.905511607668204
2026-05-06 02:00:00,27.336999634201856,0.0,33.4212566832948,69.00575371043517,14.44477527003247
2026-05-06 03:00:00,25.074945420161736,0.0,21.08975182416357,72.49573739541812,10.910630953763432
2026-05-06 04:00:00,28.057654859766696,0.0,53.937841506506516,94.91017825651207,13.432223194111184
2026-05-06 05:00:00,30.14738951742948,0.0,74.01427705081755,89.31952713533663,18.605380997291807
2026-05-06 06:00:00,30.899754807661047,0.0,54.088827869134775,88.20911354481322,8.030153061913259
2026-05-06 07:00:00,33.23297140185915,173.21313223302823,48.41124039929774,74.07665158107997,8.967467566153324
2026-05-06 08:00:00,32.810336950786315,348.68556316908666,25.57579037257819,73.89628747262952,9.60136269699709
2026-05-06 09:00:00,33.33840747456747,330.17778867865275,60.23692127922579,88.0026888167876,11.919730668596454
2026-05-06 10:00:00,32.71389494355243,377.6387610987443,63.372236071938566,79.53013998401678,17.79476823536024
2026-05-06 11:00:00,34.98933810450188,747.6900567769372,26.727121952176386,75.16354281570469,5.677558567692515
2026-05-06 12:00:00,36.18650285440726,413.6770841685234,70.47109616915117,81.84096802948662,13.405555271078445
2026-05-06 13:00:00,36.33350562286049,423.85940750888227,64.93854232707453,88.9667816579424,11.043814688147638
2026-05-06 14:00:00,33.02575118631067,385.12551738421666,70.43784857690306,88.69818219524865,20.32382216309785
2026-05-06 15:00:00,35.57802199369867,304.6021725910955,62.20598581619302,87.68172024866578,16.645689305528304
2026-05-06 16:00:00,31.747818356072678,216.4963585044827,63.25835007086267,89.45778994330779,14.117686612385967
2026-05-06 17:00:00,31.65116806537085,152.88576331334502,61.26392291921898,83.47993150397129,16.938566937706018
2026-05-06 18:00:00,29.775104127386506,11.60526487048455,66.48019426121083,91.21994155578105,8.046250025894285
2026-05-06 19:00:00,29.762895047010808,0.0,26.171742901834115,73.1792607174516,19.418605082958017
2026-05-06 20:00:00,28.136862556345704,0.0,30.93721793437017,80.69237560732053,8.179445493613203
2026-05-06 21:00:00,27.86039063958936,0.0,42.41299093584632,70.61942273754251,17.14844930019865
2026-05-06 22:00:00,28.581384403500813,0.0,51.50580686360459,78.90746310892997,14.781894551565266
2026-05-06 23:00:00,26.202144507004736,0.0,59.27516328831558,96.51748516393631,14.02105743001131
2026-05-07 00:00:00,24.8255372025442,0.0,57.87297012575437,87.8493516347094,17.754546936933433
2026-05-07 01:00:00,26.3449813371456,0.0,69.75933249916208,90.59482035686688,17.474294729699416
2026-05-07 02:00:00,28.77377473460512,0.0,70.23017480602688,83.17199783415249,13.941037416708422
2026-05-07 03:00:00,27.892929169813627,0.0,39.91696870291473,74.3742505203399,10.309453889717158
2026-05-07 04:00:00,29.304622424546707,0.0,56.58138697807869,82.47785255964219,13.321185181593528
2026-05-07 05:00:00,27.209476122388434,0.0,40.285272111494045,79.7042541863768,11.603037029105337
2026-05-07 06:00:00,31.078162911413308,0.0,50.17903975201812,91.50537143686024,13.924916875299884
2026-05-07 07:00:00,31.52089288337797,130.10088847714107,57.82961586304904,88.87396714296975,16.973839089584192
2026-05-07 08:00:00,32.191058412074575,489.1445207345521,1.8720641802462552,70.23399663956863,11.967877168105847
2026-05-07 09:00:00,34.08174211326485,200.8201219603846,89.17140592191689,91.55915418317247,15.198049127538809
2026-05-07 10:00:00,35.04657192737721,424.42523033832583,61.498875488283744,87.95843688674337,10.459076123311416
2026-05-07 11:00:00,34.5931403916245,586.2148178391958,44.067196196120534,73.28384866274456,13.501986731163719
2026-05-07 12:00:00,35.820223621040064,363.36421624788574,81.91329165577504,79.54853982011872,7.31193239034472
2026-05-07 13:00:00,35.17931663707551,549.870986407743,47.79127777002871,84.43786235138157,9.199534024421578
2026-05-07 14:00:00,35.81851828856186,492.85508229855384,54.99053611474248,82.78491960467697,15.174496099524463
2026-05-07 15:00:00,34.4066019317682,431.61815585023527,45.696008171357214,73.75242977933574,15.825548986852034
2026-05-07 16:00:00,33.563921099272804,217.2016398058947,77.7826228889717,77.98666331820226,13.806477479506368
2026-05-07 17:00:00,33.14252031757399,159.2093856052526,51.42797473273341,86.40494961974443,13.375360780562342
2026-05-07 18:00:00,31.296663350559697,22.34870804514973,55.245006838414255,80.55897638934319,14.24329495391688
2026-05-07 19:00:00,29.27321579686425,0.0,71.05947762270331,89.42519045368341,16.27871771613822
2026-05-07 20:00:00,25.3622182977474,0.0,61.77983718923777,84.37182642127948,12.283355273249306
2026-05-07 21:00:00,27.7075332187695,0.0,52.18752435031054,82.76955623922571,8.677534321792075
2026-05-07 22:00:00,25.059593420912375,0.0,69.65860991268356,84.74445984612096,15.031627958275788
2026-05-07 23:00:00,25.633482429213,0.0,91.0799937687409,92.59242595594989,22.38722061048129
2026-05-08 00:00:00,26.11717915749925,0.0,57.30673106552072,87.34447207471801,9.175525177502223
2026-05-08 01:00:00,27.538126676144774,0.0,54.2969756516179,82.11488231092164,12.207195508917712
2026-05-08 02:00:00,28.699710699624635,0.0,55.104980587815625,81.85717073815017,11.210263277093427
2026-05-08 03:00:00,25.90170039779596,0.0,72.20201684600217,91.25293860921444,23.262894357764367
2026-05-08 04:00:00,26.424196337390335,0.0,43.55760830803557,84.34667212038723,8.334978682931776
2026-05-08 05:00:00,29.764155171091808,0.0,48.370810937854486,75.99062838940976,11.776708611013435
2026-05-08 06:00:00,30.949974156910802,0.0,29.483930096629784,76.63394219136548,10.015451696534933
2026-05-08 07:00:00,30.36647466087281,166.79998144036102,34.7875563939298,75.5731038501843,6.721991112075353
2026-05-08 08:00:00,33.11323417415243,313.00676435418535,44.77857429305985,80.34624832693213,7.004292678988837
2026-05-08 09:00:00,34.94715521206506,359.47539554121755,51.70651942262306,88.90439101486076,14.858859580370046
2026-05-08 10:00:00,33.36574785675113,353.3862745781635,79.08182422008119,90.610430411573,16.788702834429557
2026-05-08 11:00:00,34.171486198336694,490.1434030242372,60.585466407407765,94.89186821688355,10.7912727480581
2026-05-08 12:00:00,34.79741016069061,643.2374615023134,38.864396680682496,79.64446029474264,17.579205444098022
2026-05-08 13:00:00,35.18850888440244,649.5356526808155,41.62586705306767,78.34589788637041,3.078040884726425
2026-05-08 14:00:00,35.86710805309183,356.3810371116385,73.16680458198923,86.86322260723114,8.624451135679422
2026-05-08 15:00:00,33.74592710694644,323.9882322548972,69.44472956296728,87.06244257344115,10.173354019566014
2026-05-08 16:00:00,33.2067299504934,277.6384364371082,52.96782298689245,83.92520339392034,12.612578046319495
2026-05-08 17:00:00,34.84894448148609,158.92276625597336,45.90767735044692,75.33974089339137,10.491755442632963
2026-05-08 18:00:00,29.391614709179166,55.545097616069526,69.41956686909904,85.83034855355832,12.666789912472051
2026-05-08 19:00:00,28.49183143465726,0.0,37.6456674326591,75.56566159178773,13.822506515807286
2026-05-08 20:00:00,29.016333613239727,0.0,58.42603030439225,89.45216778649711,18.749579360629987
2026-05-08 21:00:00,28.383740319201394,0.0,86.63545919692936,81.82296062726957,17.541495745014117
2026-05-08 22:00:00,26.84393219347914,0.0,55.625909567301264,84.71440265340826,13.0059091548916
2026-05-08 23:00:00,28.156846784611133,0.0,40.911432144605335,72.46348208114736,11.72500537642509
2026-05-09 00:00:00,26.10603253474046,0.0,58.23726228164153,86.85460071632882,17.31750935628486
2026-05-09 01:00:00,23.294775899398783,0.0,45.031600956338245,79.8191593334506,19.788519342852716
2026-05-09 02:00:00,26.489307194166248,0.0,31.169994085267245,68.78512961086665,14.111671476445238
2026-05-09 03:00:00,26.415527202147373,0.0,62.59727214465006,90.44814173707042,11.16944530660631
2026-05-09 04:00:00,29.992295092919164,0.0,68.8492477498143,74.18153170970022,14.47937493331883
2026-05-09 05:00:00,30.653255877373805,0.0,47.41813166047987,81.14944710651025,14.692155429389448
2026-05-09 06:00:00,28.626741810008077,0.0,46.42319663012436,84.81774043368107,10.1005766136842
2026-05-09 07:00:00,33.74284852758328,182.59286322786235,37.658250874741015,85.28679400484235,15.345930566502481
2026-05-09 08:00:00,34.41451791884524,263.6075392905538,49.83269773455496,73.29521275787981,13.547801146833956
2026-05-09 09:00:00,33.80707295750854,454.24525151109214,43.6462059977206,77.31037128533134,16.840942675110693
2026-05-09 10:00:00,34.92149237565362,600.9853665070602,36.91624144101963,83.45910164211207,7.938844762142623
2026-05-09 11:00:00,37.332799104329695,374.5963649424658,80.46426419756256,94.32234969853721,7.057302738312919
2026-05-09 12:00:00,33.130374328899435,523.7941391225007,59.07912399281107,90.25394245312373,11.382940757176502
2026-05-09 13:00:00,36.101986357403824,454.3941710045389,60.667658362008744,96.6095234577779,13.128330477240915
2026-05-09 14:00:00,36.44489936399161,436.4832165657019,65.33272527555486,82.37298201063723,6.0630250854083965
2026-05-09 15:00:00,34.113546785413966,386.9430467854294,63.64727499296554,86.70669628094872,10.748530514259569
2026-05-09 16:00:00,34.0356225764912,306.53024373554905,45.88508244961774,78.68660472459239,17.42847612326581
2026-05-09 17:00:00,32.12153594244465,122.75045571588373,56.170021086140466,73.39870610513915,14.941635228520907
2026-05-09 18:00:00,29.67408876878138,0.0,48.04627447765856,81.16044073733443,12.955224311203668
2026-05-09 19:00:00,28.34750557125574,0.0,58.65868611321836,74.49072324942028,8.709796559193922
2026-05-09 20:00:00,29.11884786699972,0.0,57.20709503094093,81.3798039559084,17.861482613252612
2026-05-09 21:00:00,26.331387170274542,0.0,46.34182782860543,74.34495829147887,10.64770839371279
2026-05-09 22:00:00,24.381257580570196,0.0,32.14225089774148,80.62265976114074,11.98708985297518
2026-05-09 23:00:00,26.022828987199482,0.0,54.27528759605108,79.8227661232111,14.343371969764485
2026-05-10 00:00:00,25.083762796220455,0.0,48.54731249281481,73.49822353448582,13.112370596882203
2026-05-10 01:00:00,24.362298949222556,0.0,23.255771094292918,80.53789124718665,17.12990113364506
2026-05-10 02:00:00,26.51391328754558,0.0,59.22628134325505,81.86072573386849,15.261769357383331
2026-05-10 03:00:00,28.21269449965988,0.0,66.09148649356592,84.18045688627419,14.657943613869445
2026-05-10 04:00:00,28.276963726928365,0.0,89.53670193805854,87.30384460754144,14.131116795758098
2026-05-10 05:00:00,28.070560305081443,0.0,45.743392260114376,87.02064495418027,14.014793865717222
2026-05-10 06:00:00,31.377113274604138,0.0,43.53067636168828,81.57869710174485,11.336548797898217
2026-05-10 07:00:00,33.390567165691515,193.85448364609795,34.97003935333567,74.71848244104592,12.506018126624774
2026-05-10 08:00:00,36.12771305576552,274.1723967345086,54.7409834072294,72.74591113418566,11.370191673288385
2026-05-10 09:00:00,36.16069978875765,349.9247932069535,54.64612751829962,94.8405979227469,10.73457285319401
2026-05-10 10:00:00,33.77392975514341,559.5289520840372,39.441909788123056,88.74122506670085,8.307858761605713
2026-05-10 11:00:00,36.695905334447836,539.5306264199951,48.98740657986669,88.00797591731354,11.364604547960772
2026-05-10 12:00:00,36.08424974033439,791.9000796887269,21.93136980658394,70.6043465229267,9.749389738550326
2026-05-10 13:00:00,34.082668865794794,417.6136992646698,65.50700602742299,82.80961513574013,20.59285467693582
2026-05-10 14:00:00,35.449829437770276,560.2841322335262,40.05116591484179,80.74864405883243,15.97098013162572
2026-05-10 15:00:00,36.780582256691474,378.1006341709292,51.0915095387296,76.83652188269137,12.018472276898326
2026-05-10 16:00:00,34.80539211741444,348.99382753330786,30.210953490457605,71.43493347745024,9.81730156425156
2026-05-10 17:00:00,30.727379120884493,176.5733366710552,42.87605081800069,87.45269864448845,14.604023102286215
2026-05-10 18:00:00,30.76860102542994,25.549217219552503,47.41748750716138,81.01337992160481,20.139991878591395
2026-05-10 19:00:00,30.09585017736582,0.0,51.441992105511844,76.7967755640805,15.758340499604593
2026-05-10 20:00:00,26.00189396134863,0.0,58.80734254276197,89.61488822584305,6.060152339217107
2026-05-10 21:00:00,25.011165644750324,0.0,73.1974810622176,85.72820382389928,17.112532181260676
2026-05-10 22:00:00,26.62165782189859,0.0,62.602018951464636,75.81048329256538,17.291380054876118
2026-05-10 23:00:00,26.139117076948406,0.0,66.04382295711797,80.96602568580457,22.099146976547818
2026-05-11 00:00:00,23.41662294126492,0.0,72.8261443798457,86.16157550202762,12.647921607807975
2026-05-11 01:00:00,26.48182400674107,0.0,59.680200953539085,86.09757360220122,13.538285062193774
2026-05-11 02:00:00,27.890012050392247,0.0,50.58397479641369,83.37117998456843,14.330159540575522
2026-05-11 03:00:00,26.987761479322895,0.0,66.27126132452446,92.70850215152642,10.257652246207229
2026-05-11 04:00:00,28.38484287681503,0.0,67.22972202012348,85.41453966413914,9.943186172332542
2026-05-11 05:00:00,30.255827560943416,0.0,60.86307030018915,82.39912807785083,14.640584238677121
2026-05-11 06:00:00,31.37782561394877,0.0,29.315168775157083,82.89735155411027,5.293642602135576
2026-05-11 07:00:00,29.931973527464322,156.62956039336717,38.51268043427891,84.08187599646335,6.657540259913728
2026-05-11 08:00:00,32.130430005018795,260.351379574425,47.01177117024137,79.91609015110896,15.613297341950393
2026-05-11 09:00:00,33.828011993654044,381.96890924665536,62.82889804173711,86.1431706162919,15.132801652095202
2026-05-11 10:00:00,34.018139407666645,465.35749112487065,50.81438644464023,79.27426447632853,17.539685144006683
2026-05-11 11:00:00,37.543775733582116,437.6334668266485,68.18761223245707,79.6545273879509,15.2623132579193
2026-05-11 12:00:00,36.631906274514094,425.67268760762875,70.86313216186284,97.2571777787967,13.584846785455998
2026-05-11 13:00:00,34.19407365867626,429.417123204854,69.12213976085673,83.49198187447573,18.61238386602585
2026-05-11 14:00:00,34.85857808855583,369.0337407477583,69.21769119790292,87.60059965432248,11.769402628500021
2026-05-11 15:00:00,35.81213123886466,489.00477988892874,35.57967416081785,69.99636160949653,10.445631063049198
2026-05-11 16:00:00,32.46697634596164,263.19699947513857,58.37411522253526,87.45574042663817,12.660632893345582
2026-05-11 17:00:00,33.208241790926635,186.40436797399528,42.02164711636738,73.54488672033813,13.902944116885784
2026-05-11 18:00:00,32.605221152495346,0.0,26.398587760310647,84.1486566744766,11.053440014788947
2026-05-11 19:00:00,31.09397558329443,0.0,46.82251574986108,90.07858290190224,6.400934993968248
2026-05-11 20:00:00,28.541612942725475,0.0,71.0056372151074,90.34836264141775,12.483913731784718
2026-05-11 21:00:00,28.897886145343637,0.0,58.04571288247558,84.80115302585392,12.776057423424332
2026-05-11 22:00:00,25.798051114283403,0.0,81.401723304787,89.59364755819665,14.529367773233234
2026-05-11 23:00:00,29.20910416265108,0.0,53.7930349097203,82.87917307398591,10.892050047764226
2026-05-12 00:00:00,26.175384291460773,0.0,87.3685978923138,94.0120174517245,16.390893920836525
2026-05-12 01:00:00,27.523483166893396,0.0,53.31437497117596,83.69879662350708,6.223615666339559
2026-05-12 02:00:00,26.06154135195403,0.0,50.98876103072624,87.79648314146148,14.212476276561627
2026-05-12 03:00:00,27.975984874890074,0.0,31.460705269597746,73.12728795747468,18.744474609972023
2026-05-12 04:00:00,29.068782412455658,0.0,67.3099976928117,94.15759406671822,10.938267754713554
2026-05-12 05:00:00,28.360700885538748,0.0,43.11967965431301,78.46252097520299,12.386425506838508
2026-05-12 06:00:00,29.616303506710587,0.0,40.945841997289286,76.1146201247488,11.059191096397782
2026-05-12 07:00:00,31.89052178975917,151.87161630901647,69.87001504485877,88.54698000990892,12.572819310848118
2026-05-12 08:00:00,34.799212194595654,274.41563721559237,68.02489662035956,87.96910480969922,9.287369577558751
2026-05-12 09:00:00,32.016957856530084,335.7453605831175,67.63232709658038,77.47218762861715,21.347850609720957
2026-05-12 10:00:00,34.72070292091756,494.618167244787,45.21868957759548,77.74101802164579,13.80407553619438
2026-05-12 11:00:00,37.39474342876725,601.3594803686136,49.88691860884142,70.05226826680786,9.811159601934897
2026-05-12 12:00:00,34.26051167612688,552.0954277031354,49.75374062298242,77.97082296994887,9.349101057633002
2026-05-12 13:00:00,37.321979881273684,488.2101406268126,62.38932929850616,80.88581897941405,13.365471333912382
2026-05-12 14:00:00,33.72627603698009,359.6230115898504,73.95502661583365,88.96712017369396,5.027058851478989
2026-05-12 15:00:00,33.20630969521889,368.5709893450156,56.1737549163963,79.17351349366257,17.019975818687264
2026-05-12 16:00:00,33.170891576357086,210.21885394890342,80.27492286878056,86.38785820460362,11.958343767313453
2026-05-12 17:00:00,34.59187190200369,131.81388685698496,64.10947285891612,91.40802598039589,14.760647692657153
2026-05-12 18:00:00,30.030270532259863,12.831037281703345,47.12956567670392,91.64881148578422,14.098869269799588
2026-05-12 19:00:00,27.31533303721237,0.0,63.08222768035482,81.11873482358034,17.015308184191056
2026-05-12 20:00:00,26.539763025873008,0.0,76.24066076905179,94.22548442634044,15.78253522323313
2026-05-12 21:00:00,28.5382786290174,0.0,80.62589133854021,91.86476750416539,17.00399493490468
2026-05-12 22:00:00,24.770990498053713,0.0,68.45492675740641,78.75413945048022,17.499008267527095
2026-05-12 23:00:00,27.577004704276046,0.0,51.03667339329018,78.7167663585232,11.230847720267993
2026-05-13 00:00:00,26.007057377099184,0.0,46.912020507456845,66.7377829916155,20.951150131891843
2026-05-13 01:00:00,26.04474758362363,0.0,58.80346187171652,86.46198475333077,14.351668540501201
2026-05-13 02:00:00,26.972697810493496,0.0,75.27203674736134,83.4381495261443,13.651672291760272
2026-05-13 03:00:00,26.339598967069854,0.0,56.668956151512425,84.93593387828747,9.469030001391
2026-05-13 04:00:00,28.595562807612144,0.0,56.98039739632782,96.86052453653296,12.020824169231702
2026-05-13 05:00:00,28.071239188397623,0.0,50.93338713305204,90.53835093624082,14.15409356227273
2026-05-13 06:00:00,32.66988751821868,0.0,45.244053378827466,76.62549861123986,12.643310687186972
2026-05-13 07:00:00,30.874940736297127,129.59690901425188,47.73040171863689,76.30744822548007,19.696311199565912
2026-05-13 08:00:00,33.98687413506919,330.2230383953237,52.193809096978605,88.46532884954082,11.049749886831666
2026-05-13 09:00:00,33.10668782266234,292.04336087684095,75.93391926189298,83.04346932149947,16.513934559643257
2026-05-13 10:00:00,34.55329036615176,475.8758058804255,46.56671264033363,85.46429844035607,7.8261423840177535
2026-05-13 11:00:00,35.259976796705985,560.2357750245143,50.95160045696636,95.17823111769331,21.280413027122474
2026-05-13 12:00:00,39.792081684866154,690.0459364623568,37.181754412198025,80.75371748932622,7.0845384933305615
2026-05-13 13:00:00,35.72717852835795,494.2058401853602,60.91188531539298,89.83896314100883,21.34273198829466
2026-05-13 14:00:00,34.178467592438324,362.85028633921985,70.6626069990699,91.92903156168707,12.989772936007991
2026-05-13 15:00:00,33.8739409202951,272.34221659326516,74.52988700764699,84.8158889776471,4.788286850458833
2026-05-13 16:00:00,31.460254992344606,255.568620643561,53.21288718873131,84.08513634770469,18.068795463425186
2026-05-13 17:00:00,31.99880283728942,172.9606551992447,58.77773356748419,79.16243471363464,13.268186047106648
2026-05-13 18:00:00,33.32274197339992,0.0,47.85916448574508,87.46602052923761,10.579195283366463
2026-05-13 19:00:00,30.05908547442983,0.0,58.08269951371349,78.63617727605477,15.47086141180314
2026-05-13 20:00:00,29.590750544313305,0.0,54.871896605783874,86.83430403620672,15.401227648842553
2026-05-13 21:00:00,26.197868671989024,0.0,51.036385127067966,88.53800606525637,14.210152834225605
2026-05-13 22:00:00,26.321857470731985,0.0,52.228724702452595,80.7006906729608,17.15159057861218
2026-05-13 23:00:00,26.351773604056074,0.0,56.941253569200384,80.7275694983975,13.857260299094293
2026-05-14 00:00:00,25.026320947336384,0.0,45.255029141229215,80.76134442474971,14.861648564342818
2026-05-14 01:00:00,26.65959945319558,0.0,46.02986378274218,77.09636808658581,10.214435743081292
2026-05-14 02:00:00,27.439149747713714,0.0,75.27774586898599,89.53555197773272,16.826143146152436
2026-05-14 03:00:00,28.139388387045273,0.0,90.32551719660842,87.82562032891236,12.446668062720818
2026-05-14 04:00:00,28.272811566350658,0.0,31.601811435902025,73.48675127069235,7.081926716477792
2026-05-14 05:00:00,31.093309292226234,0.0,30.7752475982718,79.8143299940258,10.713713278656119
2026-05-14 06:00:00,30.634317156816486,0.0,35.310023246790436,81.37014908585714,10.662378985109699
2026-05-14 07:00:00,31.809848028292652,147.907236942955,48.117989438334355,79.84044851705286,16.11690123432893
2026-05-14 08:00:00,35.34322053612111,276.5734828147981,63.10402332947154,76.29240391136743,7.342398401457065
2026-05-14 09:00:00,33.065697543212494,406.101122211319,58.53610979463676,89.57847593434724,17.30133862204936
2026-05-14 10:00:00,33.08548724879157,458.55458263049826,52.24778271561971,79.90711576117316,10.120490524930691
2026-05-14 11:00:00,34.67068774722633,507.03993967354387,57.601348868281164,93.56130914871613,3.0204867369420825
2026-05-14 12:00:00,36.47263433157196,669.1758072671373,39.28602331448714,77.73862631992985,7.134743790845204
2026-05-14 13:00:00,37.467517277140594,631.3862978610919,46.0054740876234,80.61012786731212,11.070133164339142
2026-05-14 14:00:00,34.4406727851766,549.718712966956,49.36589743827573,79.0666162885198,14.245198437893478
2026-05-14 15:00:00,36.86404250920079,499.3485112733222,25.90407058083489,76.2134571142494,10.76200555905958
2026-05-14 16:00:00,33.50457638744972,378.6223826652524,32.24766259307374,94.46906596541652,6.7742286167457575
2026-05-14 17:00:00,32.11312664104547,179.96190326129985,32.84382474474779,75.69914223434967,8.528052644271272
2026-05-14 18:00:00,29.864300243825085,26.11041597189352,61.128939019169295,91.23423230818702,8.285006737736094
2026-05-14 19:00:00,32.21188632060423,0.0,53.347639892498925,83.00829561298684,13.702407101174593
2026-05-14 20:00:00,28.273844285465827,0.0,58.83323366502183,90.38619833069903,12.579287716609944
2026-05-14 21:00:00,25.70210148690855,0.0,22.072490816875717,66.05337327110804,13.558712332685309
2026-05-14 22:00:00,29.834062077447918,0.0,27.413815373138632,86.1527848959422,4.289897750292349
2026-05-14 23:00:00,26.65136181745322,0.0,59.615547267760114,86.6613097752686,10.844844991360073
2026-05-15 00:00:00,27.059415373892804,0.0,7.486347509417328,70.52389838060688,18.48950963737669
2026-05-15 01:00:00,28.37733494375484,0.0,67.53583249840516,91.19390737651088,15.940929045283813
2026-05-15 02:00:00,27.48961012637582,0.0,21.816634981566242,76.10026774025069,9.90640262129507
2026-05-15 03:00:00,28.752758046332293,0.0,61.81656551328277,79.45184612414127,9.141411877639785
2026-05-15 04:00:00,28.59155838213371,0.0,35.83762276305365,66.60427305530453,16.222871559213022
2026-05-15 05:00:00,30.680692536260423,0.0,64.89994786198183,94.80317670292642,19.375681888568277
2026-05-15 06:00:00,30.976530629183625,0.0,97.28880584315552,92.61147374402488,10.269769355604335
2026-05-15 07:00:00,32.28875790202646,194.70642641082472,15.06872768259121,69.90922175850095,6.537161291458283
2026-05-15 08:00:00,33.67656757160137,259.50842700412625,59.59704935231782,81.22169393567705,14.095056180442823
2026-05-15 09:00:00,34.04061000417994,494.5247770495205,22.043951430501995,81.77724405079306,12.591331606143342
2026-05-15 10:00:00,36.006753992966125,505.6198581825793,55.567925967670654,80.09041115972859,14.709510228406796
2026-05-15 11:00:00,36.50296364733222,585.9552364379081,46.06480968112968,83.31258591489559,19.676719859346136
2026-05-15 12:00:00,37.08552736797021,546.1504227197677,51.11312697133574,79.59230205746552,8.669704824985525
2026-05-15 13:00:00,36.6820533890987,589.9774214718024,35.49109798948454,71.14641990329092,11.933988227034703
2026-05-15 14:00:00,37.951118774130265,467.9546093851104,60.8745087768556,88.08238387705765,15.928501310830788
2026-05-15 15:00:00,35.92488835556751,527.5967234443915,27.441024564852377,81.03654563536652,14.21372918428556
2026-05-15 16:00:00,33.251508330568264,238.2688390375077,67.79095107788919,82.61341794767175,10.798287947025123
2026-05-15 17:00:00,32.904023968593535,183.56383975835192,43.02763753525535,79.682520456126,9.71808515541827
2026-05-15 18:00:00,32.85744333651526,21.522459907417872,28.126031973361748,76.63793542779395,9.569413119494053
2026-05-15 19:00:00,28.491875416874446,0.0,73.09044448451857,90.27445368682362,20.468351212064295
2026-05-15 20:00:00,31.139450119158262,0.0,48.1562523422708,91.27459842939663,8.493928014452063
2026-05-15 21:00:00,26.478370618299735,0.0,77.78093169103849,87.90412585384136,12.591807949844279
2026-05-15 22:00:00,27.861166780394154,0.0,67.48673407410823,85.09228704994186,16.476144665940144
2026-05-15 23:00:00,26.199887228953735,0.0,37.19420656261157,78.54199303248751,7.504460669364657
2026-05-16 00:00:00,26.00524976984486,0.0,47.38494994706208,77.2843765052599,13.401320105755063
2026-05-16 01:00:00,24.54804602254612,0.0,50.47536605606693,74.37582625736808,4.925642491477877
2026-05-16 02:00:00,27.92108499420829,0.0,71.5543449609099,88.41923900995971,14.348122560829717
2026-05-16 03:00:00,25.86106234316352,0.0,55.22256266162004,86.6128655410093,12.970627083720501
2026-05-16 04:00:00,26.6958605870134,0.0,51.304186277560206,82.88392977018003,13.21964782044234
2026-05-16 05:00:00,31.28498058814958,0.0,45.6616031546387,80.45912154951854,8.807350305351758
2026-05-16 06:00:00,33.39794916426464,0.0,47.901441423293726,76.52201805256209,13.305969398542956
2026-05-16 07:00:00,31.49813761914595,100.25751790750279,68.22867824628818,87.64446112825183,13.255240505020042
2026-05-16 08:00:00,34.87550388048544,350.14110615897624,48.71537722307543,81.84681466328725,17.63225070322287
2026-05-16 09:00:00,35.642480055083354,442.97723131124553,42.734837891640694,81.76179665841555,14.68810657630638
2026-05-16 10:00:00,35.2826146050109,553.6125908593806,40.19218947690801,80.42403516977178,6.213679783512505
2026-05-16 11:00:00,37.63765296726447,568.8296421469062,40.353319653570885,80.46176361799166,8.687325623764586
2026-05-16 12:00:00,35.8587530553741,735.2776032003756,27.62835702047184,82.17218292261265,8.915989248931277
2026-05-16 13:00:00,36.57388541009371,614.1597708078788,37.40416733621613,80.77594420115717,12.591751442105492
2026-05-16 14:00:00,33.77168806031037,396.1036971056978,71.13610109586816,89.17132077461909,12.8803360367943
2026-05-16 15:00:00,33.032657276469976,403.0634154281241,45.56080805260087,71.77274642223182,11.585019068214656
2026-05-16 16:00:00,35.09122034395905,306.2737204161594,59.22597198945479,88.86029432857731,24.23223102241509
2026-05-16 17:00:00,33.082123890291676,229.0287359477178,11.478449192600799,70.46801823749313,8.522336280285986
2026-05-16 18:00:00,30.88626795101434,56.996789393739476,57.184466595601506,84.1092317588187,18.422687219661984
2026-05-16 19:00:00,32.25756542547485,0.0,46.23950639557661,74.40673413087835,11.722530803079367
2026-05-16 20:00:00,31.03797226311533,0.0,41.438196617755686,90.2032209412157,3.357812849316268
2026-05-16 21:00:00,28.106846383489074,0.0,51.37419632243029,70.30644356460692,13.334011534480155
2026-05-16 22:00:00,24.848983217108266,0.0,41.2224181539329,88.06881930856085,16.538044117761586
2026-05-16 23:00:00,26.096754073887855,0.0,16.801673162787974,76.46170801250547,13.373872079508676
2026-05-17 00:00:00,25.038426801288836,0.0,61.98139917126955,76.26311681397345,14.123671507980637
2026-05-17 01:00:00,26.40752171689484,0.0,51.79294347391339,93.21909449968113,12.684550766353336
2026-05-17 02:00:00,25.573469844810347,0.0,43.43854323247272,83.64244276405209,10.193293128127143
2026-05-17 03:00:00,26.03015557259601,0.0,33.65489947260393,66.76761918554797,15.267687071000873
2026-05-17 04:00:00,25.679385963440115,0.0,26.099817312083466,74.6107632114307,9.568177437790185
2026-05-17 05:00:00,30.04412246232199,0.0,51.506070659711355,85.09247308158793,10.013954079814424
2026-05-17 06:00:00,28.132391128470513,0.0,72.34929445707088,96.48365418423197,15.259992811227738
2026-05-17 07:00:00,31.9985655494195,156.49282025446658,51.195177204806065,80.00276872929251,11.3594611784802
2026-05-17 08:00:00,34.523499245526914,394.38431553970895,27.406255962298104,62.488485023427344,16.49377121785723
2026-05-17 09:00:00,33.71759269285079,368.90872426353474,51.52443095926653,89.16857192678185,14.445342687437746
2026-05-17 10:00:00,34.04063313230621,509.7214581418225,47.34753561998957,83.27179972864933,9.255497543688685
2026-05-17 11:00:00,35.862211266902364,512.1383447165912,61.108334444803944,72.7849822878168,8.476507765586193
2026-05-17 12:00:00,35.043595993265114,545.4214070129976,57.24867771486639,84.81911075306421,10.568066401820216
2026-05-17 13:00:00,36.19176761161876,834.7032932264974,3.360342042041637,71.7041527447765,19.519843182502726
2026-05-17 14:00:00,34.10823137404022,493.45230341679877,56.32631312011735,81.39176200690936,11.866024759097233
2026-05-17 15:00:00,34.520474982178136,477.12022911240666,33.09548891112924,73.00938717945054,14.687887821917887
2026-05-17 16:00:00,33.17043624189139,347.6826894340641,26.82174893196001,72.73121516505543,6.118500691776391
2026-05-17 17:00:00,32.399900305630865,171.14658613225134,45.320578898087035,78.89339069372583,7.933703772609446
2026-05-17 18:00:00,33.24648025250568,0.1542341333559631,54.312246689140665,84.41469171458971,11.961885654663295
2026-05-17 19:00:00,30.086442092163036,0.0,23.536660899388128,79.36299855217541,17.98122560163474
2026-05-17 20:00:00,29.276560539220068,0.0,58.716326309553764,73.59844008607041,7.772878414214775
2026-05-17 21:00:00,26.773018265347357,0.0,59.59776276666449,86.21334704597479,10.460950047278097
2026-05-17 22:00:00,27.080889505922492,0.0,48.852322998182956,84.64067972560909,16.049392888244025
2026-05-17 23:00:00,25.93390957656768,0.0,35.13332560028476,79.78895186723766,18.127020762555915
2026-05-18 00:00:00,26.207437917713825,0.0,32.93952289293231,76.32948643733798,13.396589347469561
2026-05-18 01:00:00,27.182885175472826,0.0,63.0191749294751,92.82641290710035,15.854432446183306
2026-05-18 02:00:00,26.188454053549755,0.0,24.961852658333118,83.08420803550953,7.660403945379727
2026-05-18 03:00:00,27.11589209204931,0.0,63.597249868059365,84.05086565185076,7.888180468616756
2026-05-18 04:00:00,28.036545994726513,0.0,45.15220556881514,80.71717954916916,7.674315309138928
2026-05-18 05:00:00,29.217354302851284,0.0,46.192675461128836,85.07476694131591,8.816200190576183
2026-05-18 06:00:00,31.394090864538658,0.0,22.008877374571817,81.2562456877088,12.00285322432782
2026-05-18 07:00:00,31.989803787386155,140.47499564285187,45.42944350384289,76.53127275837767,7.392919311576923
2026-05-18 08:00:00,35.61622833744511,294.9701344431441,56.83397569594233,77.68506417672594,13.8433038579364
2026-05-18 09:00:00,38.18733049527811,541.2466812398011,27.584041637991973,76.58872017398724,10.118455665375212
2026-05-18 10:00:00,34.760687112971645,533.4324680559621,55.10973096454937,76.99543310672269,10.5054145762169
2026-05-18 11:00:00,36.380717911904405,552.7973684109731,48.96537676095703,71.1092490365401,15.988419644403324
2026-05-18 12:00:00,37.51829491366477,703.4865671142874,37.973858748287086,73.81384074916437,8.062570926169112
2026-05-18 13:00:00,35.65304041560713,539.5224831078357,60.45028925314126,85.90043433656548,18.765332234899674
2026-05-18 14:00:00,34.206303602617695,700.5162720218249,14.59634142109335,80.33619133135318,14.053189398211284
2026-05-18 15:00:00,36.96404427562988,412.7171052987337,52.830404186927325,78.16917108965453,8.681113445647657
2026-05-18 16:00:00,34.56088954673972,252.39966739636722,71.92172032687108,86.22496442661593,18.405030898367592
2026-05-18 17:00:00,32.87727787917054,117.65435032447525,69.22934004228162,87.20346860003353,9.028518023306013
2026-05-18 18:00:00,33.054564184963176,0.0,53.47729376384953,79.21814195454195,17.846183813230734
2026-05-18 19:00:00,30.876092965251214,0.0,43.104981313809006,76.55901208030781,13.48698422420893
2026-05-18 20:00:00,28.606569518044186,0.0,38.093154607557224,80.95722797746345,5.588165974657969
2026-05-18 21:00:00,26.363731033380645,0.0,43.08630604718706,74.87985880462283,6.972801985040804
2026-05-18 22:00:00,26.19742677811916,0.0,55.78730167454028,80.23014269244861,11.169466496341233
2026-05-18 23:00:00,27.905526100287688,0.0,35.521535873880445,77.73161565471297,15.247259207805246
2026-05-19 00:00:00,27.102464660393935,0.0,58.468846070870455,86.21414762904003,12.2406831514187
2026-05-19 01:00:00,26.143457572504683,0.0,79.10489657016461,82.32847261733467,13.172762470892568
2026-05-19 02:00:00,29.18215844306289,0.0,46.17924027320382,80.56340202947733,12.46963956833169
2026-05-19 03:00:00,27.475831730900207,0.0,26.941566750865164,70.20973826497924,3.366742238098748
2026-05-19 04:00:00,29.999526658091504,0.0,26.93631760536855,72.86314641527869,14.643717015348145
2026-05-19 05:00:00,30.207708845101152,0.0,58.75597207578838,88.15096999814945,18.296431408310966
2026-05-19 06:00:00,33.728592257790574,0.0,46.21129611570809,80.17430760232929,15.46800980496668
2026-05-19 07:00:00,33.488807667833335,153.31218552289576,60.25995224107554,92.43701729594528,11.31905241926991
2026-05-19 08:00:00,33.77576063471798,333.5897709869757,39.102975062724504,78.39839205841369,8.414982970572863
2026-05-19 09:00:00,34.51884529267684,377.3491395838221,59.56684201321222,88.60394782326317,8.650594039393035
2026-05-19 10:00:00,35.52589607668236,550.4405215781634,44.73300119836886,83.87823943030332,7.70408649087889
2026-05-19 11:00:00,35.1023659881013,638.122245146273,36.1199279702555,77.748525703441,20.86424788140844
2026-05-19 12:00:00,34.439039230340796,606.8638296680615,41.09251161807898,72.57900874724238,11.739333754791655
2026-05-19 13:00:00,36.44673844772828,721.9980301714642,29.151673468766198,75.34527650667533,15.07632757493058
2026-05-19 14:00:00,34.8523062606895,373.22066602957136,76.94788217883891,85.39527119079597,17.2459459830033
2026-05-19 15:00:00,34.054259432134735,421.52238422327446,45.661761596737435,77.5002067519303,12.85352988426285
2026-05-19 16:00:00,33.60026100162944,281.525230393068,56.775200130347685,83.98286583391211,9.112139623098965
2026-05-19 17:00:00,32.577739004570056,201.7853145988518,39.05445180705276,71.67909741570588,14.027497138917086
2026-05-19 18:00:00,31.22534212420138,28.46752007709858,31.328571470417398,72.8291214783509,7.236333647797885
2026-05-19 19:00:00,32.181442040979384,0.0,43.59928113634572,75.06228130640962,14.589183987530328
2026-05-19 20:00:00,29.576846617425822,0.0,63.62537680080273,84.24869434374968,9.033764212613011
2026-05-19 21:00:00,30.420379655037646,0.0,39.29651192914049,75.4702644433219,10.220185278746131
2026-05-19 22:00:00,26.31493880939494,0.0,34.049509209173515,75.10299263756808,9.95113921077769
2026-05-19 23:00:00,27.404961013762378,0.0,49.4394524656519,82.97643603548946,18.067779311803804
2026-05-20 00:00:00,25.762937741441107,0.0,54.06506127405496,81.47340029561484,2.966870992913865
2026-05-20 01:00:00,25.70227349751222,0.0,71.22244479608655,88.0243016088045,22.88426588342351
2026-05-20 02:00:00,29.720452439666005,0.0,51.88597943887622,76.9849364174235,9.370678202794348
2026-05-20 03:00:00,26.72724738811327,0.0,56.23961244125732,79.95870457177361,12.318533322624647
2026-05-20 04:00:00,25.860119840070556,0.0,57.36885081709362,94.71733696280936,14.521670312343076
2026-05-20 05:00:00,29.046944716833007,0.0,29.284491534299345,73.52705742110058,12.774686532403441
2026-05-20 06:00:00,28.650553283988337,0.0,32.12974120624564,67.25271026431228,14.981006821601254
2026-05-20 07:00:00,31.318747418379136,181.89123540125078,30.321277919204046,78.64314843120205,13.957555166802852
2026-05-20 08:00:00,32.64510847715489,432.52709903447857,26.597535927914116,72.26277268379354,19.47785711728295
2026-05-20 09:00:00,34.84277424449967,347.22015093299575,58.51162038634486,84.67072346097771,15.85196373902404
2026-05-20 10:00:00,32.92702544771761,543.8419140831024,50.93047363824513,81.39588962928441,12.077076857046922
2026-05-20 11:00:00,37.64574106961073,616.9654549729435,47.77216320966054,83.09556084245534,10.176554820247638
2026-05-20 12:00:00,33.82287400182963,854.3748798246263,7.688974532254768,70.40069849648458,8.069034308101607
2026-05-20 13:00:00,35.92492710625521,385.2066798170181,77.41187514256808,86.88146840286203,19.04356883025172
2026-05-20 14:00:00,35.17009980889817,581.6041295145598,33.16564220098547,82.80549771824403,18.679090130323072
2026-05-20 15:00:00,35.86986341806434,266.7294148113661,77.35691360237317,76.91803802862907,17.884249801331983
2026-05-20 16:00:00,34.21838030163084,376.2728359118677,24.84110005351906,68.50007937692929,0.0
2026-05-20 17:00:00,34.098404067411515,179.14101547737923,34.393704884940746,73.40819099657548,2.731084716172587
2026-05-20 18:00:00,30.791484764688487,0.0,13.53698152564435,64.35130312466715,10.64660079786069
2026-05-20 19:00:00,29.36310807017883,0.0,52.01159690242926,80.25149887713117,11.933810718392188
2026-05-20 20:00:00,29.298002324829056,0.0,30.060869951120317,74.28011797783971,11.582678056598661
2026-05-20 21:00:00,29.063802581713333,0.0,30.48471995181349,82.18511045963977,16.53120598614425
2026-05-20 22:00:00,28.0038368502444,0.0,25.99200900567284,75.90606672618951,16.107160359301435
2026-05-20 23:00:00,26.850103390322452,0.0,58.24004820435675,83.51744007003514,13.6116557910633
2026-05-21 00:00:00,26.608195023188365,0.0,56.719004293416276,82.33932918626132,6.740427607827692
2026-05-21 01:00:00,26.428928777854274,0.0,73.22755788608485,83.13257088774459,8.744560887018643
2026-05-21 02:00:00,27.50851596514455,0.0,35.76145020380847,83.31805462955931,12.057788304289438
2026-05-21 03:00:00,30.41561464213046,0.0,49.329340085605075,87.87037769016837,14.133757168416277
2026-05-21 04:00:00,28.490388374216284,0.0,26.707021558873794,70.39236713026771,6.466116467538041
2026-05-21 05:00:00,29.53780133488758,0.0,41.0214641788733,87.97497511201836,14.693160075455019
2026-05-21 06:00:00,30.7323611445011,0.0,38.2643698206854,75.65132537617944,4.903712910421047
2026-05-21 07:00:00,33.10601358131197,153.24954877679474,53.013798882334385,78.57496458742472,1.9980490438801617
2026-05-21 08:00:00,31.047464920414185,251.70835742020427,61.302376616175934,87.08244277448391,9.56460927230088
2026-05-21 09:00:00,34.665687462098326,391.3818403768324,60.91304988237557,86.88863005145132,18.537906176543007
2026-05-21 10:00:00,36.78070169578739,612.737619376793,33.40486543663891,76.52779047890009,17.75938385129977
2026-05-21 11:00:00,35.45126286966468,495.72635368735877,61.02406808924806,82.25690387527128,6.671445912490662
2026-05-21 12:00:00,36.54844978899823,615.0405442489647,45.385772463286116,85.7759400622873,6.195338945350177
2026-05-21 13:00:00,38.877499003983964,622.5120791515602,41.17809608144785,75.39640280547923,15.102645052128434
2026-05-21 14:00:00,36.06694062663479,594.0056277845191,35.41937721761929,77.15095789042763,10.00820912860393
2026-05-21 15:00:00,31.930273068499737,472.65081606690177,37.64801260447979,87.14139954089765,17.34789768559093
2026-05-21 16:00:00,31.972884093715724,208.1391180864273,72.18175721284658,80.61409035435167,16.58773280694614
2026-05-21 17:00:00,32.2735247689036,170.58419119058306,50.65821101731342,79.58027640362339,16.198484539237462
2026-05-21 18:00:00,30.260760089564208,20.701899813704326,48.66622723242114,86.80311910379832,9.145790381977545
2026-05-21 19:00:00,30.146036712268458,0.0,42.11334664184887,82.69643136124702,13.880913223018764
2026-05-21 20:00:00,28.42278494127393,0.0,82.7367286914735,94.94085238120546,22.202371072178842
2026-05-21 21:00:00,29.286092856988184,0.0,65.62220685259945,79.44821622324491,13.850103777084437
2026-05-21 22:00:00,25.556875869988527,0.0,35.23111779792118,80.62982316153656,11.5815483400723
2026-05-21 23:00:00,26.206355441964998,0.0,41.94282369933371,79.17871915359429,10.354368629878412
2026-05-22 00:00:00,26.631255393783064,0.0,42.29596004582855,91.99138655073158,5.707053588877298
2026-05-22 01:00:00,26.962665005432537,0.0,47.6977078706312,85.97691624726802,7.989102195727978
2026-05-22 02:00:00,27.209539177554536,0.0,34.99123830692068,78.60478564174676,8.182271071405783
2026-05-22 03:00:00,24.678630004027028,0.0,52.09187604681766,84.8006669940335,6.0273916621203165
2026-05-22 04:00:00,28.957099061735807,0.0,67.29095017698192,86.80061145630604,7.1906186280931035
2026-05-22 05:00:00,29.858743450074886,0.0,25.805206561329758,79.51756516184913,1.4975218377480246
2026-05-22 06:00:00,32.472162039112035,0.0,28.5874271400112,72.04452960799922,8.29932796797679
2026-05-22 07:00:00,33.582775986978156,149.5392904762765,38.262249866932606,85.40423276785634,14.614104064653842
2026-05-22 08:00:00,34.16191722461663,330.3062793959409,38.95769479477476,72.04149966274883,10.681809152736834
2026-05-22 09:00:00,35.29146663318554,290.0046579327503,75.48661631758117,88.65315321212219,12.526387171864164
2026-05-22 10:00:00,37.43704440824608,472.275298929625,60.53526649661479,79.44686096108879,16.09387613265133
2026-05-22 11:00:00,37.67383343099507,530.5493886953568,59.67446347816617,83.531678150612,19.73958383385746
2026-05-22 12:00:00,36.70675096326483,600.4588001527794,41.5441427936912,83.8701167737859,21.170528124296126
2026-05-22 13:00:00,38.96749226568447,652.5326362460331,41.214927094589996,69.94688082924914,12.638789560239326
2026-05-22 14:00:00,34.86229115732342,645.7337993855306,23.734046989911228,73.9067765119244,10.05949745292093
2026-05-22 15:00:00,33.34327722573686,390.0989592487565,57.235731617109465,76.15865634761452,11.209470538480877
2026-05-22 16:00:00,33.83472995137054,262.503954886479,52.875447268523985,80.79673988992033,15.00857812418588
2026-05-22 17:00:00,32.15696176507415,137.05059981653838,64.79958866656646,78.21438700785839,12.614755686890128
2026-05-22 18:00:00,28.143875658016796,63.78372384052763,42.3471824960497,81.22414286826418,11.506441998439316
2026-05-22 19:00:00,29.206629081823916,0.0,43.38294100338625,78.38389138874267,11.82326912927151
2026-05-22 20:00:00,29.295480060271526,0.0,48.06031112480174,85.40636846109206,8.634469373140849
2026-05-22 21:00:00,27.737849384910632,0.0,58.88809182899864,90.75413610454305,3.6156190272170807
2026-05-22 22:00:00,26.009292506200637,0.0,23.45639386493002,76.0659451325274,8.49587350425234
2026-05-22 23:00:00,26.574213404302878,0.0,56.55047020246783,88.66976046708632,18.65744075510181
2026-05-23 00:00:00,26.550612287812,0.0,44.66018389177965,88.14474734708972,17.874913614033325
2026-05-23 01:00:00,27.490585632370326,0.0,29.088058305066667,72.58791142006044,15.213533172769388
2026-05-23 02:00:00,26.22654020668656,0.0,13.698531034561118,80.71557955578729,8.710012237520566
2026-05-23 03:00:00,28.99109798653458,0.0,42.920511646196815,80.2467675988156,8.983971184807736
2026-05-23 04:00:00,27.472782198258777,0.0,66.68331207348317,81.70802729922258,19.832551422653605
2026-05-23 05:00:00,29.44213284432374,0.0,70.08788732549304,88.64796384401157,9.171874886736616
2026-05-23 06:00:00,33.59930922687685,0.0,50.29826048442356,81.22419307317271,12.67250471812899
2026-05-23 07:00:00,31.35367219243219,109.41413408928116,74.39770228200582,80.91131571227191,20.477859397971542
2026-05-23 08:00:00,33.03422055837588,291.46983071722696,44.32350108002094,74.67049469471068,12.711960696356591
2026-05-23 09:00:00,33.29710759195605,363.8790429014996,59.26717059901383,92.05879816395976,11.789446375583934
2026-05-23 10:00:00,34.645298785412635,623.728873436525,38.199153990775706,79.79586796225084,16.549312964444333
2026-05-23 11:00:00,36.400119301678664,618.257715525663,37.24863473510988,85.31111202428289,12.15047988645865
2026-05-23 12:00:00,37.30912304549176,673.776469622848,34.80498057116257,75.07201097719165,12.524933125080421
2026-05-23 13:00:00,36.19601762266699,824.1384888066586,14.059683117507426,68.12737308393392,16.761835516559714
2026-05-23 14:00:00,35.298648279731246,436.86380501543135,64.2740012235758,76.4071301482106,3.033999247675151
2026-05-23 15:00:00,33.310545918772696,467.08556291179417,35.34313073730187,82.72908535319797,13.202516645211851
2026-05-23 16:00:00,32.9453484730594,376.27168960303527,32.94603562804417,79.39786804345006,8.582021166620954
2026-05-23 17:00:00,30.674866751971294,217.26286956827641,27.26804210018198,74.22805440357622,10.53450884099162
2026-05-23 18:00:00,32.34814557714582,8.284766712952107,41.90222577632787,75.71003680992976,12.546936910497509
2026-05-23 19:00:00,31.144417997524695,0.0,71.42000198276826,92.86768576623642,10.869117639999285
2026-05-23 20:00:00,28.83803618566491,0.0,76.37430008671288,87.93146394044606,14.732803707807477
2026-05-23 21:00:00,28.428970437913172,0.0,20.054614187340864,73.96665690377044,12.544189526887303
2026-05-23 22:00:00,28.19959339122513,0.0,39.65089738472788,76.72893186003634,12.79636725682466
2026-05-23 23:00:00,26.692560487337886,0.0,29.452250772966636,75.37188115641278,11.918270156775208
2026-05-24 00:00:00,28.242811403933054,0.0,59.246243411752715,87.37575331460103,12.491909422285273
2026-05-24 01:00:00,25.270557878183354,0.0,48.72008050298882,75.35723529592254,12.044272389547734
2026-05-24 02:00:00,26.64771919935556,0.0,34.8726373828824,79.17468771416232,12.061202501684512
2026-05-24 03:00:00,27.28751879034827,0.0,45.509773502445206,86.1122408512616,8.505825672508003
2026-05-24 04:00:00,29.772527036981263,0.0,37.259897972464294,78.47530182474561,16.943461593443452
2026-05-24 05:00:00,28.272638561106398,0.0,68.63486870920337,92.23895269630592,13.067290978144646
2026-05-24 06:00:00,33.313484503991816,0.0,52.6255700188205,88.91236555724136,11.017773779375888
2026-05-24 07:00:00,33.455519434899074,138.05491614525138,54.46852860732649,87.16671596258314,14.306802041203369
2026-05-24 08:00:00,36.206500329146266,459.44489962835087,4.417415123086464,67.03709988551189,9.762111555767476
2026-05-24 09:00:00,34.91390884327551,437.87877814905806,43.41934711114776,79.49055866140752,17.1414640723048
2026-05-24 10:00:00,35.04582944498621,411.86160044700705,75.66934167946543,89.43931193099503,17.362199755775922
2026-05-24 11:00:00,37.114984562877495,522.712996622472,64.31311334413019,82.21228196927716,13.587416040922239
2026-05-24 12:00:00,37.770852116031456,792.3839357877052,16.714833504775378,70.04755016899131,14.591401883462517
2026-05-24 13:00:00,35.33199955357524,634.5303708191982,39.71978980332601,75.86358077196661,12.927063028618983
2026-05-24 14:00:00,33.16436907380634,629.8634523931089,26.398385304799103,88.39274397036309,6.7034713046222745
2026-05-24 15:00:00,32.59250641121308,321.0349810689268,70.08770069902297,85.32759561717248,17.063855565535448
2026-05-24 16:00:00,34.270917918343976,297.3470696598128,48.08535152771855,86.27407823815366,4.8024841241519765
2026-05-24 17:00:00,34.727458944489655,206.595700389296,32.90424389760838,72.71993072381046,0.0
2026-05-24 18:00:00,29.740027248867484,0.0,44.93354644669176,89.33125771159052,15.038661438812388
2026-05-24 19:00:00,29.78294604303595,0.0,5.310694357552663,69.01739435595591,12.039784167215153
2026-05-24 20:00:00,28.47813309684138,0.0,28.146757741731275,77.07985400691872,12.914347840163918
2026-05-24 21:00:00,30.39227529620247,0.0,44.967833180974566,71.56950314255029,17.80661866174607
2026-05-24 22:00:00,30.037294974834346,0.0,57.106307820379755,89.4039876074356,12.756451098736044
2026-05-24 23:00:00,27.15327687806494,0.0,15.301465484619811,80.46847397911907,9.252072245918269
2026-05-25 00:00:00,27.63770620272537,0.0,38.153140188875696,73.50627113037234,15.094216338672538
2026-05-25 01:00:00,27.771935286893587,0.0,59.01575588219447,90.51216978790967,10.095613019031342
2026-05-25 02:00:00,25.475760666278866,0.0,22.098669938813057,69.066865337575,10.152496673919524
2026-05-25 03:00:00,28.842851739861327,0.0,47.30821232617473,84.7109612181006,13.375702466074385
2026-05-25 04:00:00,27.644817313037322,0.0,44.86008735100219,79.67845036607352,13.573170681963452
2026-05-25 05:00:00,29.953213922545235,0.0,69.58617460976117,93.6348309459659,12.147209437504305
2026-05-25 06:00:00,32.95196388433551,0.0,40.418426907737576,80.45776948302635,10.059004127520158
2026-05-25 07:00:00,32.86961427478895,144.02090427325828,41.29646082878608,84.1010142580255,7.58514758591161
2026-05-25 08:00:00,35.40355109910592,266.2167993351589,56.69486610188247,89.10196720807664,9.686043628668681
2026-05-25 09:00:00,36.69488210624531,528.3429094873989,23.97523978367197,73.08442004328741,18.475115922850502
2026-05-25 10:00:00,33.51641894072168,589.1303668664075,40.55722170614926,79.01732626120743,10.965553963844613
2026-05-25 11:00:00,33.468928025427964,653.1552522194843,37.03459464180448,72.73240070070877,12.608735661534581
2026-05-25 12:00:00,37.98102591700789,675.0635307304254,41.78679261383564,77.29942264498914,6.124227618734845
2026-05-25 13:00:00,37.86306443812884,503.37994022259744,56.59656653885471,92.15504675376862,23.08267205966844
2026-05-25 14:00:00,36.13400574584361,501.1640720665583,52.182892080644734,85.45453455774366,9.163284647686943
2026-05-25 15:00:00,35.51572045367845,487.0957513104165,32.640235176481994,71.65970302452855,6.931714503357197
2026-05-25 16:00:00,35.13126773323502,280.09176314428504,45.92095785432033,88.41776248819015,12.05131759435652
2026-05-25 17:00:00,33.901132535997455,124.44602011441638,66.22709401592,87.46661951594334,9.741437823097751
2026-05-25 18:00:00,31.074866548357765,43.32319395588067,31.39998432245256,81.3908885029053,13.02992441643266
2026-05-25 19:00:00,31.418815806156243,0.0,46.047971510367326,83.30181458281552,6.255824457661313
2026-05-25 20:00:00,28.51989063321405,0.0,40.97305965033271,82.11407347134205,16.596849510043253
2026-05-25 21:00:00,28.251388250875777,0.0,42.92539456686048,70.55507119168325,15.905706605692743
2026-05-25 22:00:00,27.400207898974294,0.0,19.41060547067113,80.32741708696281,10.495807587493335
2026-05-25 23:00:00,25.523405766071246,0.0,65.03191261909521,75.20779003879827,6.629516721736727
2026-05-26 00:00:00,25.54228762925574,0.0,31.700379306752055,83.22369278572482,8.336005908728783
2026-05-26 01:00:00,29.582883509698036,0.0,58.706737372377795,84.78708478018177,13.185439292975849
2026-05-26 02:00:00,26.018592603798716,0.0,33.99500869936214,82.823284667725,6.857706123739733
2026-05-26 03:00:00,28.45358424204689,0.0,33.9330880416384,79.05723874788627,7.5053619235507165
2026-05-26 04:00:00,29.761910030734022,0.0,61.512506577056804,90.18259978969867,17.27282171507035
2026-05-26 05:00:00,30.14359469714836,0.0,58.223926872243666,84.1651827769681,13.530864478713045
2026-05-26 06:00:00,32.38110801729953,0.0,46.44564630453455,82.2088787723869,12.81560526110993
2026-05-26 07:00:00,33.22994457273452,137.19093450997883,54.7329160671696,84.772537816747,14.846483507029681
2026-05-26 08:00:00,32.87684408877484,341.6145150592259,38.987366116228806,88.25852631193183,11.294076890834505
2026-05-26 09:00:00,35.741567489640325,433.53565537478715,43.190143404291454,82.48767611097797,11.921483950478471
2026-05-26 10:00:00,35.13017977068197,619.628483028686,33.391291933117515,70.54403180338856,13.493506974636558
2026-05-26 11:00:00,38.60067017110804,493.40547990908146,56.8766320595787,79.6591586261572,16.07976393431023
2026-05-26 12:00:00,37.06603396170964,730.9937124504667,32.91445785256452,79.70872942710007,13.638135012586597
2026-05-26 13:00:00,35.42760064886194,484.85217515842737,65.5930029941426,91.43284036921011,19.121202619867223
2026-05-26 14:00:00,36.28327454038286,582.7505142856885,38.57814529527744,74.64116466130083,12.027428731157311
2026-05-26 15:00:00,33.841394236677665,479.1855710988201,43.62328628031982,91.0790005162285,6.792477942555868
2026-05-26 16:00:00,34.3432839053191,274.0712845730639,54.696578129889815,83.45067097116635,17.08791115430131
2026-05-26 17:00:00,32.50885920027357,149.5686571117937,43.67362413791854,82.19491416732141,11.203336441129775
2026-05-26 18:00:00,30.433238582415935,34.31360710243124,38.84703310579515,72.9264050187857,8.867591552386692
2026-05-26 19:00:00,29.122802062916758,0.0,42.865306102947734,85.97528912531416,14.992662998764482
2026-05-26 20:00:00,32.17358563693944,0.0,56.722933123438565,81.1757745632301,14.319233443347793
2026-05-26 21:00:00,28.09144716160689,0.0,33.37287448802422,74.45008739089141,6.553652503120384
2026-05-26 22:00:00,26.616783168387283,0.0,41.422102710975835,78.82704360641915,14.753626271611974
2026-05-26 23:00:00,25.892147790217688,0.0,43.46995873013694,87.94755507222794,19.67076542982648
2026-05-27 00:00:00,27.1572183703424,0.0,55.72568345127504,86.23655172576501,14.080756068645883
2026-05-27 01:00:00,25.88502846020446,0.0,41.259224910288644,76.03662577667104,11.038226293232885
2026-05-27 02:00:00,25.791572060684977,0.0,69.88139193576602,84.9997173171036,6.817047531909743
2026-05-27 03:00:00,27.967029814660798,0.0,40.408826852633766,87.00498511586997,20.225314478928233
2026-05-27 04:00:00,28.992742620672306,0.0,39.191650942280994,78.31709626640867,9.891741697749527
2026-05-27 05:00:00,29.70846173936208,0.0,40.19142369409422,82.44364945815578,6.37761720141124
2026-05-27 06:00:00,30.386022473297487,0.0,23.00728408849004,79.26966282945543,11.593743873687416
2026-05-27 07:00:00,32.33053458103711,177.27687334289126,27.206002816979918,58.9079822140297,15.393296013946387
2026-05-27 08:00:00,33.43417386295911,372.0264034710942,34.79690217227379,84.05605420404011,16.683504207094153
2026-05-27 09:00:00,34.28936291404901,400.1177174223619,59.79435325111214,79.59342643796205,10.300839205883268
2026-05-27 10:00:00,36.234279544201534,580.0510487791882,42.26001462793004,77.37692097546332,11.718897794243153
2026-05-27 11:00:00,39.26842794588089,680.4366975047583,35.487242674124595,84.7281430363919,11.776013318462594
2026-05-27 12:00:00,38.27599715800761,533.1611296004883,61.15492670245912,90.8319555831713,16.963978239158877
2026-05-27 13:00:00,38.89882687808945,480.7727240088279,66.02456251174411,87.18521611393034,15.672564644909176
2026-05-27 14:00:00,35.13683075374698,460.49804828290684,61.5876424319766,87.81858073550599,14.161880671976279
2026-05-27 15:00:00,37.25733105121432,527.8583140502179,29.960555559832827,80.84134784615942,15.157333584645361
2026-05-27 16:00:00,34.340160997848955,311.9413506592832,35.32817621545536,84.88155962646886,6.318137589069666
2026-05-27 17:00:00,34.12107020131734,100.44776981540562,69.96294657308098,94.2096691487115,15.181645589720567
2026-05-27 18:00:00,32.13971758203164,0.0,46.37400089836052,81.36105374538603,13.205085376797385
2026-05-27 19:00:00,29.804359829983245,0.0,38.74249954491901,75.57829562131354,11.737098232896372
2026-05-27 20:00:00,29.9800493407569,0.0,53.53212493832275,81.66026026144895,11.677908618972378
2026-05-27 21:00:00,28.639578250340325,0.0,57.86639152873188,84.85666147336445,13.429918031936577
2026-05-27 22:00:00,24.915932968410083,0.0,34.185161954436225,78.59356368544381,9.428505719253064
2026-05-27 23:00:00,26.55371180467663,0.0,46.048504897659164,76.51795982598809,23.211592252024793
2026-05-28 00:00:00,27.714014363794202,0.0,56.0927792813197,86.1000635360164,18.240535884470734
2026-05-28 01:00:00,27.110907886949153,0.0,24.790071053666026,68.34194321655934,15.611143417670121
2026-05-28 02:00:00,27.86007416461738,0.0,42.37956010445592,80.89281627900242,10.00026869953836
2026-05-28 03:00:00,27.06750404002127,0.0,25.478533447303093,77.10700861832306,7.445155529562463
2026-05-28 04:00:00,29.412962709568525,0.0,27.440670789161658,77.07442696686986,10.524224812633687
2026-05-28 05:00:00,30.160548301181617,0.0,33.74787708085926,82.21896102191836,12.144032440126628
2026-05-28 06:00:00,31.315399716258398,0.0,49.35117131125588,85.28351316927092,6.6739984288471845
2026-05-28 07:00:00,31.990950790311654,171.07125541171163,37.3640388134918,89.70575878227072,13.788109186442544
2026-05-28 08:00:00,35.269209982304545,373.61997272437816,32.46810636853773,74.28808617568401,15.952003765002884
2026-05-28 09:00:00,35.56453198487456,454.1605244388201,42.96769669293821,80.85391019775963,3.205675255354487
2026-05-28 10:00:00,36.227928047585785,646.7835242651004,24.98993731906738,75.93947898714195,7.648024398009671
2026-05-28 11:00:00,39.07553811392683,559.1779345871612,48.62642651057247,81.1862077340082,17.342657598935972
2026-05-28 12:00:00,37.19582784161514,527.2046021627852,59.16517967243847,76.9376495690945,14.454120235767817
2026-05-28 13:00:00,37.970163746624195,640.3385208282698,41.00631762824365,72.68867529853992,8.58502438534159
2026-05-28 14:00:00,36.26482861599406,531.1946463316818,39.1546433435607,78.4312688933643,14.899179616512574
2026-05-28 15:00:00,34.65631003275998,413.62048418711424,47.79598354129737,72.92107978984934,10.012940399517856
2026-05-28 16:00:00,32.70301040310477,376.01881199982006,11.76733696059065,70.41535590447863,9.64388063682113
2026-05-28 17:00:00,33.18779131315216,138.8933165805544,50.24664009203183,78.39579332357039,7.956822625205066
2026-05-28 18:00:00,28.11735252189898,29.93286835718063,88.72266529923678,90.52317624823125,14.503792181654429
2026-05-28 19:00:00,30.640000894388383,0.0,40.35423492634302,85.2041933754292,16.090472811420973
2026-05-28 20:00:00,29.489906832135762,0.0,40.407502737318865,74.33671159413038,10.11035663898597
2026-05-28 21:00:00,27.761517161508504,0.0,53.34848324455908,87.57188898971307,15.249253046289663
2026-05-28 22:00:00,27.129685633117255,0.0,66.87436826603326,83.84270076774669,13.14407889732346
2026-05-28 23:00:00,25.123739416320277,0.0,56.81889590957585,82.2523994213413,17.1569732571994
2026-05-29 00:00:00,28.41500484919266,0.0,9.29413927630339,74.43901237164042,8.612557108268618
2026-05-29 01:00:00,26.34566476871299,0.0,50.07922501999785,81.24721403907964,18.724040580705566
2026-05-29 02:00:00,26.019872553854146,0.0,80.20719463368178,85.7364789354369,16.736715082310436
2026-05-29 03:00:00,28.786245621971513,0.0,50.96485815644863,80.62189117389691,13.524294911650163
2026-05-29 04:00:00,29.257703083228147,0.0,24.30921375598041,66.855479617644,12.337490259527648
2026-05-29 05:00:00,29.853789697702243,0.0,45.85568682133586,82.94177584968027,10.43283853307031
2026-05-29 06:00:00,31.01047676791504,0.0,22.417933684940646,59.49366175418233,9.003542729042012
2026-05-29 07:00:00,32.90048506804962,142.4158092393687,60.120297794089545,88.58509960333221,14.05478454355978
2026-05-29 08:00:00,35.86328090479669,379.00086208134354,27.29000363463777,78.56931852846625,6.569566425341737
2026-05-29 09:00:00,35.75966438266596,454.36818048448737,42.741896975436994,87.3786985572696,9.730327254588575
2026-05-29 10:00:00,35.899116397363166,639.2665191507065,28.761542425178938,86.7659037153011,7.6890564685837655
2026-05-29 11:00:00,37.55151331298367,663.6442483023634,33.431521591836784,81.45400819930764,13.958860678245204
2026-05-29 12:00:00,36.649511601567426,513.2754997152513,63.920502142964075,81.39567362864666,15.54413436920079
2026-05-29 13:00:00,36.965367233132014,627.2251927174482,43.18009992846211,90.16333182412284,17.230293883258387
2026-05-29 14:00:00,36.14031321360557,604.2671131502345,33.24020534917085,70.96933805602964,10.3233976048216
2026-05-29 15:00:00,35.91596859245145,560.3716902819691,24.449822891755808,65.261542269861,7.991418791222287
2026-05-29 16:00:00,33.5363327166317,446.42730429538153,13.552720159065107,81.67004984148241,4.800450298066565
2026-05-29 17:00:00,31.42666964598197,218.69232362356504,22.85903295221635,78.058548707527,12.226752387618873
2026-05-29 18:00:00,32.79262273863995,0.0,43.307631076722316,70.57892657531887,17.752558524371757
2026-05-29 19:00:00,32.27603173074496,0.0,56.3317489858966,76.51473647713753,12.518137785802692
2026-05-29 20:00:00,27.694274734213106,0.0,33.22297006872363,80.95802646255326,11.767673390483731
2026-05-29 21:00:00,28.31126541355852,0.0,65.18639646584187,81.75008511177333,13.234463334306309
2026-05-29 22:00:00,26.700061878082963,0.0,30.865736121633248,74.13068026918499,12.559328214852542
2026-05-29 23:00:00,27.932483311256366,0.0,38.058066611858465,89.20675632537647,15.891100045892312
2026-05-30 00:00:00,26.966825546217922,0.0,24.865014877967823,86.9622004637111,18.920005374052327
2026-05-30 01:00:00,31.142270931854615,0.0,55.92009170154444,84.09249430490007,14.789228434936682
2026-05-30 02:00:00,26.924195541115168,0.0,72.52132489369512,87.38923445345957,15.883149876278736
2026-05-30 03:00:00,30.109132223075957,0.0,14.631411268983637,77.70375887710101,9.7745110679537
2026-05-30 04:00:00,31.2712059298975,0.0,35.866234653506126,75.51784466568465,11.36206288366867
2026-05-30 05:00:00,31.045767562193504,0.0,60.03036338877713,73.24809987598094,12.516283788413203
2026-05-30 06:00:00,31.694394406132677,0.0,19.354482861642584,60.32681383803105,9.503136198119549
2026-05-30 07:00:00,33.06357032319067,122.1646463586734,49.5589242875929,81.11220383654272,12.988050593021539
2026-05-30 08:00:00,34.159452398678376,293.8773421154331,59.380748686140166,88.18066226606344,15.468535290771182
2026-05-30 09:00:00,36.65500962301084,464.407819606945,42.23209789837916,79.18977280407658,12.36583140289283
2026-05-30 10:00:00,34.8418859236622,561.1542295660507,49.31261174712859,85.20167389050607,11.343549819160222
2026-05-30 11:00:00,36.2665360573851,473.04759680139097,67.47220147494072,90.02723788349573,13.87760500088777
2026-05-30 12:00:00,36.27934434590047,464.19673987960914,70.2850639945438,93.1095676852903,9.674827515975114
2026-05-30 13:00:00,34.23176247492522,681.175741553268,40.12915748750936,79.8788477544154,15.219818999688457
2026-05-30 14:00:00,37.09290249255435,578.7894087625839,33.072997943538105,78.13369067686301,10.001013542097112
2026-05-30 15:00:00,36.56351519268511,516.752850967657,27.258964016921155,75.19621609894845,6.743073179266171
2026-05-30 16:00:00,33.321702127310985,258.73017478371287,55.713127939457294,81.68801229752167,14.632636332025342
2026-05-30 17:00:00,34.279453510104794,151.3156922658214,20.48203231616208,66.16844024683597,13.069632846944456
2026-05-30 18:00:00,29.587431053592557,21.829410700415163,37.27005511315857,84.789319569555,8.423774666749607
2026-05-30 19:00:00,30.38323171959159,0.0,42.599012247343595,78.22346711478197,14.624226458728279
2026-05-30 20:00:00,28.98205007904569,0.0,33.51362799224529,75.87585785926103,14.211280058636738
2026-05-30 21:00:00,28.22472550592776,0.0,45.25596965831346,78.42219386735923,20.16232133063089
2026-05-30 22:00:00,27.42336779334656,0.0,79.52636545741797,83.1161470406956,13.036217805740502
2026-05-30 23:00:00,26.71640279730785,0.0,39.23468682782847,79.42349525714957,11.744228046069775
2026-05-31 00:00:00,26.173172367526245,0.0,33.954732062493264,81.19483217028653,9.27054908637741
2026-05-31 01:00:00,26.70633026712665,0.0,55.7157938396319,80.44656135303302,14.760491046067512
2026-05-31 02:00:00,29.11933774947673,0.0,44.07957113608694,85.88999765528465,12.18556105288315
2026-05-31 03:00:00,27.389408616752775,0.0,62.075853042074755,83.61849517984473,17.055508716176554
2026-05-31 04:00:00,32.10921917470949,0.0,42.95613077119989,72.30937890917545,10.412004997991032
2026-05-31 05:00:00,29.557468143527263,0.0,36.75946835433861,85.67473874577892,13.725396723541373
2026-05-31 06:00:00,31.989354139559072,0.0,13.729943152485777,73.67639604349965,9.735118188522932
2026-05-31 07:00:00,33.71394083720055,200.08400363453038,16.189796066728007,77.3567739526237,3.439569576009813
2026-05-31 08:00:00,33.797994480607606,422.31217755492673,12.950336117497567,76.65218312733478,13.159679546492125
2026-05-31 09:00:00,37.00988323968617,436.9552997939452,46.1759039681677,75.31194446033106,5.316595912748515
2026-05-31 10:00:00,36.71617949488068,682.4011781988786,20.052074275892213,70.94602279111064,10.364666638949366
2026-05-31 11:00:00,36.240533222203304,527.6321910468847,59.31947696269485,88.61521963362753,12.390504090463063
2026-05-31 12:00:00,38.45992136252534,675.2120980922322,40.939514946743415,87.69197810840967,12.013498091588604
2026-05-31 13:00:00,35.18676697433873,714.4927534420431,36.82301268737908,78.29417061909209,12.03039372582875
2026-05-31 14:00:00,35.272275601093575,667.5025460733976,27.827990345839037,72.58020685903728,11.541269945649669
2026-05-31 15:00:00,35.944152625005884,465.5652070483104,49.8196976979572,89.5249822714583,13.943275558671695
2026-05-31 16:00:00,35.21918351060598,352.0067613266451,28.41834918076794,72.73857541545156,10.9859939282232
2026-05-31 17:00:00,33.390780833781776,157.47018833646928,25.705146412855896,77.11252210022116,21.7480470459358
2026-05-31 18:00:00,31.511927138763266,0.0,58.311065282984345,81.76206291999964,11.545982340895245
2026-05-31 19:00:00,30.056304643728737,0.0,45.80513388552945,82.33820163862444,7.399820121116441
2026-05-31 20:00:00,30.648098361335087,0.0,36.961875050180026,73.96599343861558,6.208041592727056
2026-05-31 21:00:00,28.45425629603146,0.0,50.10731124490986,80.43538447683314,15.138392941080824
2026-05-31 22:00:00,26.21323973452398,0.0,40.619794570564586,77.13647649765353,5.664448859363364
2026-05-31 23:00:00,25.638774953968124,0.0,46.231013730679365,85.07312815101224,7.472560518005971
2026-06-01 00:00:00,28.674483849004165,0.0,27.6571458073546,77.47918612818854,5.9678210795164475
2026-06-01 01:00:00,25.942964915601326,0.0,70.96584347664576,92.30101988758199,15.376860640764669
2026-06-01 02:00:00,27.731407510920125,0.0,31.215564827843046,73.5653803123096,16.88360777348423
2026-06-01 03:00:00,29.927628601857506,0.0,63.25010924723608,84.3311280887934,9.386719545136167
2026-06-01 04:00:00,29.9117236206454,0.0,37.07683160341928,81.95760709718472,13.542007340021785
2026-06-01 05:00:00,29.427953787148347,0.0,52.01632107781086,86.93338795296657,2.0530330002551
2026-06-01 06:00:00,30.38658181889323,0.0,50.92321682837847,74.99389615638387,9.567180470869491
2026-06-01 07:00:00,35.431934382844936,106.61937219467043,57.11264067023711,84.60235004662084,15.265531681372021
2026-06-01 08:00:00,32.85347017311528,373.19554555366614,27.300508735524254,71.88085569789173,10.115806823952276
2026-06-01 09:00:00,34.523268044493186,356.494823240224,56.044395362169354,87.42911344122192,16.778335200613594
2026-06-01 10:00:00,36.521365891757476,435.42162434013545,67.60646210665803,94.77593557068842,4.44756207209079
2026-06-01 11:00:00,36.252071290277975,706.4396101574904,36.029469654358564,64.55996599196041,8.861568974854325
2026-06-01 12:00:00,37.452930908996365,634.7153672322986,40.43045535011826,75.25993343838118,13.83250876295575
2026-06-01 13:00:00,34.62850951102552,680.352306450964,32.05816470578411,78.18911847778811,13.363688358743616
2026-06-01 14:00:00,35.76359196247593,587.6037149853887,34.71332056020992,77.34457008074952,13.803407034789771
2026-06-01 15:00:00,36.123513420110115,340.4989766416478,65.58120632697378,89.72502915956527,14.109106817404
2026-06-01 16:00:00,35.09237914275456,395.2864116751234,24.846346451033362,75.39305183526528,6.665819330612286
2026-06-01 17:00:00,32.25689010894943,186.5890198850802,25.778082015224843,73.007281971638,8.172444760978138
2026-06-01 18:00:00,30.378761084654876,16.313254317475685,64.07337838920208,80.40987419855443,22.4692082386741
2026-06-01 19:00:00,30.69071595676399,0.0,49.27809073131186,75.82324442380931,7.426395482340781
2026-06-01 20:00:00,27.5007827033208,0.0,71.71541807862428,84.13998811337044,7.923486894265967
2026-06-01 21:00:00,29.841002011452403,0.0,33.15328477559863,75.03668096190053,14.37722973381894
2026-06-01 22:00:00,27.581488517223118,0.0,41.804081401549965,82.2825589955096,7.853125624378043
2026-06-01 23:00:00,25.97149996209816,0.0,29.99971018640936,76.87056793115893,18.668839936972333
2026-06-02 00:00:00,25.36444642575922,0.0,41.48049725349071,77.36098732900413,23.011810744447352
2026-06-02 01:00:00,26.082695458385714,0.0,12.719529264510715,68.27089648298855,9.672218077902263
2026-06-02 02:00:00,25.374660848457882,0.0,49.605298073600395,79.13198353648326,13.718073486137541
2026-06-02 03:00:00,28.842977140694877,0.0,44.183090976160344,77.94916210364475,4.910525277604223
2026-06-02 04:00:00,28.191597687121014,0.0,38.46765978678649,75.69754678577453,16.04980391516197
2026-06-02 05:00:00,30.96077632013142,0.0,33.4755148547803,81.14032618454465,2.719228619720683
2026-06-02 06:00:00,32.43410768806223,0.0,25.90966991325378,82.50252324431332,5.937337815771696
2026-06-02 07:00:00,34.285189882321404,188.2089601564623,50.24667340426669,75.58857671782545,12.986702705298566
2026-06-02 08:00:00,34.56270013145449,383.70746099755473,21.764629938224175,79.90302205864788,13.278860428453276
2026-06-02 09:00:00,36.73363684380644,439.3171287243567,47.009418404513916,83.75849276520186,6.414879104829181
2026-06-02 10:00:00,37.86736883944503,400.71653809959935,70.44775064591713,86.88117545614757,11.352253051558474
2026-06-02 11:00:00,36.90060710844347,491.10011725717385,61.61380205343974,91.55168066771928,6.434399309078267
2026-06-02 12:00:00,37.149382802720694,843.6368112745218,16.754060583715475,71.81476658877904,9.56959475462472
2026-06-02 13:00:00,35.84021144817339,712.245287044431,31.279908818625728,78.50343085758676,8.360978440032625
2026-06-02 14:00:00,34.781513163556625,550.6486950773183,45.65274083210534,80.86457729327863,9.7398478364103
2026-06-02 15:00:00,36.93752902339832,490.58870397905076,38.27675089356002,78.32531690601655,14.518702674102204
2026-06-02 16:00:00,35.02276508153273,422.69852311866555,18.339893949538954,75.67655196414958,12.043271452359521
2026-06-02 17:00:00,33.92227125399748,179.58167574979305,45.11071899587764,80.47144811517391,14.500283760096863
2026-06-02 18:00:00,30.967375766566004,0.0,39.18072629703078,81.53066288486943,11.442233580644242
2026-06-02 19:00:00,32.55230098454445,0.0,68.04586085283199,82.82951956839544,16.270022891870155
2026-06-02 20:00:00,28.938100153505033,0.0,35.53254918451357,75.39952301572247,11.636242634523429
2026-06-02 21:00:00,27.157371422764133,0.0,56.85103050367414,80.81735758034063,10.877009271810271
2026-06-02 22:00:00,26.65939487368349,0.0,20.324653676825637,73.30826643235469,13.29851367730844
2026-06-02 23:00:00,28.948218225650812,0.0,23.91084025532765,80.75190009882216,9.50185528600493
2026-06-03 00:00:00,25.317849203340103,0.0,49.574263314685176,80.3348643770511,11.160756707702394
2026-06-03 01:00:00,25.956122722634486,0.0,55.00529562665345,87.17020985103038,17.023343938542503
2026-06-03 02:00:00,31.20014621240788,0.0,24.38844302642694,76.79432013957164,15.115772990615618
2026-06-03 03:00:00,29.450026268442436,0.0,39.1104950148015,77.20301164743304,10.766972572246175
2026-06-03 04:00:00,28.30923851810006,0.0,18.02564631460666,80.85593848204181,14.39271066948034
2026-06-03 05:00:00,29.062234325357803,0.0,36.03103652296063,82.37897987436301,6.688863179676621
2026-06-03 06:00:00,29.587704765800368,0.0,51.30317570190472,82.44654865714868,11.399804043979707
2026-06-03 07:00:00,33.18255473275345,143.50896776880248,32.224956430500654,76.72316295097306,8.60404435575295
2026-06-03 08:00:00,35.20863757794496,368.9030731018005,35.01381332838579,77.99079049867511,11.743688650919507
2026-06-03 09:00:00,37.27218269595683,609.9178133895018,21.802402943102052,66.2620851114434,14.028464100714451
2026-06-03 10:00:00,33.63015948056256,603.9676896088789,29.02395771316894,72.13665960463292,13.673906479102415
2026-06-03 11:00:00,34.86884429525358,461.19820432072737,65.12099766075791,87.41250028934502,14.934569440656134
2026-06-03 12:00:00,36.6067953663159,690.3444719330571,39.84320729329982,70.60515598436152,12.542126994592511
2026-06-03 13:00:00,40.21581132121497,751.988542467632,23.714717417783856,70.20818492820054,10.548260624066756
2026-06-03 14:00:00,37.24401138919178,636.2128493078931,34.02775466877296,75.00761541822028,16.506137000380498
2026-06-03 15:00:00,35.78238472896717,591.109542927925,14.787919600044397,86.8978953979682,4.553285496911673
2026-06-03 16:00:00,32.669810449468315,375.92881744904764,23.536938535439646,78.40244931259788,8.509767122470027
2026-06-03 17:00:00,30.30032545383709,134.6526212160205,59.154430003239625,89.78026781064595,14.6028497798527
2026-06-03 18:00:00,31.812715708420512,0.0,36.61209755174375,74.40538092698915,17.942130896590157
2026-06-03 19:00:00,30.33893555573841,0.0,67.11028655906091,88.08701094410928,11.972165968114037
2026-06-03 20:00:00,28.914061340436184,0.0,37.31911634010199,70.24179734143466,10.822238425004976
2026-06-03 21:00:00,27.73211344327581,0.0,38.20965347467039,77.78952292252046,6.750808165250917
2026-06-03 22:00:00,26.45922387165891,0.0,48.36274629567468,84.69863263277516,10.252063252481818
2026-06-03 23:00:00,25.66164722056145,0.0,0.0,63.11286352727938,12.832922665486045
2026-06-04 00:00:00,28.594074901754972,0.0,41.239188897444556,82.03637068850809,18.379134042853263
2026-06-04 01:00:00,25.80559884714303,0.0,37.43030172172666,81.917092773639,10.698372514236365
2026-06-04 02:00:00,27.0985952687373,0.0,60.45568244536814,82.08661515110227,9.826886972547504
2026-06-04 03:00:00,28.201379320694603,0.0,52.63528995509519,78.80459169813052,12.910769488917191
2026-06-04 04:00:00,30.20587919959904,0.0,21.159723759438922,71.23284011942935,4.599265920826308
2026-06-04 05:00:00,29.386240094990463,0.0,56.797178322054634,82.10661380281266,17.782186782798068
2026-06-04 06:00:00,33.05920319200871,0.0,34.23038115892601,76.06484471508155,6.788587219196209
2026-06-04 07:00:00,32.3282437195517,199.50972972044735,24.598300648200258,77.8983823554263,12.485084065933464
2026-06-04 08:00:00,34.07724844402502,332.2894251133812,41.12164780570897,76.54681203323364,13.252058945665281
2026-06-04 09:00:00,37.45927683134886,537.0185232136552,35.12355870768366,85.22262887453348,14.267139705493422
2026-06-04 10:00:00,34.857845755952276,463.6110708094998,61.24207875306879,92.10621419591543,14.084472382737488
2026-06-04 11:00:00,37.55452002167658,627.675151660148,43.27442947000908,80.41643579817111,12.174572633685901
2026-06-04 12:00:00,38.09370889253577,664.8142764118273,41.249982855931016,76.92526885487624,13.776893691192022
2026-06-04 13:00:00,37.02021103841612,582.7787813054412,51.67480528547253,78.7492631723667,15.922498396778124
2026-06-04 14:00:00,35.965051714139825,512.4390217172304,54.55817331403161,83.87857864079317,19.91373455195977
2026-06-04 15:00:00,38.08666391559791,409.52680981883464,49.91917545710042,83.27536839778068,8.085879657709363
2026-06-04 16:00:00,34.26971575131319,243.929642541406,59.45705113486524,82.76878358406135,5.616659036326772
2026-06-04 17:00:00,33.347110739613605,195.35042158282621,47.29533523634776,78.90611964466117,6.177194542337374
2026-06-04 18:00:00,31.35022995801757,0.0,40.67987101354146,81.2811497651834,4.780894151402038
2026-06-04 19:00:00,30.69002595313939,0.0,56.75267997396137,83.97987358201647,8.038905138135865
2026-06-04 20:00:00,30.541068136376747,0.0,36.80165694140885,75.80864161225365,6.533630397884534
2026-06-04 21:00:00,27.89428391494109,0.0,38.66379678781085,80.09700422285019,10.267722208467124
2026-06-04 22:00:00,24.716498145493325,0.0,63.98875280209465,83.31336722053796,16.619927751311444
2026-06-04 23:00:00,27.62572687027488,0.0,62.4939609619694,81.77133791358821,15.630639551335957
2026-06-05 00:00:00,25.409966875696817,0.0,37.45581087971866,79.57757162971271,9.383864867952395
2026-06-05 01:00:00,27.946611892239858,0.0,30.775174323984253,74.67845502463278,9.395322951521928
2026-06-05 02:00:00,27.47995247897137,0.0,59.52605048669598,81.14452663624482,21.019407826854952
2026-06-05 03:00:00,29.50230957751051,0.0,49.58472335229671,87.24940450945927,14.85837608599013
2026-06-05 04:00:00,28.0789547508459,0.0,42.31216679652895,78.45517213169936,12.80643706447381
2026-06-05 05:00:00,29.821918858641048,0.0,32.75035733071933,86.9811098305916,12.123524965093214
2026-06-05 06:00:00,31.36975481534692,0.0,42.55389666428741,83.11620575474812,10.970706639334246
2026-06-05 07:00:00,31.178930011248656,239.6172810898313,37.25282108525296,74.58284882042197,19.87519304418761
2026-06-05 08:00:00,35.75664792046827,371.7232213711211,27.613375289973565,81.3886446869029,10.621281530077267
2026-06-05 09:00:00,33.234285764126284,468.27304476966145,39.51408291237703,75.36028036362501,12.57288712895107
2026-06-05 10:00:00,37.56843637143209,559.5092404539861,41.55980866816262,88.67142425759579,5.4827222077628015
2026-06-05 11:00:00,37.193148802859376,745.9889971309605,31.947521979765035,77.58887352207931,9.051912810235093
2026-06-05 12:00:00,36.55327411709256,556.3559287377176,51.13583331271127,84.06380422713228,10.353920647870705
2026-06-05 13:00:00,37.09008177380883,548.46811148029,56.910933868233336,82.86898523489322,14.790721243789033
2026-06-05 14:00:00,36.55498194288989,505.55358035997926,52.12691338839969,82.92789397866125,9.505469345130315
2026-06-05 15:00:00,34.826779270019586,470.9276154210096,33.43472220535858,76.03911527835862,11.864984389992824
2026-06-05 16:00:00,34.69939640780602,285.65086911314825,48.91577054639408,76.4449913769698,10.020369056652257
2026-06-05 17:00:00,34.05643520172299,184.07681110592284,38.74786894546911,80.32687737471251,7.534828114795387
2026-06-05 18:00:00,30.583714139370954,0.0,19.042258305079226,79.347004284627,6.3869418159471065
2026-06-05 19:00:00,30.96775986166712,0.0,47.66938866103469,75.36897148289322,11.689880876535598
2026-06-05 20:00:00,25.897579024016835,0.0,39.770422597922725,87.81033791425745,12.40077345690892
2026-06-05 21:00:00,25.76778787333546,0.0,76.48166801460812,92.31093477858508,13.049183194465957
2026-06-05 22:00:00,28.215559277239443,0.0,59.4375109327469,82.49250294242167,9.640423565118276
2026-06-05 23:00:00,26.438994516295473,0.0,48.245700337586364,79.87168772635884,11.861260071267608
2026-06-06 00:00:00,25.724995020454188,0.0,40.727111859134915,89.6938408999563,10.745508887818778
2026-06-06 01:00:00,26.93590239762639,0.0,39.445388165682495,84.56458519019493,7.804800112062113
2026-06-06 02:00:00,26.989600474437072,0.0,21.934213285315607,81.18536917977107,11.429047698939968
2026-06-06 03:00:00,27.01374060160615,0.0,10.904745931813562,71.46881679084254,17.78654501389672
2026-06-06 04:00:00,27.203700929182467,0.0,23.901167703588747,78.72231619459374,10.59672614338087
2026-06-06 05:00:00,27.981764707229523,0.0,36.273799067255766,80.66807812368306,5.969367591388799
2026-06-06 06:00:00,32.794894745533576,0.0,5.40646516667746,69.60913084884227,16.144502282998992
2026-06-06 07:00:00,32.57931045198785,222.48310947151344,28.824727455720986,76.91557085498692,16.469722406163392
2026-06-06 08:00:00,35.59487875281115,390.68004578739357,33.275358842945835,82.57986377192307,17.39387745951831
2026-06-06 09:00:00,34.80755333664452,511.36403883614094,33.758156037530355,85.26636372546298,11.51903837267563
2026-06-06 10:00:00,36.626052601872345,652.0285681193294,27.06370036699005,74.0645336273924,8.218966997759727
2026-06-06 11:00:00,36.501068002536215,718.4558228058794,31.866847124091215,69.97627030855159,8.021239109843567
2026-06-06 12:00:00,36.89224539221258,513.9215425041368,62.84796176167015,92.44611828859422,17.707295059552536
2026-06-06 13:00:00,36.785041629935364,553.638964664989,46.92173356217127,88.54346676061762,18.769602528479
2026-06-06 14:00:00,35.58517287973703,663.4089603148996,28.585042686339975,77.8604221473681,7.74775975330121
2026-06-06 15:00:00,33.77149058388519,517.3611100347434,35.96433751438277,86.93851560338715,1.7177903733578876
2026-06-06 16:00:00,35.33043591394157,384.0631992042295,36.56485430502822,79.52972481495148,11.757098818271146
2026-06-06 17:00:00,35.20017070005804,181.2116560520964,25.470222833709958,70.59223561486745,7.656476896253642
2026-06-06 18:00:00,33.99144467766199,5.654132896531926,25.452601073654403,68.75378387634478,8.443565211690892
2026-06-06 19:00:00,29.821118534794785,0.0,52.14741464471292,76.00524461418605,11.6544944188515
2026-06-06 20:00:00,28.38134265933389,0.0,30.692788677059983,77.48877989509292,13.174133662203824
2026-06-06 21:00:00,27.578363556577102,0.0,20.56910853434915,72.72429434337901,7.904600858251809
2026-06-06 22:00:00,27.27574900298664,0.0,36.34244917877058,76.14997184530243,12.361428592692075
2026-06-06 23:00:00,26.936636259886225,0.0,38.75970063674907,79.16489659315063,11.43336832903443
2026-06-07 00:00:00,25.558390048651333,0.0,6.808029011568166,76.20810547824061,1.119008509513364
2026-06-07 01:00:00,25.10241131243146,0.0,35.787397007217805,76.49644617190165,13.969270409707036
2026-06-07 02:00:00,27.590495023923253,0.0,49.418291389699604,78.68903131521706,10.666894901351291
2026-06-07 03:00:00,23.730631307287585,0.0,43.167033157303194,78.87711030121925,7.102901306220424
2026-06-07 04:00:00,29.224843179275275,0.0,69.84551910240026,91.73228069594947,10.58828408217105
2026-06-07 05:00:00,29.33342992793884,0.0,55.16523460915838,83.0912047224282,13.57012454135121
2026-06-07 06:00:00,32.869897928982525,0.0,58.132602745738495,85.05220461883383,13.091562597024785
2026-06-07 07:00:00,34.51171761013512,108.01154843576721,78.3998814131906,96.23833042093271,16.497724358753256
2026-06-07 08:00:00,35.748316532708145,322.64528247402245,47.770936301094665,94.8468528226069,14.134881149160982
2026-06-07 09:00:00,34.94085000464074,477.98662705971583,38.84464549346621,81.72197095078269,7.255818515349938
2026-06-07 10:00:00,34.710136847755585,518.9924871406602,51.004696775945675,84.30143697009152,0.7329974615416148
2026-06-07 11:00:00,35.62635616390457,739.2025144564302,28.01004587355079,69.78592283071049,11.884123729225747
2026-06-07 12:00:00,37.229590932521646,722.3333820902155,38.01388716690024,79.81161087467572,14.42449919028843
2026-06-07 13:00:00,34.54570235827762,726.884934673776,26.682677728300995,75.84879053764008,10.524356652096722
2026-06-07 14:00:00,37.99743839961127,540.3122469454886,42.36836073791892,83.40371569176389,14.760835932180578
2026-06-07 15:00:00,34.96141190898203,537.8367050942367,26.619956054178395,73.50154292218217,7.324426530844098
2026-06-07 16:00:00,35.00592281856164,430.76516277227387,26.094664876549935,76.3263631155936,9.920656992941762
2026-06-07 17:00:00,30.83393832204054,140.8029519196199,42.600691771058266,83.10124382661625,8.447728103239019
2026-06-07 18:00:00,30.651920410899972,16.253392389507187,34.33292076276719,87.52815500317348,14.505837715873477
2026-06-07 19:00:00,28.08421892951993,0.0,7.485775338724494,79.52766995831152,6.732685585096563
2026-06-07 20:00:00,30.683243386327327,0.0,14.565238554794355,79.41918491397989,18.96765887210214
2026-06-07 21:00:00,28.11189697661557,0.0,19.189595002553745,78.26621055583793,8.951503274850475
2026-06-07 22:00:00,28.268266464930743,0.0,23.154013782766082,73.44163080896908,14.350423690701556
2026-06-07 23:00:00,27.108505699969584,0.0,42.614942316655274,84.27015323474885,10.17416448897901
2026-06-08 00:00:00,27.484510135285873,0.0,39.08981966878664,75.8384387533811,17.304976995344703
2026-06-08 01:00:00,26.60718901522338,0.0,51.78492753820009,81.9740591903083,17.787282949369022
2026-06-08 02:00:00,27.280756279961537,0.0,47.09776430683867,90.6241717852321,11.059824333054618
2026-06-08 03:00:00,28.220706514815053,0.0,51.88428130545197,85.47787297167903,13.693011687954744
2026-06-08 04:00:00,29.902813716605202,0.0,44.931679834598945,81.93256325858475,17.342414572811613
2026-06-08 05:00:00,31.14315128727064,0.0,38.95092659908445,80.8948132692012,13.16486591145477
2026-06-08 06:00:00,35.53036051440935,0.0,52.296013097026936,81.32530984507837,8.931897980653197
2026-06-08 07:00:00,35.3556705563059,127.42325426220583,49.5969288388136,70.36678962759633,12.760110354652033
2026-06-08 08:00:00,32.06310614354328,288.56760827610685,41.447167476021974,73.28039020448982,9.079468296235905
2026-06-08 09:00:00,35.22498934982711,436.09093666234133,54.87181502561424,85.57039710224842,13.347569913712633
2026-06-08 10:00:00,35.67795499177685,809.1874617442282,0.6189133251611523,64.25030933006506,6.881055028701319
2026-06-08 11:00:00,38.36929132169815,697.3633993606524,31.448789350605356,75.61887493630006,13.063662011554449
2026-06-08 12:00:00,36.46502021381823,730.7818665927567,31.21887997793614,70.24775135264184,4.40577678003986
2026-06-08 13:00:00,37.308697237325816,571.2979799994026,53.09598012493566,78.13445240538947,8.166876522123307
2026-06-08 14:00:00,33.16743946475784,457.7403785787362,59.376661916973646,83.89774189863586,9.795938494342531
2026-06-08 15:00:00,33.44334541632128,613.20791985446,14.053046409558164,77.16606297285117,10.061795964695763
2026-06-08 16:00:00,37.095473698033004,255.88768157532365,56.97324457495124,88.35062693725128,6.800334778899857
2026-06-08 17:00:00,33.234905508383136,204.97714773962772,18.23405917231807,69.95009279771158,7.377877064186652
2026-06-08 18:00:00,30.577494534690082,0.0,18.687508279299763,75.66876908256688,14.0468595243675
2026-06-08 19:00:00,30.897129472276504,0.0,32.29145142780163,70.36114987524671,15.203232767482113
2026-06-08 20:00:00,28.006515925711536,0.0,31.032639880723334,77.88923557791023,1.4171329641928239
2026-06-08 21:00:00,27.971573054802683,0.0,12.429477766958957,77.72822308720896,8.274491348867688
2026-06-08 22:00:00,25.656962225260397,0.0,45.553906565100604,81.25469534199499,17.377039981165062
2026-06-08 23:00:00,26.020525850623006,0.0,45.99677333361113,88.22455066062845,13.843992904237531
2026-06-09 00:00:00,26.352607653028393,0.0,51.02178748243098,87.03715223529103,14.18048466622087
2026-06-09 01:00:00,28.52112532651699,0.0,28.709333593307942,78.15578734115603,13.692055228224042
2026-06-09 02:00:00,28.166978140390523,0.0,34.61742281538919,77.23078507954385,7.895149501561091
2026-06-09 03:00:00,29.18839269011659,0.0,34.75475606643628,75.6887811637971,12.593859902728093
2026-06-09 04:00:00,29.360338302551433,0.0,60.531095162002885,77.48888871133838,14.913490050481652
2026-06-09 05:00:00,31.669453951692464,0.0,0.0,62.82379535821709,10.428320248890051
2026-06-09 06:00:00,30.758270299178395,0.0,20.85699830513937,79.62518230945774,9.468318161830213
2026-06-09 07:00:00,32.23542284636104,192.29430314854224,35.29427618185289,85.60670964976521,11.57236901617284
2026-06-09 08:00:00,34.92371374221855,390.6889710129639,18.927610016243378,68.1381621675213,6.385802076574807
2026-06-09 09:00:00,35.066487648222015,511.8366346435603,31.33635818090916,76.96505102179073,14.02344456894032
2026-06-09 10:00:00,36.205972765375115,626.9132747633888,33.32003049442728,69.07674462294449,5.924662916047622
2026-06-09 11:00:00,36.51009861948098,745.8112662992744,25.34587190808889,70.02603535222056,8.002256611378888
2026-06-09 12:00:00,38.52333088825453,707.5594151005911,36.17819743151601,78.61519640401104,14.53604997880647
2026-06-09 13:00:00,38.420693293252484,623.47865111013,44.63340270634312,76.85176150614576,13.392695741442825
2026-06-09 14:00:00,35.40995687951393,598.4833563130278,31.66716686451089,67.07433055731065,9.646757323170169
2026-06-09 15:00:00,33.14154910429939,478.80385179096476,28.413242530444887,84.77640210399787,4.570812723984512
2026-06-09 16:00:00,33.468899378170676,352.6977220133186,32.72468979016784,76.96510435027373,11.451703743301866
2026-06-09 17:00:00,32.021892384298866,197.26806761204944,35.09961834029208,72.49959298681232,9.23427594079454
2026-06-09 18:00:00,32.975118192363404,0.0,9.106370059959591,72.02049582432528,12.37698763334468
2026-06-09 19:00:00,31.7963968436188,0.0,42.1344723093951,79.4098225886169,10.040226986843694
2026-06-09 20:00:00,28.053448911375234,0.0,28.446145098274005,79.06264684782238,4.419639794843419
2026-06-09 21:00:00,27.37745525727057,0.0,54.134189662141694,81.77765513041506,7.171782308896146
2026-06-09 22:00:00,25.64100391697078,0.0,44.07696567461304,82.79438325657392,10.495870154783841
2026-06-09 23:00:00,27.238908298458856,0.0,52.762159603270746,87.87288352318275,13.073175510666907
2026-06-10 00:00:00,26.852358610233512,0.0,19.449991144385066,68.29372329650228,6.316951429361184
2026-06-10 01:00:00,28.10697919710141,0.0,29.044248432297294,73.62874496025107,8.418271730145403
2026-06-10 02:00:00,28.226893629881214,0.0,15.978170738247552,78.00681844946426,13.96880249753612
2026-06-10 03:00:00,29.168479922316443,0.0,24.0371799161688,72.927097349367,15.6404367891323
2026-06-10 04:00:00,27.406147314154687,0.0,53.396629417737564,82.87987278293829,13.777490532360787
2026-06-10 05:00:00,29.80243089279361,0.0,56.927406718946116,81.45952454890907,11.706222594437108
2026-06-10 06:00:00,33.14431646204231,0.0,17.393048628041793,71.38648956182936,8.383994798414374
2026-06-10 07:00:00,32.504696237387314,176.4933782029051,27.740883025349437,73.64484116616735,13.543941430440613
2026-06-10 08:00:00,32.29491432906639,309.9603744740661,33.47211296974945,71.28035091132578,10.408130952047653
2026-06-10 09:00:00,36.496670325642036,452.66608721020935,43.39913267725541,81.72126738627982,15.850466594638494
2026-06-10 10:00:00,35.49043249127961,709.7878540281208,8.217894097061304,76.09242460229584,14.30163142210814
2026-06-10 11:00:00,38.12180718903643,817.4343142539285,10.570046827182114,70.09178739461922,12.16881118020304
2026-06-10 12:00:00,36.886810828783744,726.2692311500064,41.95944020819473,83.75415307753184,10.107488880726095
2026-06-10 13:00:00,36.37999382155009,868.9312236338952,5.3794695163398245,67.4824544297866,8.58743384114437
2026-06-10 14:00:00,38.013025143258716,620.0559754248482,27.913086958025637,72.5757388011868,4.820844253890592
2026-06-10 15:00:00,33.75283156693057,492.4223704166699,37.046425178491305,80.30216607433277,11.641698978386627
2026-06-10 16:00:00,36.27523749939656,312.4553715466507,40.85003759910545,80.95809701598881,11.707734224325236
2026-06-10 17:00:00,32.37368239717905,209.58846201744922,32.48927661695121,76.75247314808998,6.114359997358043
2026-06-10 18:00:00,32.121830784286956,0.0,29.128697264395733,79.89684025043168,20.913051136084718
2026-06-10 19:00:00,30.840020994416797,0.0,47.283610945855884,74.81001523205953,14.589167827599884
2026-06-10 20:00:00,28.8554941952449,0.0,38.89313694559505,77.92509980956213,8.58287419449259
2026-06-10 21:00:00,27.38446956284339,0.0,24.90979872083679,80.99386837626015,19.462257792928966
2026-06-10 22:00:00,27.099854101299275,0.0,35.18089150034226,83.59087601382151,9.774848404957066
2026-06-10 23:00:00,25.76218934550017,0.0,40.36258338995158,84.45644589269313,15.339485321434756
2026-06-11 00:00:00,29.47675024833885,0.0,59.79112551504517,89.67996463221247,13.340086633685852
2026-06-11 01:00:00,26.47110201916768,0.0,45.81242191764814,79.66973741369002,10.443586903900137
2026-06-11 02:00:00,29.102705824343143,0.0,52.2359197325836,74.21758364315615,11.264029760297271
2026-06-11 03:00:00,29.72599235272288,0.0,24.858455948779998,74.51178317648689,16.989529617551515
2026-06-11 04:00:00,29.89801007315033,0.0,26.154823299449408,79.28398296869221,14.812661448648797
2026-06-11 05:00:00,30.45572344270764,0.0,30.486867001079595,81.1005419296928,11.034723830300981
2026-06-11 06:00:00,32.178117813710905,0.0,31.863977193701988,74.55791916751507,3.3919027365207857
2026-06-11 07:00:00,33.96411733544943,182.75547881519748,18.897192526231095,68.83960168077999,12.162571191190152
2026-06-11 08:00:00,34.55681041128192,317.26028566197573,53.00657129162672,77.77557445362947,7.664428792979827
2026-06-11 09:00:00,33.42496163060242,436.99978861067143,47.267841459656324,78.1348724594657,14.517763941736822
2026-06-11 10:00:00,33.89252372030346,644.0120550251778,29.43239897375184,66.83852357597345,8.615404240366473
2026-06-11 11:00:00,38.717515234907054,658.4850630371183,43.64322662848225,76.51745033584353,9.74444909625817
2026-06-11 12:00:00,33.5010733383263,674.4794384209112,37.36105433833202,78.60448618678217,9.31571440416343
2026-06-11 13:00:00,37.010221243666656,637.3981876693379,44.81498660724507,79.2127918594235,16.32280894367276
2026-06-11 14:00:00,35.95085701258716,721.8833336547938,13.852960040389998,70.4692584846589,3.6275775487973982
2026-06-11 15:00:00,35.670776808049474,531.493035542885,31.832650795312926,73.21124608481148,14.542680129183735
2026-06-11 16:00:00,32.944244648902156,351.4208844918277,33.14698897468752,74.5310747124066,13.026552542564389
2026-06-11 17:00:00,33.67617737233338,163.03978349043615,43.37219838744922,77.0659996455363,11.87806838545689
2026-06-11 18:00:00,32.194022776934005,20.50334143778203,24.59100287554245,78.89604812661557,9.437356434588338
2026-06-11 19:00:00,34.221421458457485,0.0,0.0,68.9121421046839,11.945928025096466
2026-06-11 20:00:00,29.59517547297896,0.0,17.79207112803064,89.89294484444366,9.129516416776397
2026-06-11 21:00:00,30.143373145450255,0.0,33.10184710761084,76.14227154135101,9.858808308677924
2026-06-11 22:00:00,25.647783015501762,0.0,34.97583027582442,81.13615586124195,12.003805859145503
2026-06-11 23:00:00,28.42269619452006,0.0,59.273788732649216,83.05487383347861,19.842711678504223
2026-06-12 00:00:00,27.234350410727657,0.0,42.16009348363155,78.83319545992501,6.056518920755606
2026-06-12 01:00:00,27.461226274674928,0.0,34.641851062232405,86.40313666369676,13.734909298936861
2026-06-12 02:00:00,27.978707204460058,0.0,32.933027722038496,83.07419272541556,11.07448148054454
2026-06-12 03:00:00,30.62290083365355,0.0,49.98164760630546,73.17852772190324,11.616699163177149
2026-06-12 04:00:00,29.7718309223231,0.0,24.56724009139849,70.61340544229695,5.120476787164812
2026-06-12 05:00:00,29.62674122742965,0.0,31.31464005765108,76.75344079634917,4.542596456595485
2026-06-12 06:00:00,31.13947566583088,0.0,17.080025071685537,71.06352113378516,12.213729051046485
2026-06-12 07:00:00,34.29655608442048,147.94045639108475,54.70248760418962,75.03950291107306,7.657755387493562
2026-06-12 08:00:00,35.02188721256992,370.70965216035137,39.306380928784264,79.20233707187214,16.03080201715768
2026-06-12 09:00:00,33.48611326218137,592.1248837332649,22.806047433700872,65.33796918013299,7.0768671943253745
2026-06-12 10:00:00,36.939356506823046,647.817849384221,31.702071718985444,77.0683782606429,13.789011331516187
2026-06-12 11:00:00,35.3627791844804,680.9067903447361,41.06365832185426,82.66138101955384,9.748972147550097
2026-06-12 12:00:00,37.509930542577074,746.7219960115564,29.65811318292593,80.2017181441501,8.986902869670143
2026-06-12 13:00:00,35.72260399825493,766.1454783796676,25.40183754807105,74.32049844000191,7.614672111426616
2026-06-12 14:00:00,35.90439588072923,707.0742493184099,23.60479158399509,82.11961727720818,12.92750566133871
2026-06-12 15:00:00,34.767478027690196,511.023536321593,38.503325362376785,80.11883986865925,14.787453797035985
2026-06-12 16:00:00,36.414781995089754,401.60103605246894,28.048082685599784,79.82892984710367,10.140275106144005
2026-06-12 17:00:00,33.75669241779939,214.32350250082925,26.61253085231887,71.95831019975573,13.695450609597039
2026-06-12 18:00:00,33.57964201988329,48.92820289095226,13.377970547928975,79.96572031818117,10.71933171363594
2026-06-12 19:00:00,34.4098762238729,0.0,34.583505521667604,77.51960655427948,6.392262815108413
2026-06-12 20:00:00,29.501042061392678,0.0,30.70054529188144,85.18383539795009,13.04915986995571
2026-06-12 21:00:00,30.357248453142613,0.0,28.59417164413059,83.43572207949141,10.227559783581126
2026-06-12 22:00:00,26.70077573269093,0.0,36.40045703609084,80.43318794164365,1.3628384365803363
2026-06-12 23:00:00,28.74190752834661,0.0,44.63893081479853,82.9268812299541,10.66885782468102
2026-06-13 00:00:00,25.90296543638792,0.0,43.342697226762986,80.10054817658667,5.3931336642043535
2026-06-13 01:00:00,27.09915813559907,0.0,41.1101426611524,76.16674760608787,7.129348123473654
2026-06-13 02:00:00,28.32054087300934,0.0,29.20916096812014,80.0802000513561,10.464651480053535
2026-06-13 03:00:00,29.31969363118764,0.0,24.314240108537334,78.45081658359469,10.914836618056146
2026-06-13 04:00:00,27.798409803282002,0.0,17.160480527819402,66.07699587811408,7.517809857819031
2026-06-13 05:00:00,29.53150321151818,0.0,23.92186753758473,75.1868459098706,13.305295053100718
2026-06-13 06:00:00,32.74761204044808,0.0,33.113966574704506,81.75642164465197,11.197611466709711
2026-06-13 07:00:00,32.76879063138149,213.3173019196416,21.02492332286872,81.71959770784723,9.355330232478895
2026-06-13 08:00:00,32.63617387652612,340.3941193982194,34.260072234417606,81.34617450804777,11.886621983502872
2026-06-13 09:00:00,35.39599108911904,568.0308521137091,18.337364978977995,65.73860892952813,15.737103821226913
2026-06-13 10:00:00,36.12819099900721,778.7333994561027,7.904336812550628,65.33463316653362,1.7939482161480065
2026-06-13 11:00:00,37.01234554519283,640.4838302618001,45.11030696062789,78.0457394338777,17.45361137446195
2026-06-13 12:00:00,37.640740655277405,753.293581017443,25.70299621716829,81.82369762775127,8.818579846931684
2026-06-13 13:00:00,37.38770283629962,758.1762797306188,20.263710349297593,70.47239059427162,7.897501871231743
2026-06-13 14:00:00,35.28422893410694,725.1506669607061,16.411508028194383,78.15324226056484,9.211875091742456
2026-06-13 15:00:00,34.95418383465198,496.16786073427016,39.16475476861197,75.48239812892679,8.411422481627323
2026-06-13 16:00:00,35.65885223932009,329.5508410690149,53.44283081967547,84.72496899053004,8.51064149128279
2026-06-13 17:00:00,32.540681836402555,171.60396233565592,26.773107232563795,71.16203210691558,14.72595794134119
2026-06-13 18:00:00,31.439107261789136,0.0,29.585764527717235,75.76150808250682,12.118029913941076
2026-06-13 19:00:00,28.703081908200282,0.0,48.89369274599204,76.30990329364047,4.773919185034525
2026-06-13 20:00:00,29.41544232691431,0.0,5.662529582281277,78.26881366794045,12.979566960772893
2026-06-13 21:00:00,28.866044636301904,0.0,62.322244791345966,81.82639286778048,15.229882339904695
2026-06-13 22:00:00,25.0544587351427,0.0,69.4807196825515,79.92627877822953,7.5356836266288925
2026-06-13 23:00:00,25.731772310529532,0.0,0.0,62.05864929758819,10.721034632352216
2026-06-14 00:00:00,25.115547111484005,0.0,30.75615073668151,77.54454157578532,14.019643790667647
2026-06-14 01:00:00,28.15902194432392,0.0,21.43449369238941,72.89442939089368,4.654540325479219
2026-06-14 02:00:00,25.147609493222475,0.0,28.247122606861854,80.58325776355838,12.553498555763182
2026-06-14 03:00:00,28.32596928544617,0.0,25.94292312619401,75.11125325716888,8.596758654820027
2026-06-14 04:00:00,30.397013969054612,0.0,44.39508564762324,86.41905037139045,14.388520014568977
2026-06-14 05:00:00,30.91386608596795,0.0,30.530150565913,75.11837678785339,7.791915746514113
2026-06-14 06:00:00,31.39184690515476,0.0,18.555090957433514,79.11240549210915,15.096727678764347
2026-06-14 07:00:00,33.70829729594637,202.12325125350975,29.635921751006,71.6399507986275,10.507656644120376
2026-06-14 08:00:00,35.811858458272546,378.64439504157644,39.94046272486901,71.14667068152133,9.537448381444424
2026-06-14 09:00:00,35.35943197983769,609.3979202375118,14.462879253953638,68.24511305025206,7.833062567566174
2026-06-14 10:00:00,33.38330178373343,769.6549423167435,7.525193835883158,65.28008937004896,13.872335128777749
2026-06-14 11:00:00,38.2854749288601,527.5609426811238,62.10984118296267,77.63148361475773,10.212838157187507
2026-06-14 12:00:00,37.4841372192038,790.9914030169714,22.58229897480632,76.14121505420377,15.370898445663968
2026-06-14 13:00:00,36.75042302455892,731.6867829807628,30.15840436664002,74.75545462763453,12.36159823749331
2026-06-14 14:00:00,33.719436783840806,662.1258150395875,26.251768083049274,76.26390363290835,5.770145283653004
2026-06-14 15:00:00,35.11152588944097,498.3751711718152,40.440014731664995,81.5310218030836,12.125917419221617
2026-06-14 16:00:00,33.32567276855167,240.10973544449698,58.81054801679852,75.3253025096055,13.127965756996488
2026-06-14 17:00:00,31.676725351284187,148.36239829845408,40.91770679637213,82.37757023354419,6.373263652397695
2026-06-14 18:00:00,31.786408907715114,0.0,9.443221957332998,65.61681997043053,10.50529003926594
2026-06-14 19:00:00,29.972940990965867,0.0,11.456847765304914,69.53417075039444,12.741562208448787
2026-06-14 20:00:00,28.85266472418694,0.0,26.234227540529115,66.82002923231624,15.824322505189375
2026-06-14 21:00:00,29.389773538267598,0.0,28.195201177433866,79.9632347639086,15.747102254726588
2026-06-14 22:00:00,27.96590993085836,0.0,6.3894301272338545,63.007156205751954,19.875603542594455
2026-06-14 23:00:00,26.489994766128675,0.0,44.50881297304947,75.20315986524987,12.227778656546072
2026-06-15 00:00:00,26.164294943842094,0.0,15.322718276207613,68.31812931415648,12.98134235880851
2026-06-15 01:00:00,26.552445257903933,0.0,54.017050076316124,82.92759571424412,10.27591301251293
2026-06-15 02:00:00,27.321586012893324,0.0,58.9270156025156,83.88716981674149,20.483269046127905
2026-06-15 03:00:00,29.197121864702684,0.0,27.89372365494713,80.70335289143182,7.830944954126588
2026-06-15 04:00:00,28.118062362432376,0.0,38.20211625070256,78.85997225592442,19.267050989767725
2026-06-15 05:00:00,32.5752662881915,0.0,13.138318313166767,77.27714164157807,17.500665632077652
2026-06-15 06:00:00,32.73359411941275,0.0,40.972671541616506,81.27975076684342,8.909063475297579
2026-06-15 07:00:00,29.708179368323275,225.1585522540551,24.14464029291424,70.90253663354399,15.352540348597037
2026-06-15 08:00:00,34.58434453570393,433.13126695238986,15.308996820604488,69.35362516630707,12.592371867052211
2026-06-15 09:00:00,36.8618820732681,525.5897336876975,27.277501820635027,82.89301006936387,9.715936098630033
2026-06-15 10:00:00,36.80883523047805,688.4726930930622,24.631306518349348,80.8236547721074,10.68832949300515
2026-06-15 11:00:00,36.26697641475856,707.3541104833605,26.740135599373474,79.41538054370452,12.398917031489358
2026-06-15 12:00:00,36.893971217408385,622.3468704427996,45.86272518667518,84.75903165279605,13.735694120149994
2026-06-15 13:00:00,37.03483559501449,822.3406844358072,19.8379127548938,75.779880401378,16.968663138115033
2026-06-15 14:00:00,37.303982280879325,515.8858737084059,57.64287164103793,84.54065394014802,15.16704593197636
2026-06-15 15:00:00,33.66930113431875,625.530781599011,11.741632152049487,72.18358720486954,7.507605820048349
2026-06-15 16:00:00,33.68686667173931,236.898677082429,55.84898074210872,91.45346135036056,15.766927020968476
2026-06-15 17:00:00,35.39763732294715,186.6337302933867,16.369867315829385,70.50952898186317,3.827863144521629
2026-06-15 18:00:00,32.016221921212036,0.0,31.602328156380555,78.34964887771635,10.03377297207037
2026-06-15 19:00:00,32.665568083375724,0.0,24.264584942259496,66.67495888626532,10.051963303840381
2026-06-15 20:00:00,33.35466148006635,0.0,26.461596571361973,68.50861422183144,13.956340555596533
2026-06-15 21:00:00,27.79821137616361,0.0,43.637885189763026,89.86555076752073,19.265110294903046
2026-06-15 22:00:00,26.08679802825576,0.0,54.11492860286195,86.74961376706757,13.576521923362911
2026-06-15 23:00:00,26.798571475487567,0.0,49.47539721876442,81.3355710309097,11.028305170643737
2026-06-16 00:00:00,28.410206720939332,0.0,24.943030481141417,76.41584954790463,8.454030156442192
2026-06-16 01:00:00,28.762451689859816,0.0,33.77970380233744,71.38994754698598,15.029150270236482
2026-06-16 02:00:00,30.60495989977769,0.0,19.2847073612437,72.1398328720732,10.184890106113873
2026-06-16 03:00:00,28.39813510695209,0.0,16.14262077764871,66.535251033839,8.794319713431234
2026-06-16 04:00:00,30.115989658214218,0.0,13.8213618803391,71.51141479247539,14.496216941201151
2026-06-16 05:00:00,29.762120416242468,0.0,24.452275861507193,79.10035350810965,15.899716276886473
2026-06-16 06:00:00,28.72243575380508,0.0,34.75995993149326,80.69812978524207,7.900564461045218
2026-06-16 07:00:00,33.224062906565635,217.41509939711898,2.3386480699965624,77.59664968256637,4.130596812149472
2026-06-16 08:00:00,32.98163565813436,375.4807053028262,30.320569927557646,78.15656406296071,11.12489689706346
2026-06-16 09:00:00,36.353414458166284,450.1592702349493,53.756252334512,69.64363877354228,8.126861508971722
2026-06-16 10:00:00,33.865831890217265,590.0027834533296,47.844541502381006,90.6845956829294,7.284000504312756
2026-06-16 11:00:00,35.85001256150853,790.4167924143674,22.238114318369146,70.02855987911889,6.949279676351361
2026-06-16 12:00:00,37.32949915272857,876.530950590005,10.06278182702734,71.77678693356155,14.689257097478832
2026-06-16 13:00:00,37.295216137078384,686.9609444627623,37.91333006324153,78.44319116150757,14.497206383658028
2026-06-16 14:00:00,36.24997218519929,855.7590292763388,0.0,69.81699775300797,19.829914890017008
2026-06-16 15:00:00,37.94459881223916,392.43862780922103,47.668187204509294,80.51565101402373,9.81556124568758
2026-06-16 16:00:00,36.52181891454783,417.3375855785382,27.812063598020526,75.8531246611759,16.709945858929864
2026-06-16 17:00:00,32.385985672522885,129.4148723416791,58.485380274930144,77.20526131107388,14.898494488844022
2026-06-16 18:00:00,34.07374875611825,0.0,5.111393182622145,83.15169974150959,8.0300199177265
2026-06-16 19:00:00,32.97828284591061,0.0,44.78806884438663,83.55745631605198,11.652702637130133
2026-06-16 20:00:00,29.320443101740942,0.0,29.508242914056154,77.28839790972806,9.230859105530893
2026-06-16 21:00:00,28.505006341771054,0.0,26.050117494187926,85.49611297128367,12.33740003236292
2026-06-16 22:00:00,27.585451150009213,0.0,10.468223488086966,67.1696151850744,14.470217474737366
2026-06-16 23:00:00,26.313387851946068,0.0,39.95209406694488,84.43296352216527,10.523319253288825
2026-06-17 00:00:00,26.278799750793915,0.0,40.555984445867004,77.4713464853701,15.421336522689424
2026-06-17 01:00:00,28.87365794693046,0.0,57.190840703702484,86.02832574550354,17.944463691549288
2026-06-17 02:00:00,28.226629701433485,0.0,45.53467761712302,83.321937947996,18.25240159332955
2026-06-17 03:00:00,27.73218741714706,0.0,21.505493739878112,63.58413644527829,6.38349578632269
2026-06-17 04:00:00,28.284372840198138,0.0,15.355984919951418,66.48801885348493,10.571194032174379
2026-06-17 05:00:00,29.708528990550107,0.0,9.886552171378344,79.9975547279936,13.33205885398558
2026-06-17 06:00:00,31.775155945614834,0.0,52.512288858806194,81.15097228770458,8.278674785931413
2026-06-17 07:00:00,34.469383813272266,236.30957749464466,18.74130941004615,83.5728206775344,5.698760538942183
2026-06-17 08:00:00,33.37006221400937,318.07788956323895,52.61737170878375,88.74946080843998,12.525225084530293
2026-06-17 09:00:00,36.695914978770524,554.6513763063263,38.29000428714514,77.01673986437129,10.262643084317233
2026-06-17 10:00:00,36.574338526000105,645.0009129111899,35.36246689812354,75.86189427933746,11.078745785432924
2026-06-17 11:00:00,37.003491390997134,745.7906856928226,25.810898985809665,83.19428311805876,9.405154533816118
2026-06-17 12:00:00,38.32170272684993,653.1806059969167,40.3240173692479,88.89784860449035,20.6557649935251
2026-06-17 13:00:00,37.91416319902729,712.8482680670345,30.18186223166211,74.47533330452484,9.662501699163519
2026-06-17 14:00:00,34.4924214928394,667.8445573182892,24.875724302181982,82.78589264074066,13.586303621995222
2026-06-17 15:00:00,34.114483900642,488.2289156649287,40.85399547393715,84.29641910431724,14.117085238694523
2026-06-17 16:00:00,34.18979628598221,361.40634515842305,28.25434203589718,81.9978525568428,4.657457306133442
2026-06-17 17:00:00,33.74502762971337,243.1724870596738,18.438901993131736,74.10370099188876,16.786421895145494
2026-06-17 18:00:00,33.762116086050554,0.0,39.411325306123906,75.47642425576856,14.47375999690656
2026-06-17 19:00:00,30.77866029236875,0.0,29.45413883978566,71.52486271783457,12.100513440429193
2026-06-17 20:00:00,31.70297292260252,0.0,37.747573850581205,72.21011557748912,16.117111770211544
2026-06-17 21:00:00,27.5339556602758,0.0,23.606025798901342,85.37585750344117,10.989173179696545
2026-06-17 22:00:00,26.959188464774765,0.0,12.2771041039998,73.1301216251185,14.14158040696566
2026-06-17 23:00:00,26.761151346929836,0.0,56.44003311192827,78.42195752597203,5.317107962470156
2026-06-18 00:00:00,25.93094741811707,0.0,53.19917116145361,88.47228780793083,15.930064347190214
2026-06-18 01:00:00,28.67093989652711,0.0,43.25677441892942,78.16919161126111,12.897375265853805
2026-06-18 02:00:00,24.06243599733906,0.0,24.182839719385903,73.23146700175263,12.006206503621085
2026-06-18 03:00:00,27.80316968470855,0.0,25.495230402583914,86.593382330884,7.905618154478255
2026-06-18 04:00:00,30.986012665698045,0.0,50.73491168844697,75.43231166682325,11.661430458546432
2026-06-18 05:00:00,30.29323395053744,0.0,24.692549436488804,76.85438918138993,10.242144839847398
2026-06-18 06:00:00,33.38809561284625,0.0,20.51165945479054,71.21510014415267,6.469088138280921
2026-06-18 07:00:00,36.14442781544759,147.5139316148392,58.0835201345468,79.39669438634746,14.337380904867143
2026-06-18 08:00:00,34.597843242586485,381.15428888625235,29.284834775791914,68.86225808363034,17.756953701184095
2026-06-18 09:00:00,37.0484916570659,395.8121899621071,56.52637992770768,82.9222388971572,7.141165097587312
2026-06-18 10:00:00,39.46834900116084,781.4680044669365,9.02412133964997,66.01627299814088,12.412185591835584
2026-06-18 11:00:00,37.345690252258954,679.5804835083268,37.772773241767524,80.84822931821977,10.206885988278934
2026-06-18 12:00:00,36.9308610578352,568.589865428624,61.066238988249225,83.54189607501931,10.909667009378822
2026-06-18 13:00:00,37.99617724553792,670.6129992986237,30.446261169882927,74.39901199759032,11.82136792046742
2026-06-18 14:00:00,37.86295199974616,663.6124949615872,26.039932615983055,70.53781790059854,11.661677352807251
2026-06-18 15:00:00,35.478417225337004,620.1278419977683,12.483721236023705,79.00269753442582,11.362900658889943
2026-06-18 16:00:00,33.864346445311014,317.3677697091191,46.23514581652871,84.2075365058751,7.78829444574003
2026-06-18 17:00:00,35.520052340737834,189.92786708704588,18.448078760389688,69.92729906982385,15.282099431283884
2026-06-18 18:00:00,31.64154440640124,0.0,28.577871609150172,69.65221101613395,11.75344529036249
2026-06-18 19:00:00,32.25109537755433,0.0,11.482465803110827,62.64300621701046,12.949426393153924
2026-06-18 20:00:00,29.835070656603687,0.0,53.35341900146149,88.59986112092325,17.526064835538023
2026-06-18 21:00:00,30.832864000463314,0.0,47.32327966088524,85.80175499030653,4.681681374901258
2026-06-18 22:00:00,26.55945648306574,0.0,29.526228761803036,82.68049019899794,13.998148183410803
2026-06-18 23:00:00,26.05743954735227,0.0,12.687765966196078,72.7118843174165,9.97765823023539
2026-06-19 00:00:00,28.107873380410304,0.0,53.03860573863948,87.12353055784496,16.727432247283343
2026-06-19 01:00:00,25.697970828035466,0.0,24.511024094292793,81.45903071552203,8.020216887395097
2026-06-19 02:00:00,27.818531040345576,0.0,13.42192738773722,72.88372524451671,14.41248142221824
2026-06-19 03:00:00,30.474439154946403,0.0,3.5682298129118415,68.58015100201794,5.958388762120647
2026-06-19 04:00:00,27.176759277417617,0.0,20.310523021593376,70.16969846692824,12.62437965899156
2026-06-19 05:00:00,31.22572689470984,0.0,8.180428162050905,73.54199241895382,11.546052633334648
2026-06-19 06:00:00,33.57231006415285,0.0,20.65768745215763,76.97464452198224,10.411194356158052
2026-06-19 07:00:00,33.25745631897438,172.88739313270236,41.16613100546573,77.3202405877257,7.92996514796781
2026-06-19 08:00:00,33.29182037855574,379.8541326561526,24.368997540371502,73.70476815549699,9.74365738812471
2026-06-19 09:00:00,35.19118455344182,518.2003682752135,35.33540073170566,76.5186975056446,15.45823549210832
2026-06-19 10:00:00,35.23709235453722,737.3031206790066,19.14998010701652,77.50813650290003,16.908593676051357
2026-06-19 11:00:00,36.91657588199802,721.4508764236452,30.97753599546347,69.38526922879855,19.365517120849756
2026-06-19 12:00:00,36.63732382957337,564.8376124885857,58.81351233129031,77.73151209682568,15.047856830679553
2026-06-19 13:00:00,36.15943151027412,761.9476479703718,24.772708829596553,69.3905360752157,12.244340809116274
2026-06-19 14:00:00,36.93315969040369,612.6861078691682,35.76644156429488,76.7089768641901,13.584017044107828
2026-06-19 15:00:00,37.58542527272184,608.0472482396012,6.517091587973425,71.61784511191294,18.03992998158152
2026-06-19 16:00:00,34.92320820052915,270.1081788872822,52.80159183625306,76.66753800748158,14.722567879080271
2026-06-19 17:00:00,35.037901525120795,171.95809661946754,22.84190056582702,79.04981928138476,11.490909282173215
2026-06-19 18:00:00,34.04951342514589,0.0,45.758004748597514,87.6953214342245,11.18668348360833
2026-06-19 19:00:00,29.940313439505054,0.0,28.15229556361642,78.66601497346474,10.768451360278641
2026-06-19 20:00:00,29.85435711321985,0.0,39.1736904753121,84.9792195782735,13.504280884101039
2026-06-19 21:00:00,27.909075214705357,0.0,40.06518640816501,75.30407504857446,8.99750592493635
2026-06-19 22:00:00,25.740101045580182,0.0,23.213394907309244,71.53553500154251,8.654915934600654
2026-06-19 23:00:00,27.62990105592047,0.0,46.37859653642778,84.07328386370757,12.06364573599534
2026-06-20 00:00:00,25.631465706315865,0.0,18.615227040103505,74.66707332589391,9.123100788716298
2026-06-20 01:00:00,27.799225336612068,0.0,41.66901330041314,75.83126874066079,14.469400388117112
2026-06-20 02:00:00,25.64649168277309,0.0,24.146920587502034,83.36499437783844,13.903044119664127
2026-06-20 03:00:00,28.686017203167015,0.0,35.243369229480905,80.05189090474406,12.812224939055843
2026-06-20 04:00:00,27.45730730422406,0.0,23.070104964686088,79.20980500897164,13.113080186174422
2026-06-20 05:00:00,31.58118918054977,0.0,30.749639620598934,73.62897421077334,12.007855436676534
2026-06-20 06:00:00,31.48786611411255,0.0,13.879594474623495,81.19626098274915,0.0
2026-06-20 07:00:00,32.65662439549531,233.4959299967631,33.71335477033191,76.80019995605113,8.182202289306593
2026-06-20 08:00:00,35.963716516394676,330.37520691996224,30.66281752439379,81.41643074358997,14.362519693783836
2026-06-20 09:00:00,35.116752897033926,598.7724453025536,21.897696688912912,71.34277220202434,7.739617207602963
2026-06-20 10:00:00,36.473495611396125,692.6157764966765,29.174580504145556,76.71586006479943,14.88039309849311
2026-06-20 11:00:00,36.57068827216462,726.9389117174699,32.01006714251865,79.3560936958969,15.247018116505675
2026-06-20 12:00:00,37.65887035492495,800.8732220013773,20.754644201023318,83.56686606485316,9.975759587717622
2026-06-20 13:00:00,38.18471774016559,769.2992637732436,28.068621364054962,73.14081218068605,9.041255634836125
2026-06-20 14:00:00,37.41571332265975,726.9932937245156,14.916720886576186,73.17963644490361,10.784200449061242
2026-06-20 15:00:00,34.92812497528738,341.31647748044503,65.18599558441511,88.06655645289861,13.083254040680492
2026-06-20 16:00:00,36.07102126896643,309.59419121712904,45.88677990312277,73.03684154272837,14.802351903486642
2026-06-20 17:00:00,32.10209866323519,171.73379339099307,34.096411584473266,66.8870888775246,2.3403780685972393
2026-06-20 18:00:00,31.03403372238746,0.0,47.58169391215043,76.31113179248999,9.44280707691796
2026-06-20 19:00:00,30.539024027710536,0.0,0.31121284974333463,74.38284906530983,5.965974741813318
2026-06-20 20:00:00,30.860100797650293,0.0,0.0,78.00301941895297,0.0
2026-06-20 21:00:00,26.942529458569446,0.0,24.010634073751408,71.39635167371665,9.221278035270132
2026-06-20 22:00:00,28.828062578236928,0.0,9.321537845968365,65.9725525533522,4.467685957608668
2026-06-20 23:00:00,27.098459855070157,0.0,26.450917133275063,84.27169018142375,9.772606076977107
2026-06-21 00:00:00,26.436146419338026,0.0,33.084849608923484,75.52865684509183,9.702402849928422
2026-06-21 01:00:00,28.597519144806963,0.0,43.80621747510917,78.85297277707778,14.00383013117385
2026-06-21 02:00:00,26.62640090378348,0.0,12.926040235871795,80.58321988698104,9.645637823879937
2026-06-21 03:00:00,31.43584509394217,0.0,35.99446029240107,84.80674215816013,5.033869392688864
2026-06-21 04:00:00,29.270365674895032,0.0,30.215845397283488,81.88373406489029,12.89694638696897
2026-06-21 05:00:00,30.900698989987752,0.0,35.21263964899627,69.66069945690239,21.440190113731063
2026-06-21 06:00:00,34.00577652090217,0.0,22.203420738696003,68.20771252124398,15.410489805912936
2026-06-21 07:00:00,33.52280380766702,148.36149878638508,50.747027097931806,87.310876643429,15.2542951472679
2026-06-21 08:00:00,36.04552954194259,398.2606525342258,28.447370273554107,77.34446408439238,10.64054887499459
2026-06-21 09:00:00,32.99642789822307,386.0314039810313,56.61273335255653,79.36504553606794,10.867008921989079
2026-06-21 10:00:00,35.754750866699936,736.9589395757408,18.144170194766644,71.50003546454167,8.666072377579832
2026-06-21 11:00:00,37.34538304339471,678.8604181109225,41.142410099333304,84.28872222881813,13.019689179170546
2026-06-21 12:00:00,38.40584508691043,731.4673007683735,29.104972791592072,83.20341750380969,6.911511586904088
2026-06-21 13:00:00,37.830234657184526,735.8562959532292,25.083863749998542,74.61656430211869,12.135587704723399
2026-06-21 14:00:00,37.20896875923495,577.045743309613,39.4847301070132,74.90524718135113,9.319700286734474
2026-06-21 15:00:00,36.914909100993626,512.6631620373903,25.51239781215616,73.5133978146553,4.417737050045028
2026-06-21 16:00:00,35.117525549430304,463.2649317091535,0.0,75.497699029177,7.289029376675417
2026-06-21 17:00:00,30.507955990685765,278.41433627788257,0.0,76.09147346341078,15.00478968482593
2026-06-21 18:00:00,33.87486422826779,0.0,49.08633240426074,82.2116271188266,13.007829096437412
2026-06-21 19:00:00,29.616940275730716,0.0,48.45387686819544,79.07348042303063,0.0
2026-06-21 20:00:00,29.907712509573415,0.0,58.3101141938392,89.55519589277608,10.220994068631667
2026-06-21 21:00:00,28.699772283584625,0.0,29.73707627576734,85.2940259447764,15.099894920164349
2026-06-21 22:00:00,27.731398885868614,0.0,10.610477970031631,65.27537473388838,9.337057104328952
2026-06-21 23:00:00,25.732517978854112,0.0,23.706242360234977,74.95452449071078,13.280486082150759
2026-06-22 00:00:00,24.478958966793634,0.0,30.171367730419693,83.70079311068193,9.927393458877198
2026-06-22 01:00:00,25.866538499758242,0.0,14.894426635723361,74.26198746100263,11.48048392009427
2026-06-22 02:00:00,28.743243159274318,0.0,54.728620844608,80.97773687772239,12.877613335221174
2026-06-22 03:00:00,26.583117882512703,0.0,63.59254319465605,86.8866086630136,10.596077535136839
2026-06-22 04:00:00,28.35489494876846,0.0,37.17421051095266,80.94383989526975,14.1446342584725
2026-06-22 05:00:00,31.248625634205702,0.0,29.837043799527063,71.18778035978472,17.61800859035836
2026-06-22 06:00:00,30.66360813245086,0.0,10.575495322883516,72.54830812181828,12.06735079140454
2026-06-22 07:00:00,32.58739278861963,128.15882770135326,53.19650844234077,84.29768577410199,13.075668316223325
2026-06-22 08:00:00,34.60562818066999,335.8841898986654,31.144602162735698,74.19108001914938,8.184528537417595
2026-06-22 09:00:00,35.90222967658081,554.5657008216323,25.662534023840816,71.18285810806813,15.035974489678111
2026-06-22 10:00:00,34.96799349606904,609.7021995983215,37.21761133011807,75.4197658584973,9.816667858561683
2026-06-22 11:00:00,37.01211513277974,779.8851440446397,21.214327065162216,68.94720142768571,13.303464309798443
2026-06-22 12:00:00,37.51777138850168,749.3906802949105,32.20312759682728,80.72621894839823,14.656949423582251
2026-06-22 13:00:00,35.173728659982544,884.6215402230973,8.3629972373151,65.94648943516813,14.368182230100324
2026-06-22 14:00:00,36.60868309757364,587.3233078006892,46.30630783878651,81.0804909927413,16.339822909284337
2026-06-22 15:00:00,34.603235917043534,505.54114273400256,28.433834382964903,74.09697837062127,15.301527052848481
2026-06-22 16:00:00,34.66034994467076,351.7783816241509,47.38201290951018,77.16552896536952,7.344208149434243
2026-06-22 17:00:00,34.23335813920076,245.53912317444338,26.982957332375708,82.5173737357579,7.912837251364102
2026-06-22 18:00:00,31.77012348297633,0.0,27.957004368240323,75.6198151764845,5.907951705190101
2026-06-22 19:00:00,31.89260502503904,0.0,11.815238575620636,68.87292175631629,4.831480709182506
2026-06-22 20:00:00,30.527318389291324,0.0,41.39635459527214,75.9943973929673,18.171058564364277
2026-06-22 21:00:00,29.643905427683475,0.0,16.862400689653626,75.51433800202338,6.899404210202282
2026-06-22 22:00:00,28.19317611266341,0.0,22.703664402011572,79.62987898631124,6.629065674163314
2026-06-22 23:00:00,28.600628035904755,0.0,30.015707791238054,83.61760689163799,11.277310309952133
2026-06-23 00:00:00,27.497664952620617,0.0,31.81836275534035,77.04165965834783,8.607014668148633
2026-06-23 01:00:00,24.99997345033968,0.0,4.408545896733614,70.26348531309993,19.268043095969418
2026-06-23 02:00:00,26.637222185321445,0.0,26.53791201767975,77.34366644848794,10.233195324408927
2026-06-23 03:00:00,28.18687296551732,0.0,41.9284532796557,81.13970569807671,13.877116668440767
2026-06-23 04:00:00,29.383651093833546,0.0,24.32492948214146,71.86340129974097,8.09436120892401
2026-06-23 05:00:00,31.16800621953832,0.0,26.629023686800174,83.3441148884497,4.6833111261039555
2026-06-23 06:00:00,30.948003620323263,0.0,32.4360907626409,77.62793093180552,8.706951559851966
2026-06-23 07:00:00,35.90245759945815,217.22757705683202,28.110593511795013,78.36597978244278,8.533620625093965
2026-06-23 08:00:00,34.36384525570949,419.5445680060534,14.542267464185933,74.6532628998009,7.8271809930477145
2026-06-23 09:00:00,35.52258082908885,503.06642484007165,29.45480814499643,78.10497980552327,5.072509887609161
2026-06-23 10:00:00,35.4551942376788,536.8773375978614,44.91109755008844,74.93901142407996,12.789847798152671
2026-06-23 11:00:00,35.522280401242725,789.9904406073658,14.232360790993642,72.24774572470264,9.364433910816398
2026-06-23 12:00:00,36.83284693629182,807.1892748053357,24.38277165771273,86.02448732612011,5.051473025318416
2026-06-23 13:00:00,36.86248613092298,847.0834578226451,9.275530140973842,78.77535320537329,10.88886774051351
2026-06-23 14:00:00,36.214192751509536,587.1733674923885,44.12072925735517,80.43309170495911,15.254967391228817
2026-06-23 15:00:00,37.684277689912726,537.7708252406572,28.614626897431815,73.71669281579557,16.221653198605416
2026-06-23 16:00:00,34.332838901240116,409.10129780927633,17.24700549591205,62.122927584841875,1.1811889100277853
2026-06-23 17:00:00,33.179428226774895,161.4909844601211,31.38398400214766,74.43240086541438,8.645597903481727
2026-06-23 18:00:00,33.0569251800521,7.540818324067049,11.945996776568208,71.68586487927213,5.114192046555963
2026-06-23 19:00:00,30.480560254910735,0.0,14.497567028093904,71.51572541765614,8.115618282345217
2026-06-23 20:00:00,30.198181847381427,0.0,8.097997052223292,70.30635988239436,15.959110380177334
2026-06-23 21:00:00,26.798748992252197,0.0,13.998311436639,76.64192225961096,7.791040777795076
2026-06-23 22:00:00,26.014426161679992,0.0,50.36006375999709,77.73607339379434,10.617840098789005
2026-06-23 23:00:00,27.326088060378222,0.0,19.003225030761058,76.06515162927847,7.633870792943843
2026-06-24 00:00:00,26.692240340196594,0.0,36.99337683977218,78.74321383657818,18.35339902169482
2026-06-24 01:00:00,26.11198185396269,0.0,17.455478700661175,70.08555482453606,1.6737135437960102
2026-06-24 02:00:00,27.821623436750283,0.0,41.39300618644829,88.59553189713787,9.844183951314875
2026-06-24 03:00:00,28.72963941793473,0.0,14.608769986030266,77.1317960103632,7.268015786950571
2026-06-24 04:00:00,28.570477261117027,0.0,30.588418916426345,73.47953418901565,4.644735118470809
2026-06-24 05:00:00,30.024813404201854,0.0,30.79276964803423,79.83072582417931,15.94851128022627
2026-06-24 06:00:00,32.274944715715755,0.0,64.91708004639887,78.49071714843434,6.033438578833176
2026-06-24 07:00:00,31.960036440237086,157.1634680887652,39.45637931970248,75.80269347672478,10.13503197115277
2026-06-24 08:00:00,33.70810047376581,373.05020895215506,21.1064397850609,80.90824384623876,10.740394611504252
2026-06-24 09:00:00,36.222992790099,510.0132607495792,40.27573445475771,80.44305907151423,9.01010124071492
2026-06-24 10:00:00,36.292483381372136,432.58672525635836,62.072617057278116,85.48026833875984,6.166575609873275
2026-06-24 11:00:00,36.2026086357427,899.5696082786943,5.555458642735573,74.94331376895818,9.604732822239484
2026-06-24 12:00:00,35.81935308676333,842.304640530589,17.3627693614691,76.07417992690135,7.820811507590939
2026-06-24 13:00:00,35.50579757558123,766.9827041785937,26.446536613300594,74.00550675410834,14.556921014944393
2026-06-24 14:00:00,36.15218809445058,670.0968269244282,23.743676592870735,79.24511415628687,13.251629222380613
2026-06-24 15:00:00,38.16243338758018,531.8024313659591,25.00864952505188,66.13301951643369,19.02753965107751
2026-06-24 16:00:00,35.228865836570264,448.90337480626926,10.436516016101354,68.03742577420626,10.961730754347016
2026-06-24 17:00:00,31.554714911189425,148.84346481312863,51.05934080325018,81.5968731496024,14.909971474045197
2026-06-24 18:00:00,32.91272421905864,0.0,8.66087102285071,74.01695415917371,8.997304052908053
2026-06-24 19:00:00,29.712695385660503,0.0,26.996807855662514,74.7173014196325,18.19675768185713
2026-06-24 20:00:00,29.487028611851375,0.0,45.68745887641047,72.12850717419275,12.325449405246609
2026-06-24 21:00:00,27.69229050967837,0.0,29.54722714281221,67.660571694592,11.067144830766516
2026-06-24 22:00:00,30.29279743925401,0.0,15.309087496458464,72.99288867873253,12.927765645927742
2026-06-24 23:00:00,25.68937378476527,0.0,9.769865154390633,70.25018248092927,7.908657756163857
2026-06-25 00:00:00,27.395863667236327,0.0,26.550012059583267,72.02823746514963,9.329032234826835
2026-06-25 01:00:00,26.26761765728826,0.0,18.644556512243003,69.38464004005046,13.091661850110025
2026-06-25 02:00:00,28.618517218527597,0.0,33.07846637554467,78.6957192508691,14.582858706223767
2026-06-25 03:00:00,28.834123794409223,0.0,8.978232784137308,78.48074599972021,12.837174487409184
2026-06-25 04:00:00,31.11908617425786,0.0,42.19553605331433,80.60032356154277,11.789045831329716
2026-06-25 05:00:00,31.627625641800222,0.0,31.73324284746697,83.81717978950834,12.668371546852715
2026-06-25 06:00:00,31.086573704724664,0.0,32.84754591528716,75.72894206464838,15.4840675896975
2026-06-25 07:00:00,37.07332631056629,137.4319636050312,51.61615167360026,83.61025050125349,8.204905586199423
2026-06-25 08:00:00,35.210221708006614,387.7336863577249,23.43306752442201,81.38692986576469,11.177224553165006
2026-06-25 09:00:00,34.8078411067159,581.9419422095685,19.11274957900164,72.81763835878242,0.0
2026-06-25 10:00:00,36.58549726388251,698.7418438612943,21.783545574796904,74.13792332507177,14.050118400856856
2026-06-25 11:00:00,37.63788058050565,750.4546696287949,27.11210145715113,73.3099245886468,8.225152641132404
2026-06-25 12:00:00,37.75880055687604,755.2053082630156,28.635526578130072,78.50759275703061,8.407541292048233
2026-06-25 13:00:00,37.46263339260738,767.762789241867,17.539533950973404,77.32684898447656,10.389380010644793
2026-06-25 14:00:00,37.574721553280206,813.730707293714,0.0,70.17019241404478,12.476417299542005
2026-06-25 15:00:00,36.65232395267639,583.0069728919793,21.586064986814428,72.80145779572938,20.64664235625382
2026-06-25 16:00:00,33.38633171815329,337.9446947454008,35.39738499430335,70.39277867089227,5.557728961250521
2026-06-25 17:00:00,36.02273329498224,206.30769210411864,32.043874593802386,76.41540969319786,8.20414949817263
2026-06-25 18:00:00,34.547721897075505,0.7929533239453334,47.99331704738741,79.90640208190841,13.314407782800437
2026-06-25 19:00:00,31.735326872559455,0.0,59.332298159456826,85.30275597841073,10.059714206415567
2026-06-25 20:00:00,29.538473467076034,0.0,41.390006571877024,80.5506917887021,15.413252890420313
2026-06-25 21:00:00,28.5252854758523,0.0,50.73780963612339,90.31770034104451,11.865708009329332
2026-06-25 22:00:00,27.237147002105,0.0,41.5016143839468,76.85778210226974,15.61632231822053
2026-06-25 23:00:00,26.905839110364948,0.0,55.64848883891075,76.04993108114166,11.788462493302646
2026-06-26 00:00:00,24.13869644862853,0.0,57.76280451436901,79.15721965190629,15.067676606970354
2026-06-26 01:00:00,29.14122954533743,0.0,44.267477561683904,77.57757002625775,8.384856702322038
2026-06-26 02:00:00,29.182078903191258,0.0,40.59570219636878,85.2316495715318,19.779471248930438
2026-06-26 03:00:00,26.266289451901116,0.0,26.921517420939487,70.35422303633725,4.547437930692948
2026-06-26 04:00:00,30.63850047732626,0.0,29.379940785541354,70.98019914799876,8.637940449887562
2026-06-26 05:00:00,30.67739197223687,0.0,24.93244002974607,77.75103226874165,5.565085794516245
2026-06-26 06:00:00,31.722756206885613,0.0,39.318774163425836,83.36781057077829,15.167132515677249
2026-06-26 07:00:00,33.91630537464189,235.12447789932602,19.194779439609775,66.01505535698222,13.11818127859793
2026-06-26 08:00:00,32.21589284185772,394.0806620008416,27.133406853301352,67.14069414732327,6.483918724271424
2026-06-26 09:00:00,35.502426157084585,684.1862143064442,0.0,64.79195307893139,13.988455319184714
2026-06-26 10:00:00,36.41496873675605,471.12115140346236,55.84634842158764,85.8361524589019,9.998148768423745
2026-06-26 11:00:00,36.91572897337736,733.7544207464388,26.692881261205223,75.9019945338358,12.883918826013156
2026-06-26 12:00:00,35.203779970112016,686.3407751568527,36.833706560048654,74.2279903064332,14.330199170617593
2026-06-26 13:00:00,37.39213607312969,547.4125015175163,51.86680042067104,85.10503148521612,11.613857050316318
2026-06-26 14:00:00,37.68940270179889,578.0924467695793,34.5044015616177,77.64421660379571,15.364633416662041
2026-06-26 15:00:00,36.0465809972413,412.8680165435007,51.66515553140147,81.02132405848468,12.006823922055503
2026-06-26 16:00:00,34.18357190346422,429.40948673565725,11.373932817729496,63.69420278043103,11.923639234701934
2026-06-26 17:00:00,36.77136419730374,132.53899752479907,65.96064884396553,81.17186489854738,12.20153265679476
2026-06-26 18:00:00,30.779568966726465,13.893446021003593,46.30665297733148,90.79436570105878,4.842442681285127
2026-06-26 19:00:00,31.692907653095357,0.0,33.13803738729961,75.89910757108156,11.162763383608521
2026-06-26 20:00:00,29.79777200538088,0.0,51.376189989381686,77.64041361977091,9.074145128153237
2026-06-26 21:00:00,31.06198911663872,0.0,12.47047671015942,70.59706396155607,16.192600106496837
2026-06-26 22:00:00,28.154163929762912,0.0,25.670776818457593,76.83999251387588,5.82683465479332
2026-06-26 23:00:00,27.933388875044223,0.0,51.66375594603569,87.19265011526933,17.483262985402227
2026-06-27 00:00:00,27.63082260698036,0.0,1.9940972865755278,73.50932613104094,9.384617901981352
2026-06-27 01:00:00,25.767942111986425,0.0,38.406866624382076,76.40354529819999,13.545151829526567
2026-06-27 02:00:00,26.5137189226386,0.0,37.98264239767731,85.9264869296915,6.379466089668276
2026-06-27 03:00:00,28.0794883853942,0.0,59.53838725233244,88.79611535902453,11.741758437972537
2026-06-27 04:00:00,30.717988193669786,0.0,6.255668704166453,68.78055106310902,7.654304750468086
2026-06-27 05:00:00,30.98232106573289,0.0,54.14446585547449,82.29777702914637,21.120193199618676
2026-06-27 06:00:00,31.704635178249966,0.0,21.60793885276646,77.69963485226506,8.32301595285913
2026-06-27 07:00:00,35.05134549790937,214.8710835958954,23.294858101322177,79.98953015888014,15.778249434411258
2026-06-27 08:00:00,31.896231841891087,473.49472002392264,11.669934195603101,64.58970959711834,15.252955994843262
2026-06-27 09:00:00,33.824358267670206,635.5879063259292,13.682219437996121,72.749150676508,15.241203961458432
2026-06-27 10:00:00,33.05793781628705,658.9538244151349,36.05283521180883,77.94889493808293,9.42713934621249
2026-06-27 11:00:00,38.37382331877525,843.2304672487526,13.315021278279666,68.76951202360834,17.8853357134436
2026-06-27 12:00:00,36.847646543001865,683.762980580433,41.10426500479373,75.91991333933538,20.10393881741573
2026-06-27 13:00:00,38.0591989746928,772.9443854875409,20.055509295453696,78.62687952721049,12.471240341930901
2026-06-27 14:00:00,36.16148171692693,773.0018944362769,11.804492912270284,74.25029153835573,8.728629186547213
2026-06-27 15:00:00,36.83906320596461,548.637211181781,22.082862804601582,84.57802913775744,7.6615565717514045
2026-06-27 16:00:00,34.30861251992054,318.84315387754657,35.050607876344586,74.81739604322307,13.63956692423238
2026-06-27 17:00:00,33.800370609086684,238.38787646979705,25.83970107103471,76.12554204750319,11.551594219180693
2026-06-27 18:00:00,32.315958069001475,0.0,30.513151774991975,78.37939549027766,12.25651813598354
2026-06-27 19:00:00,31.118314782288575,0.0,40.44311192754126,83.97345112469006,6.630684095747903
2026-06-27 20:00:00,31.663548917217014,0.0,46.23632177425423,87.65161182739241,12.44361661967963
2026-06-27 21:00:00,26.326104757801218,0.0,25.348570371158537,76.9062848885041,15.842823046518097
2026-06-27 22:00:00,27.554365149390094,0.0,14.336669766357621,68.02713551199315,13.977572044044551
2026-06-27 23:00:00,27.40114477793292,0.0,31.141417183837742,74.170791295603,9.900583132301648
2026-06-28 00:00:00,27.026566285864806,0.0,37.059743791561075,79.97458909141189,11.416820421606271
2026-06-28 01:00:00,26.61691324946065,0.0,8.089120410420744,77.69355218462837,4.531116429555794
2026-06-28 02:00:00,26.938534978969933,0.0,16.640875544886224,66.93740880120981,8.171035052020242
2026-06-28 03:00:00,30.417278313726847,0.0,19.21219656055589,68.4404433351322,9.600496331959565
2026-06-28 04:00:00,29.37185575250914,0.0,26.882667169194352,80.15065587282623,13.877765027094044
2026-06-28 05:00:00,33.83902843617938,0.0,18.58449144559821,67.15213266381855,8.103832675598994
2026-06-28 06:00:00,32.6505506499127,0.0,40.6056108764535,73.67870590844392,7.886340852177443
2026-06-28 07:00:00,32.88133615762961,228.7887968713965,5.9230019781237395,76.281237336392,13.32686644642807
2026-06-28 08:00:00,35.18227566022942,411.36101269962535,6.304219542083629,69.24210446543485,8.624791923352515
2026-06-28 09:00:00,35.64093980512716,560.508409380212,24.991667827328065,73.4627160825323,7.893804383586994
2026-06-28 10:00:00,38.03851923356879,626.0676193147843,27.36520793790215,82.0269932073815,14.617907972604261
2026-06-28 11:00:00,35.275383283863114,799.3121731055508,8.180341907128444,65.48889470773504,12.24414843971743
2026-06-28 12:00:00,34.622251389186445,798.1235002958641,20.898767360286527,67.76143144231894,10.21505356985555
2026-06-28 13:00:00,37.26269761269907,740.1502711756868,23.98434273871366,82.60274362370959,9.794094220156012
2026-06-28 14:00:00,37.38032485402681,658.3234915129226,24.100530794667815,75.63469549880445,12.723139274333784
2026-06-28 15:00:00,35.871004158061446,438.3601665438685,32.27822224933937,80.13742868971397,13.76897309517351
2026-06-28 16:00:00,35.33801090028521,384.8762545650726,20.07631673364657,72.21295717178107,11.839462679218416
2026-06-28 17:00:00,33.94095631467433,149.6373845996486,52.1675445001241,81.46775054770958,13.090935549151835
2026-06-28 18:00:00,30.039272913696824,0.0,37.323069596003585,75.35604779520148,9.439653816483109
2026-06-28 19:00:00,31.035309557061268,0.0,17.89329719038017,75.45862803560983,8.707857801217237
2026-06-28 20:00:00,31.175608030268258,0.0,31.417672400513595,81.38494155295281,10.88358534760479
2026-06-28 21:00:00,28.65155630294737,0.0,31.860229779084076,78.69723355146338,7.7486078447943285
2026-06-28 22:00:00,25.930720495261948,0.0,48.22082211746671,87.52013125185925,8.098847007537456
2026-06-28 23:00:00,26.700149782656755,0.0,20.994263566254734,78.60552174414043,10.690781518430983
2026-06-29 00:00:00,27.676510686673115,0.0,41.5100804658086,75.03383212030373,16.033287429430267
2026-06-29 01:00:00,29.457417174238046,0.0,30.627817136737164,76.56462165653613,3.2397476765921827
2026-06-29 02:00:00,25.079350013593267,0.0,52.37349774673149,81.13949864331539,11.052920862542345
2026-06-29 03:00:00,28.886794786945966,0.0,49.36337178959112,85.82499434215745,13.558242503559798
2026-06-29 04:00:00,28.240857114426763,0.0,32.95468956888901,80.36048115179105,15.936956774946026
2026-06-29 05:00:00,31.318676937773688,0.0,26.06576068475909,76.50555196420493,18.502880885175745
2026-06-29 06:00:00,32.71690757471802,0.0,37.599088645191834,83.61017985280645,10.84860712124256
2026-06-29 07:00:00,32.9437307819403,170.27573542911253,27.293249593092508,66.60335126359149,19.254756231201537
2026-06-29 08:00:00,35.2738059010246,270.34972770405216,55.20460658967502,79.54442964256631,14.58249453390544
2026-06-29 09:00:00,36.97012527540813,532.1856060912809,31.17705117265518,73.70730898369655,14.815766795054104
2026-06-29 10:00:00,36.06891073991749,686.0434720211624,23.91536051230744,75.87717546019472,6.934260749354632
2026-06-29 11:00:00,35.04404772217678,790.1810995458073,23.105773708891114,77.33388726312057,12.968889919072693
2026-06-29 12:00:00,38.80597160544698,844.7953758343555,11.80446622201939,71.17368192753428,14.19247365609233
2026-06-29 13:00:00,37.85965938624453,640.313492648482,38.34838692139984,71.38334849793029,9.160002838886589
2026-06-29 14:00:00,37.01573731810745,730.1083039993723,17.69983196040746,74.95645633034553,0.4625541108219302
2026-06-29 15:00:00,34.59000420012427,427.7398726141953,46.4722237828162,81.11986448320438,12.919639124287881
2026-06-29 16:00:00,35.73379357462826,422.89016660938466,10.605974189976404,63.99785596149118,9.67056067771138
2026-06-29 17:00:00,35.90197549983349,142.97003915500213,31.908621734598754,75.16484966831207,16.972442430627012
2026-06-29 18:00:00,31.795023508722533,7.271150035339764,47.2533563774618,82.96420831409874,10.209421286395445
2026-06-29 19:00:00,30.78147222226098,0.0,0.0,77.69882328374838,7.179960583422342
2026-06-29 20:00:00,28.067979088240634,0.0,60.27398315688279,79.46294455713549,8.328015142682176
2026-06-29 21:00:00,27.48178843009702,0.0,23.62072204202836,79.78351444243421,8.660700139280333
2026-06-29 22:00:00,26.22565971682587,0.0,32.11643073243209,72.76288996171189,22.27363912426788
2026-06-29 23:00:00,27.293167095466092,0.0,38.57173838274515,73.24591708405222,5.581986147381286
2026-06-30 00:00:00,26.49718247834144,0.0,40.8919358417333,74.24045034600935,6.70343286911281
2026-06-30 01:00:00,27.595206319099884,0.0,34.10825907389523,81.46285351686693,11.488202156990019
2026-06-30 02:00:00,26.450597009331794,0.0,44.96076875559552,81.9720682480595,20.146299651414854
2026-06-30 03:00:00,28.186837696255463,0.0,37.78606069382719,77.69504303260003,14.85548501597821
2026-06-30 04:00:00,28.200598024329004,0.0,56.41321710048456,86.21237449627894,19.029975399806073
2026-06-30 05:00:00,30.889942942378294,0.0,37.83491314281896,79.07934387969692,10.351536845144157
2026-06-30 06:00:00,29.818173526953306,0.0,59.469532798246306,84.99725181885236,7.413057477193241
2026-06-30 07:00:00,33.43134214234759,146.5456121160506,43.51618260356484,78.39671340673965,10.37894669526252
2026-06-30 08:00:00,34.0778457544613,432.02377773715733,2.9137481134760606,64.52902485989861,9.646873707466444
2026-06-30 09:00:00,35.71098233841573,341.2447318698168,69.16654017581762,94.44152327419664,13.502156174904513
2026-06-30 10:00:00,34.12237546057065,695.0066102204518,21.384838372841717,81.28001135718345,10.213300658367071
2026-06-30 11:00:00,37.620954624445254,526.8952314949569,52.433160228026026,89.46594038099721,14.984596054324232
2026-06-30 12:00:00,36.55182935651211,741.9312961708767,30.401901646791575,73.47112657616664,8.672427937736725
2026-06-30 13:00:00,37.052070778299516,584.6920495736082,45.9163538640387,76.56163928650878,8.58718347789566
2026-06-30 14:00:00,33.83922559640557,705.2960892899004,19.67281633701309,71.82009543370387,6.165165003233359
2026-06-30 15:00:00,33.86017576371238,513.0615806065167,39.38616814634382,84.1880503921266,12.789413821884906
2026-06-30 16:00:00,33.932994707438496,396.52204210018164,26.20214181908392,75.50962589181587,11.73311068029668
2026-06-30 17:00:00,35.02244052245955,155.57717227142678,53.68504667384833,79.5019370968526,17.049943041087623
2026-06-30 18:00:00,32.62564786984288,0.0,36.58002251125514,80.12046683773148,18.01696207409831
2026-06-30 19:00:00,30.81493744517872,0.0,44.039139619523496,76.75529962179155,7.372457755577807
2026-06-30 20:00:00,28.238594501150576,0.0,0.0,63.03725809146665,10.094086906732002
2026-06-30 21:00:00,26.966516776472663,0.0,28.71640980317062,77.83029972274004,10.614393038101015
2026-06-30 22:00:00,27.96971984621667,0.0,36.15827452587444,76.31374459390645,5.660997017170743
2026-06-30 23:00:00,28.02146207308207,0.0,33.35422359659561,78.11683610981673,9.555038723850453
2026-07-01 00:00:00,27.197867744413518,0.0,44.417358205767755,67.65036118073242,18.48733767444037
2026-07-01 01:00:00,29.318996651575116,0.0,24.51143632293818,71.31961760680605,8.694761342720708
2026-07-01 02:00:00,26.70887415337717,0.0,30.73180657551946,77.50133422927053,8.340647340708323
2026-07-01 03:00:00,28.623848429581102,0.0,47.718401466224876,74.10406990331913,12.177709220946362
2026-07-01 04:00:00,27.225074271172637,0.0,0.0,62.55429613114697,13.646763752573197
2026-07-01 05:00:00,30.90646536386121,0.0,38.84025752457512,79.31794145959819,10.723305862547946
2026-07-01 06:00:00,33.8363865898683,0.0,24.9917276100967,78.73038349133219,11.76033242061872
2026-07-01 07:00:00,31.86633509062359,210.59438342682722,16.31522813169568,68.89027639245728,1.6773645006121303
2026-07-01 08:00:00,35.52097241705709,324.2788353967879,35.048163364139704,76.17326169086957,14.04171253699645
2026-07-01 09:00:00,37.335086988714295,473.8076512281305,48.41176945212983,79.35756593048119,13.305114840580519
2026-07-01 10:00:00,35.35970182414767,572.0372659499571,45.58715747226272,72.33126303332162,15.818079417128752
2026-07-01 11:00:00,37.36285214625317,776.5269526929036,27.97330453640057,81.35832870990426,3.9281659047763915
2026-07-01 12:00:00,38.979722680757604,709.0364822063426,43.13611445641423,78.07228296094881,10.946872250997679
2026-07-01 13:00:00,37.055448254915156,601.1294068502403,43.021018476687665,78.38573940354438,16.007778464414713
2026-07-01 14:00:00,37.27905792819372,619.6057673672925,28.6894309426025,77.49541606623657,9.206724238820488
2026-07-01 15:00:00,33.15560115119574,503.9764207972686,19.60379172017688,66.17763283735886,11.18440237490455
2026-07-01 16:00:00,35.20247889731051,427.0057883175442,20.47148953316505,78.48717202515483,9.385073459444238
2026-07-01 17:00:00,33.89270570069458,186.89810915999504,42.567800233022055,84.86109805792532,10.587896939938789
2026-07-01 18:00:00,30.20212572675738,2.4444750031462545,29.367797794309638,77.56428907367047,16.13692482514789
2026-07-01 19:00:00,29.378478936832522,0.0,14.307266704041176,75.53108707462863,5.021793755017318
2026-07-01 20:00:00,30.211403755364028,0.0,4.727057467363128,69.06965631628069,10.035249274040558
2026-07-01 21:00:00,27.99714203096161,0.0,42.47747178144569,84.78626688477507,13.130920851482847
2026-07-01 22:00:00,29.041594299244316,0.0,21.798323666036644,71.02864323599262,14.842318939815936
2026-07-01 23:00:00,27.50051729071815,0.0,34.955816334839724,78.50188486193123,11.259972412633406
2026-07-02 00:00:00,26.9841422023811,0.0,48.59560360603685,82.28759700126047,16.305302457775678
2026-07-02 01:00:00,26.85953709124089,0.0,10.366132847197722,72.41918030373746,10.299783474635612
2026-07-02 02:00:00,27.96110971846882,0.0,29.322939292307325,82.53219864675718,11.944317930977284
2026-07-02 03:00:00,29.41902814421441,0.0,27.439587806716954,87.43806691615569,11.697333983327955
2026-07-02 04:00:00,30.10475586680341,0.0,35.69614313441941,77.90913716744957,14.40591797581186
2026-07-02 05:00:00,30.066743481831868,0.0,48.58739997630652,84.03862664093761,14.596296784299382
2026-07-02 06:00:00,33.522018134178495,0.0,10.058222780063883,67.52411578219191,6.0506743849717655
2026-07-02 07:00:00,34.05984770268922,189.02087033552732,38.546969230586505,83.7373725530672,12.795434363711978
2026-07-02 08:00:00,34.91155402500839,326.3038356413884,45.47285662490552,77.59405777088446,14.436289197889465
2026-07-02 09:00:00,35.565490202444906,580.2689886917304,27.20434404064826,91.24190305610738,17.207140890573214
2026-07-02 10:00:00,36.890941418438345,614.7703558046596,27.938295106603146,67.14723356573163,7.362288098697595
2026-07-02 11:00:00,34.35919647567888,707.8505241757713,36.276740534773836,88.70253149778122,13.96762399700981
2026-07-02 12:00:00,37.224452022571754,696.2516350617175,35.17225616834682,82.21550717894822,10.36707547961375
2026-07-02 13:00:00,38.87261690575736,688.1567099612936,38.73528911050684,72.29172057838011,12.704194123580244
2026-07-02 14:00:00,36.526859677514146,597.2952865801915,38.41920789601825,89.77301496122546,7.626969241856341
2026-07-02 15:00:00,35.55480438612795,564.736688328557,15.270415415765232,67.89233114630991,10.70999050813256
2026-07-02 16:00:00,33.636100368762015,308.96322856692774,44.85399746557415,78.64643005926565,13.518402396349968
2026-07-02 17:00:00,33.8453906556708,187.27038357876694,47.50174743285358,74.3656654805124,8.494581258922526
2026-07-02 18:00:00,31.65715323633655,0.0,32.79124340535447,76.7669783399438,17.434605822192317
2026-07-02 19:00:00,32.31874445747131,0.0,7.587670401754998,70.83561953303763,4.202494621191887
2026-07-02 20:00:00,28.28804436712441,0.0,28.278814409998642,81.02665040047965,13.564167243155008
2026-07-02 21:00:00,27.787219645396267,0.0,32.91608815410852,90.30250760266439,1.932047363656661
2026-07-02 22:00:00,26.799481472976662,0.0,12.830996433197743,70.67302369503655,9.621616045907418
2026-07-02 23:00:00,29.466073649755653,0.0,24.5979290463448,62.01641911971177,13.148443873800534
2026-07-03 00:00:00,26.647149989228485,0.0,8.859459186621873,75.51028302260421,13.293487017512748
2026-07-03 01:00:00,26.351715516146427,0.0,39.10938337479666,77.12303491961444,11.533977041863363
2026-07-03 02:00:00,24.845945421311377,0.0,32.48932972353077,87.5377076354676,10.65796814277336
2026-07-03 03:00:00,27.173527862195037,0.0,5.313252527786332,71.1293609110994,12.53543532729659
2026-07-03 04:00:00,30.080095775734993,0.0,35.271972923729706,74.56052498620801,15.566248821196467
2026-07-03 05:00:00,31.280788587880743,0.0,29.15236578914563,71.58113007979303,16.976072300885498
2026-07-03 06:00:00,31.047281147134978,0.0,37.746214241316075,81.9438949865802,6.724057020288602
2026-07-03 07:00:00,32.4135879053142,182.2823090193072,24.127013493668585,73.84353187248163,10.40376756919326
2026-07-03 08:00:00,36.81167773780867,441.4206291121741,17.977808988854637,80.36123685219361,2.1247624966743377
2026-07-03 09:00:00,38.934672946579035,541.3803972684025,18.4373306031329,71.76618421418736,5.451863075812425
2026-07-03 10:00:00,37.718676735400855,701.2084053564043,21.927446751773928,80.94716097861172,8.279897231031212
2026-07-03 11:00:00,38.75053833425305,706.0638534544304,30.282376448715706,68.90734233163613,14.974166733383
2026-07-03 12:00:00,39.19669819137903,703.4689261513684,32.21937698137188,67.53224115744933,9.687396536110063
2026-07-03 13:00:00,39.60241749564608,785.1176505457304,27.139201832878456,79.04037593590277,10.201100894285874
2026-07-03 14:00:00,35.831466149717244,656.249625945648,23.65020676505221,72.26570379118984,12.382633029884062
2026-07-03 15:00:00,34.28763090369534,521.9081438820439,24.728950979917773,73.77133879920679,8.554202602502578
2026-07-03 16:00:00,36.77738206740432,239.61116810438514,67.61587178260399,80.37639078903038,5.402090003888079
2026-07-03 17:00:00,31.934358351513065,193.14684142855464,18.43912272752687,68.442120016948,7.938250249919578
2026-07-03 18:00:00,30.556670426837005,0.15951642486381415,21.630419871807113,78.05243993331071,10.598627836604985
2026-07-03 19:00:00,29.292425034272078,0.0,79.40781162552221,89.41385267721029,15.844241793464661
2026-07-03 20:00:00,29.223030110229764,0.0,36.31519953690829,73.44433962069925,10.990204069914865
2026-07-03 21:00:00,25.778622810505045,0.0,9.300290011444563,76.4609984786941,12.272348753445694
2026-07-03 22:00:00,25.700676079774496,0.0,42.64030805965895,86.72954296494453,15.830839751360417
2026-07-03 23:00:00,26.255175785895922,0.0,16.349416661982787,73.65491721224535,15.299720622597974
2026-07-04 00:00:00,25.32078965722722,0.0,43.63592261707646,86.17686179572479,12.871033710306534
2026-07-04 01:00:00,28.426998791986435,0.0,26.835565809439778,71.4858171785021,6.793138156747716
2026-07-04 02:00:00,27.55400820825056,0.0,23.40306225765889,78.65370883201551,6.190092765723404
2026-07-04 03:00:00,29.090087156484017,0.0,54.13747453241375,84.02960661564458,8.09940095812776
2026-07-04 04:00:00,29.983281798281922,0.0,38.496020289888676,75.2187073445044,7.625255362213923
2026-07-04 05:00:00,30.312592322990902,0.0,44.59484156173811,90.91711444858723,12.627365339805793
2026-07-04 06:00:00,33.160063547994476,0.0,36.5237951927992,79.37081422478357,19.375960170252128
2026-07-04 07:00:00,33.75738004145023,220.90178921071077,23.333332143103522,71.86562489304622,12.014287790712157
2026-07-04 08:00:00,33.961572210141014,339.9551710104499,39.17031630387312,78.84646349116241,11.622536626152687
2026-07-04 09:00:00,33.22194365168436,436.42837858414475,48.13823089026691,76.75279424317138,16.25447405766577
2026-07-04 10:00:00,36.88247549424433,624.495772373393,32.0210706527633,70.7385043633754,8.286798633499748
2026-07-04 11:00:00,35.06542730521148,486.30359445536027,57.02463906519759,80.79924764270405,17.019371888626395
2026-07-04 12:00:00,37.36986062846792,673.7234133100718,42.757308048028634,77.22528576629921,16.00952364025887
2026-07-04 13:00:00,36.807676822919916,701.90597699079,33.179738246574175,72.80291398717272,11.894975229114674
2026-07-04 14:00:00,34.43713964487026,641.0096848395896,33.77229796526727,83.5830700536813,20.063598435258996
2026-07-04 15:00:00,35.7469426244778,511.77795735573494,32.05855693451437,72.87371498070308,16.063852569819648
2026-07-04 16:00:00,34.624207833209425,450.7942076888087,11.231418216075127,67.00307817231297,10.743130290702505
2026-07-04 17:00:00,33.423019542526035,159.9076716545142,28.64891706287092,70.27017513727831,10.857834068947165
2026-07-04 18:00:00,32.06658855767512,0.0,33.31779728011751,71.15954575263123,9.938245208607189
2026-07-04 19:00:00,29.73329269772712,0.0,23.75872318100207,80.66694531328228,10.66497696657031
2026-07-04 20:00:00,30.14458443953027,0.0,35.06515528057042,79.58543699668107,11.346064573132091
2026-07-04 21:00:00,27.446006126694414,0.0,30.319612355326665,80.96463989254913,10.23801953518753
2026-07-04 22:00:00,26.14839735806688,0.0,41.60537836648153,85.62111039355183,11.224389835287315
2026-07-04 23:00:00,27.92288724938533,0.0,39.946685715985964,78.18173954108596,7.227362706891726
2026-07-05 00:00:00,28.073056825543876,0.0,32.50729931377262,85.3270651139886,9.35281213146779
2026-07-05 01:00:00,27.81412544287258,0.0,9.491806630470027,69.11638194988709,4.085554165472659
2026-07-05 02:00:00,27.256216705562466,0.0,56.860841080217554,78.69814763522976,14.500772006479988
2026-07-05 03:00:00,25.798857723361035,0.0,27.87163502143285,79.01616339711356,11.713816822336732
2026-07-05 04:00:00,31.281894266538895,0.0,28.786703194573022,77.27713104840491,10.948989653424599
2026-07-05 05:00:00,28.019975145848,0.0,24.862187269509185,76.77734932317863,14.788043600899687
2026-07-05 06:00:00,32.61757685583037,0.0,22.673825159016953,79.90242646980892,7.679516871023238
2026-07-05 07:00:00,35.89310017637929,147.0315853333474,53.160870720007864,82.48730747605634,9.814726426931283
2026-07-05 08:00:00,34.55000342671186,333.0447954850598,50.790664805791195,83.13042473251278,6.614683128517552
2026-07-05 09:00:00,35.76983390829657,490.2570491419114,36.66590105366506,84.64901306979533,15.92537151177493
2026-07-05 10:00:00,36.67894129780557,697.5499110634174,28.38749768353912,76.97843810316222,13.841505248322928
2026-07-05 11:00:00,36.94294371738915,644.5510633189357,39.286769775206295,80.80154605748996,17.282684625630914
2026-07-05 12:00:00,39.91149457350849,744.246597910383,31.10695472654059,68.75144274420693,17.88562958440521
2026-07-05 13:00:00,35.589211867284014,759.9093495679073,27.146656225153517,94.09403967954927,9.659876826208185
2026-07-05 14:00:00,34.92647942271099,642.0521871210917,35.071588822594954,69.62471378459153,8.90898614773563
2026-07-05 15:00:00,34.96547956344452,588.3158376885217,23.38263379581833,71.95418975636554,3.987267644936315
2026-07-05 16:00:00,36.61877811474179,350.9753781247011,33.78396396005149,74.15533785879028,7.297250215178511
2026-07-05 17:00:00,32.399852678226296,186.3176095953437,33.06331388432453,87.99592816384293,10.353541705829695
2026-07-05 18:00:00,32.415084771713865,0.0,39.044040318868866,75.94575049757486,3.708412676309548
2026-07-05 19:00:00,31.953912922496468,0.0,20.712945637865868,76.64454666050449,6.726320949365177
2026-07-05 20:00:00,30.36837575028847,0.0,40.65204529314811,76.84392600318705,11.701263183854293
2026-07-05 21:00:00,29.643659132485034,0.0,16.40532760574242,68.50429772771368,14.394016001237837
2026-07-05 22:00:00,29.368952305481,0.0,21.411500225681422,77.84930897552624,8.20225694138421
2026-07-05 23:00:00,27.426769135539992,0.0,22.06612411281384,71.85768389226358,11.615225226873184
2026-07-06 00:00:00,26.240301076877504,0.0,13.919223414394828,74.63171020602925,18.150993798701435
2026-07-06 01:00:00,27.196220070979063,0.0,45.234934250784946,84.41276316189592,5.03757224680068
2026-07-06 02:00:00,27.063568126305302,0.0,15.46421285715304,83.39029248413291,15.11670129284269
2026-07-06 03:00:00,31.576948314984808,0.0,19.516254938899923,67.88164667962691,12.498903452852264
2026-07-06 04:00:00,28.642010995859092,0.0,48.831115657299634,81.1974012823121,17.50768070554299
2026-07-06 05:00:00,31.16845272500669,0.0,21.44125947219524,74.17769997144288,14.939632541373038
2026-07-06 06:00:00,29.883339365818127,0.0,27.17785972292855,76.36660449773571,8.70608352020109
2026-07-06 07:00:00,33.3012237812662,207.67197077252737,14.819564986251963,85.60371429395256,10.748184809666787
2026-07-06 08:00:00,33.961229632635096,326.6330491154894,42.49426811434027,78.7127197656205,6.282539536270736
2026-07-06 09:00:00,36.24838955222625,408.5376660878889,42.70104366286598,66.68505449515881,10.04330671539042
2026-07-06 10:00:00,37.076870609592014,585.8831986668578,41.084188561851704,77.76736223940527,12.171201591624937
2026-07-06 11:00:00,38.50619179012242,665.0870190224125,38.062947422909154,77.19792202319314,13.117495310165964
2026-07-06 12:00:00,38.57330477908857,705.309039364454,31.10383666529215,74.83475530149225,14.712935761331456
2026-07-06 13:00:00,36.57789736871406,763.5393561140345,22.134349995930233,70.50368190442745,17.438425196422802
2026-07-06 14:00:00,34.93688967836485,705.8737021698645,17.775460400009685,66.64682346751086,9.14659139090762
2026-07-06 15:00:00,34.29476029611901,475.47354531455477,49.348582901425054,92.04038687929096,17.04650251917037
2026-07-06 16:00:00,34.72802401352433,304.996186247048,41.47206407589885,80.80027977663552,13.142813832573284
2026-07-06 17:00:00,33.33368181761159,217.9898886416824,19.600436591993635,72.98885549652746,5.75035313982668
2026-07-06 18:00:00,32.16976921271143,0.0,30.597476523347016,87.5120335819341,10.928260081035026
2026-07-06 19:00:00,29.844726020945732,0.0,25.498273605224803,71.60457107399738,11.738433820828169
2026-07-06 20:00:00,31.202873305401393,0.0,13.076839414413747,75.65082090875161,7.307052668574232
2026-07-06 21:00:00,26.384441769747173,0.0,32.664770649319536,72.01321947142591,7.470975471687391
2026-07-06 22:00:00,26.736732889627195,0.0,23.767610036412062,79.73518489078899,6.891747988083002
2026-07-06 23:00:00,25.604596272030292,0.0,15.711950005564717,68.46482159749817,8.611401350831592
2026-07-07 00:00:00,26.54013650255863,0.0,7.813011687873573,74.37454772705206,6.9321307177323686
2026-07-07 01:00:00,28.60270884991028,0.0,6.542947496914934,81.16150944125044,15.248778747228695
2026-07-07 02:00:00,27.107594556122102,0.0,24.428608084580407,76.55826080965983,1.41698294589742
2026-07-07 03:00:00,28.40818827971164,0.0,28.723575443626267,66.00675829725637,11.881264388982123
2026-07-07 04:00:00,30.175317362491082,0.0,16.870487847565258,73.92018176079094,12.956781981774338
2026-07-07 05:00:00,30.081795158184814,0.0,39.76109141485841,81.88026367888644,8.136754566697793
2026-07-07 06:00:00,32.30921761267789,0.0,29.016801873255567,80.96273773037507,10.523185097937413
2026-07-07 07:00:00,33.43187935203253,184.24163260136274,38.653279658979756,86.06649547935532,10.564254834992159
2026-07-07 08:00:00,32.84174954098239,390.64939377715876,27.256338147184383,83.56067532019158,11.053304932151214
2026-07-07 09:00:00,34.74372554215401,570.8222147556303,18.193235471893413,72.73205084651656,13.56139907017635
2026-07-07 10:00:00,36.60288996506023,603.6593174256586,31.71176356707921,73.1903146581662,13.87911308443162
2026-07-07 11:00:00,38.30828041393809,801.4939256028368,11.059882319725162,65.47617581461046,8.1530830887796
2026-07-07 12:00:00,38.477440029073904,643.2465229064961,38.09157780954972,75.10152971796636,5.88677049775812
2026-07-07 13:00:00,39.36556392014695,849.5494108083133,15.942761902302994,74.5135084655775,11.457412488805033
2026-07-07 14:00:00,36.773022970801264,504.84431210982865,43.77348789800173,72.7341794577344,9.561980051729744
2026-07-07 15:00:00,34.81002663398133,576.8117697893322,24.923163806371278,70.4249856293532,9.135136649043753
2026-07-07 16:00:00,34.228663617696455,295.6141230617715,45.938002744648756,83.21169658398055,13.1906858028525
2026-07-07 17:00:00,32.95800261086485,250.3292363338397,13.160652171175268,69.16402704130753,8.917745814198526
2026-07-07 18:00:00,31.281557371931676,0.0,19.833454489067694,76.16606118451313,12.218536629214812
2026-07-07 19:00:00,31.015548370126478,0.0,35.71402420272856,74.25462281613632,21.837127111886595
2026-07-07 20:00:00,29.870136694736665,0.0,47.557456401401325,82.89783511165238,15.12124972798422
2026-07-07 21:00:00,26.750382997180296,0.0,54.99913362472383,79.92784099565509,18.129548288929552
2026-07-07 22:00:00,28.896295692323097,0.0,30.620492455213093,67.86079679936135,13.574597077484315
2026-07-07 23:00:00,24.594327831096162,0.0,57.56618446180134,89.53218129890645,13.186780243768471
2026-07-08 00:00:00,26.49848822525754,0.0,25.65503175261854,73.00951224524283,13.387009925132244
2026-07-08 01:00:00,28.452195487586067,0.0,46.48151433544459,80.15939822522995,14.23330828968703
2026-07-08 02:00:00,28.247196599973986,0.0,15.867285045610421,70.32403127986478,14.244586101888883
2026-07-08 03:00:00,27.788114884355448,0.0,36.30300760294881,81.67992351932585,12.052616018128544
2026-07-08 04:00:00,31.847185331544637,0.0,0.0,70.93876675756142,4.766736978521922
2026-07-08 05:00:00,29.921523985547722,0.0,13.176134825203142,75.56627252348206,4.786241160857402
2026-07-08 06:00:00,29.185178504295592,0.0,37.00015197121147,76.17454603931627,13.694942975585974
2026-07-08 07:00:00,33.67037158441873,214.85698244876312,10.313417216992146,71.32915682022045,6.010890276164317
2026-07-08 08:00:00,31.97564714198194,355.0974096265239,36.40424416183777,80.43987545282249,14.565919146487472
2026-07-08 09:00:00,34.24236558301718,443.2028129778871,43.596871812185455,87.53888297825561,17.534460021903488
2026-07-08 10:00:00,36.92741712756192,643.9586948209347,22.480197109225827,75.66359306686648,10.241370451584379
2026-07-08 11:00:00,36.018228929835715,796.9113119840165,15.465705664887029,67.49694380077975,15.618670186634
2026-07-08 12:00:00,37.54250712413719,802.2783451460975,22.887200762178917,75.47989362482177,12.180112258832976
2026-07-08 13:00:00,35.111814763982125,817.1416255997035,15.512815212237218,71.83644275833737,10.87932090955919
2026-07-08 14:00:00,37.23386581452124,649.1652169937929,28.481796629761234,65.59169947919462,11.71547453431053
2026-07-08 15:00:00,33.12501823135078,537.3859288847647,31.531359373321227,67.73830305838146,8.253166442906844
2026-07-08 16:00:00,36.00193585440443,379.57146710288424,25.40984815354787,74.66972357261143,7.435953879521491
2026-07-08 17:00:00,32.463846881496686,148.9050026877211,55.11538860280233,83.04826478232428,6.179605697590877
2026-07-08 18:00:00,33.778220842747,0.0,19.20894270469537,72.31175384859223,8.028061181906606
2026-07-08 19:00:00,29.400953562888986,0.0,50.871497688829685,86.7786403189919,21.10115035408336
2026-07-08 20:00:00,31.789909630292325,0.0,14.381411455318295,68.20113757343051,4.745608205087202
2026-07-08 21:00:00,27.007221409890295,0.0,31.091663549123233,70.84085706213779,6.848433562254186
2026-07-08 22:00:00,25.125454461130072,0.0,47.74658112822104,78.08936563427562,9.164969510880525
2026-07-08 23:00:00,27.014119891568033,0.0,46.97035728379977,78.69159102488355,9.31389757466678
2026-07-09 00:00:00,28.36639686797766,0.0,23.696131534496473,75.42830712916381,12.262102137144367
2026-07-09 01:00:00,27.960607052124672,0.0,38.32604580107018,75.44921977844994,9.469056781633743
2026-07-09 02:00:00,28.943946748143645,0.0,36.31768625496339,68.07919794266775,11.021821819857696
2026-07-09 03:00:00,29.280353468466128,0.0,21.9009123211089,62.28664815867164,7.697041902420693
2026-07-09 04:00:00,28.19586286151047,0.0,39.239249057221116,80.2462286288239,10.061072533839573
2026-07-09 05:00:00,31.46445785525109,0.0,57.93738258078559,78.1695692833035,12.65817087481521
2026-07-09 06:00:00,31.882895255211047,0.0,37.07550997593946,68.50966989884309,11.315555041802563
2026-07-09 07:00:00,32.133655626397186,176.81698765086207,38.49534568606006,81.9784945809507,19.847823752906667
2026-07-09 08:00:00,34.495371430823866,344.1262238120257,40.08232467301061,86.62218062937183,11.891369505563869
2026-07-09 09:00:00,35.22452147903535,675.9516591764325,8.085350889672892,70.31536680671498,9.565300509001966
2026-07-09 10:00:00,37.933128405989564,591.68829613754,36.903370098094335,78.92807392071697,1.8573104627673
2026-07-09 11:00:00,35.92249963801996,811.6804486028607,14.748606377422089,73.73335613407006,11.697131984740897
2026-07-09 12:00:00,36.03210820413159,774.3017811799082,21.151695889533002,62.367357021781075,3.1572429595901967
2026-07-09 13:00:00,35.683610016103,524.604699592912,62.42912671782754,88.74800321301605,15.328236880712225
2026-07-09 14:00:00,38.558241146610285,646.7841176963408,26.20107585511785,81.01594163400736,11.879723288830968
2026-07-09 15:00:00,34.462252671453406,599.736599892843,18.897388435586592,82.78900510614544,14.136458105757983
2026-07-09 16:00:00,35.948100819331344,269.56833737068166,47.28873868352088,78.29187049450286,9.82672112934587
2026-07-09 17:00:00,31.715502592455493,229.27781303021695,15.784844957364347,67.56328328006111,10.897161432757697
2026-07-09 18:00:00,32.42082208600425,0.0,23.288712837154844,81.80184249669661,13.867499555999471
2026-07-09 19:00:00,30.809378109859843,0.0,48.7357825197925,84.10709087610542,8.71859726444422
2026-07-09 20:00:00,30.865590112884757,0.0,30.64151347961939,81.45385839027017,13.972212899369557
2026-07-09 21:00:00,29.641569683187708,0.0,6.57604432310206,68.01239383614174,12.585826842306464
2026-07-09 22:00:00,27.53854115509687,0.0,38.15984421483928,80.81699196407433,11.368523061939419
2026-07-09 23:00:00,26.23438327744474,0.0,24.05301176930237,70.86109585361974,17.5167859368024
2026-07-10 00:00:00,28.84774838619364,0.0,53.097772297953675,82.97108171302676,14.717100874346329
2026-07-10 01:00:00,26.077637436744592,0.0,20.907195785487996,73.62571494524151,4.348747885178859
2026-07-10 02:00:00,24.45713032910224,0.0,45.76838960588889,93.54129756942035,16.243171892195193
2026-07-10 03:00:00,25.783629255967906,0.0,56.63547048548571,87.08447178409045,10.199337996604179
2026-07-10 04:00:00,27.1357185015135,0.0,17.23585164282644,63.528573546191026,14.05251768563596
2026-07-10 05:00:00,31.215607238608467,0.0,27.10180468862711,76.13533295827241,12.537199283486201
2026-07-10 06:00:00,34.61410613749902,0.0,35.829379112166755,79.65608379521602,1.224501426355225
2026-07-10 07:00:00,30.37744460759615,219.7609749196958,17.13981371168738,71.40853522624579,13.27645034962001
2026-07-10 08:00:00,33.21797690724721,302.8641375322368,34.05442420061746,72.06711359689612,10.816096172903304
2026-07-10 09:00:00,35.386565694518545,506.82703833230704,26.626195687410117,78.70114444947009,9.493521917726348
2026-07-10 10:00:00,38.07458432965505,649.8029909766201,26.323986426099523,70.11287190579594,9.627407270746977
2026-07-10 11:00:00,35.54060861190853,688.8801615804034,30.734075890621675,79.27964627475453,14.69221921780513
2026-07-10 12:00:00,37.50333802458988,689.3709657127049,31.068970733678462,70.96235634098127,7.868365550611182
2026-07-10 13:00:00,36.2398113638691,716.9975828874774,32.4582115361406,74.05907462819319,16.076033889127935
2026-07-10 14:00:00,39.45473539707318,696.451842734859,21.017604818148236,78.16694129859697,4.972280447379255
2026-07-10 15:00:00,35.45873453521715,563.7545316211902,21.672424134753697,76.59516642498421,12.266397993594294
2026-07-10 16:00:00,34.697693660450064,356.8803673160942,28.221186167627543,76.05774829432119,14.500821363069361
2026-07-10 17:00:00,33.13892752791781,193.78136209941272,29.328635381463073,76.26180046537326,14.458025059829158
2026-07-10 18:00:00,31.196205717359433,12.86123648602658,23.41725990080075,75.67764998299499,11.907173768153367
2026-07-10 19:00:00,31.676034561421215,0.0,34.859094631290276,74.05565994930339,10.915771828668333
2026-07-10 20:00:00,27.728562436122115,0.0,2.7785737698720467,63.00187277157562,7.938988896462276
2026-07-10 21:00:00,25.59721322889419,0.0,19.043006116365724,77.81703451092145,6.062468558653474
2026-07-10 22:00:00,27.209918224558365,0.0,25.80108260695718,84.06928313757247,8.547373722132871
2026-07-10 23:00:00,27.965901960777025,0.0,17.158272194540928,77.1658473988203,7.012398590625036
2026-07-11 00:00:00,25.951974178872423,0.0,54.437970222133366,85.03755850668136,8.220633423282251
2026-07-11 01:00:00,27.11979271880683,0.0,30.282927700874275,71.51014263199804,18.728988313219894
2026-07-11 02:00:00,25.78995190589412,0.0,32.65154517338855,82.730264861929,4.754868249063382
2026-07-11 03:00:00,29.552912540081724,0.0,22.75153938051809,77.71191990138419,15.63961575754843
2026-07-11 04:00:00,30.054466665017756,0.0,29.763316194405586,80.78339155301286,6.542157674752687
2026-07-11 05:00:00,30.43853573197313,0.0,11.77119803545899,77.5964742023248,6.500054373233938
2026-07-11 06:00:00,31.926332866891098,0.0,27.452744458573896,84.05427101982808,7.218734667110511
2026-07-11 07:00:00,31.1894315258611,210.48114709171796,15.944873571063663,67.78419441065702,6.3553406484207375
2026-07-11 08:00:00,32.453422821719876,378.950212443059,25.838946228657562,69.1968384644619,14.98336736242918
2026-07-11 09:00:00,35.08392919765946,697.2153266097296,0.0,69.52818087321064,12.353467492743398
2026-07-11 10:00:00,36.7049664154973,767.8010361290732,13.079951873347117,67.20165216159111,9.723601066361441
2026-07-11 11:00:00,37.27030554630105,551.4485081559569,51.958896067715,75.9706572827467,23.427373287566976
2026-07-11 12:00:00,36.23517140628388,672.6666393966038,42.455966236613136,85.32919460359945,12.055891289250395
2026-07-11 13:00:00,37.50560513725626,570.7201677498188,49.78559003872847,75.82524376354827,12.728784418887253
2026-07-11 14:00:00,37.88414014719189,533.4867732382708,50.81581904506386,81.01599807317729,9.798239682566525
2026-07-11 15:00:00,35.1272504069013,492.4948612287014,40.09481136246716,70.64748663209178,8.785806171860253
2026-07-11 16:00:00,34.60954722122737,421.50883386188497,23.206969719312976,74.97550565918478,9.027895335446502
2026-07-11 17:00:00,32.7308689987103,204.96854479368042,14.441235806015658,78.66476638301212,14.128978724219571
2026-07-11 18:00:00,31.542785940972994,25.357592179523174,47.20116908174545,87.1843407075186,14.644547737212925
2026-07-11 19:00:00,30.63332253696528,0.0,30.96851961581086,82.42209248034082,16.71083351923322
2026-07-11 20:00:00,31.421227718402083,0.0,67.4103422457286,85.79754155901396,10.502209107407948
2026-07-11 21:00:00,29.36130952711854,0.0,24.523530359838688,81.33420875543055,13.584212808390228
2026-07-11 22:00:00,28.449596887600702,0.0,59.5934378217072,86.8313261584599,14.201704582517864
2026-07-11 23:00:00,26.287489285060328,0.0,27.648123139563673,74.8241758920554,13.11921456266245
2026-07-12 00:00:00,25.509649464137862,0.0,50.04072895888051,84.64224241773883,9.046933900762273
2026-07-12 01:00:00,27.354044099364597,0.0,55.450376058486825,88.2378549689953,8.617586872752572
2026-07-12 02:00:00,28.96401904681209,0.0,14.655751077289313,66.73074545642352,12.889340688680736
2026-07-12 03:00:00,30.382168969727005,0.0,22.725028825636972,69.87184585280905,14.62761553518842
2026-07-12 04:00:00,25.98884881152167,0.0,14.505311614522038,73.0599376729133,8.252041315020183
2026-07-12 05:00:00,33.56348671242592,0.0,11.550832676126646,65.79439453799638,13.013682397829252
2026-07-12 06:00:00,32.21936019028907,0.0,40.00600275787425,73.03844956311755,16.797798183099196
2026-07-12 07:00:00,34.15298185649262,171.87371031929274,27.050574446264676,73.58676097445291,9.905337616087479
2026-07-12 08:00:00,31.91534981535285,365.9812461265959,30.785494847852043,81.91901638736678,5.7840242320335316
2026-07-12 09:00:00,34.90483347570577,519.9299918334412,38.3435870245992,83.26592664049727,6.662016962784892
2026-07-12 10:00:00,37.077106468455646,809.5213077951099,2.1391974942762815,70.62863427307357,7.400869046143731
2026-07-12 11:00:00,34.97973420267842,581.9792609562032,49.30149005935582,82.02981733278531,10.681019132951008
2026-07-12 12:00:00,32.92247237660928,825.7371258722941,24.76358754990124,85.73991817306282,11.093624113232256
2026-07-12 13:00:00,36.94306324700665,686.8412520858715,37.98601959356786,75.30829054901749,11.836027998093014
2026-07-12 14:00:00,35.942686714377615,602.5812970478408,39.3106925884282,79.69164081486589,10.876090806678764
2026-07-12 15:00:00,37.086549277739714,430.1526934577864,50.56194841145761,78.18256493183469,15.24503733726291
2026-07-12 16:00:00,33.96938313891708,390.69927448950443,28.427139183254496,69.62427064333659,8.378262468167641
2026-07-12 17:00:00,32.85863795207245,260.97887082618115,0.0,75.04560963115651,15.058697573960831
2026-07-12 18:00:00,32.58425791489496,0.0,30.856914201803413,75.35056269930428,15.303109181918273
2026-07-12 19:00:00,31.726758498329907,0.0,33.010602872424016,81.0177467919562,15.117758632060976
2026-07-12 20:00:00,28.255904195109807,0.0,14.486087112898241,72.20249119984712,8.086283425560728
2026-07-12 21:00:00,29.369591639084476,0.0,32.21235981649408,83.93083703091932,11.144924842293811
2026-07-12 22:00:00,26.668896163636393,0.0,24.584723479105623,71.20966310512357,14.120609935146488
2026-07-12 23:00:00,26.869126110966295,0.0,9.858690760762343,78.30386733773508,9.69327783418975
2026-07-13 00:00:00,27.51818675659059,0.0,40.07227342513926,84.41136719108344,9.207013964336369
2026-07-13 01:00:00,27.915234206537086,0.0,21.54412273653306,66.27555797887806,8.120155603962814
2026-07-13 02:00:00,27.729868450344973,0.0,23.904311778943963,73.28230804864975,8.432982138040023
2026-07-13 03:00:00,26.705930259865127,0.0,23.061317290693733,80.91358299574654,6.509319023666759
2026-07-13 04:00:00,26.7148549689352,0.0,48.5321789619622,90.3624546177534,23.908024198225327
2026-07-13 05:00:00,30.107748080736634,0.0,29.386257573399117,80.45788377443928,3.6600360409571406
2026-07-13 06:00:00,32.90885640726372,0.0,31.186497308187324,74.9275054256651,7.636162657326571
2026-07-13 07:00:00,33.52488799027069,232.30018810033025,23.390457684204044,70.02718398950454,13.553616079931555
2026-07-13 08:00:00,34.46082900053507,369.715778270703,36.94300233382358,80.94989862986566,9.12154697212304
2026-07-13 09:00:00,35.17258547346733,389.1527577596546,50.23977072676007,79.2039496534623,11.105139776959115
2026-07-13 10:00:00,36.37814550637641,575.3092680766742,39.717912262297595,76.60495045667753,13.566651910735224
2026-07-13 11:00:00,35.183496692346274,630.7011647504461,40.303004420022845,77.7274418387307,16.144566116075232
2026-07-13 12:00:00,37.66044845585589,637.8788135344482,39.09345308826518,82.58308160550483,10.860995517651023
2026-07-13 13:00:00,37.57601361833516,805.1841556661338,9.296360350332552,79.76991343028891,14.152930253784863
2026-07-13 14:00:00,35.51446794901696,690.702615470375,16.858217524512924,78.07178085465978,4.053230272310763
2026-07-13 15:00:00,35.7498299167209,516.9369682498343,26.925189096013106,75.46657991676314,8.922352508110379
2026-07-13 16:00:00,31.914671787260016,409.98038769802116,19.112039362601617,69.54483852868232,12.934877612560385
2026-07-13 17:00:00,33.174343607216365,243.42573042923598,14.03194462866003,75.91988768424498,18.594359708905078
2026-07-13 18:00:00,31.47312325171686,12.841123895309353,1.9173638869413914,78.13558672670797,6.234300879992
2026-07-13 19:00:00,31.989093644360047,0.0,9.802061802987883,76.71984300304041,5.924334170383126
2026-07-13 20:00:00,28.887950506600447,0.0,26.152116639860996,77.29349184672586,12.673214119727106
2026-07-13 21:00:00,29.239916052403522,0.0,28.95860449771673,74.45859578865078,11.660653823725978
2026-07-13 22:00:00,26.807534807481584,0.0,18.104193358041368,76.28077958772785,8.031477738208052
2026-07-13 23:00:00,23.844626030548053,0.0,31.18387819024839,84.04215863751823,6.692441373150461
2026-07-14 00:00:00,26.32052292604741,0.0,23.492495386374355,77.13658993629022,9.11905405192687
2026-07-14 01:00:00,27.039875443302844,0.0,46.358603810607725,81.06650575641552,14.40287967041791
2026-07-14 02:00:00,27.479681878973583,0.0,27.57561353962744,73.38572790288399,10.045976776068112
2026-07-14 03:00:00,28.293921894023498,0.0,40.44496322102573,92.8642855541723,16.70689749972229
2026-07-14 04:00:00,28.45532968002548,0.0,33.048206434420386,73.58909524473016,11.10832134699814
2026-07-14 05:00:00,29.89877906911958,0.0,8.968934411339177,66.89062988116291,12.854466628964353
2026-07-14 06:00:00,30.149473145146022,0.0,28.64012736394237,77.50809802825584,12.545901731292357
2026-07-14 07:00:00,30.312228003451423,198.27120091312995,11.465638510069745,71.35993720862561,8.95861265929592
2026-07-14 08:00:00,33.97532343870685,393.7107427128386,28.37818742674618,81.16472814312809,14.7513803645391
2026-07-14 09:00:00,34.1804900417859,600.5147229006428,18.823037741539665,78.91424649017424,6.0720110569562635
2026-07-14 10:00:00,37.34763341472249,641.9107306933938,35.72944550227213,71.30873501480937,9.57219053298419
2026-07-14 11:00:00,33.60677048229514,796.7719244989457,9.864684938006981,67.69733536210626,8.837668639887815
2026-07-14 12:00:00,36.992044581988296,696.3664333906537,30.22052737919156,71.67926626075467,13.03718111966477
2026-07-14 13:00:00,39.20128271888219,615.987208424997,38.58623373844791,81.73900275369712,14.452622494222439
2026-07-14 14:00:00,35.706146801050146,587.7039961326013,43.61393353963493,81.73925976387642,8.919978271278268
2026-07-14 15:00:00,35.1456815311468,581.978763114569,18.537483631736656,71.55505770073778,7.102491184985484
2026-07-14 16:00:00,34.667970944063654,367.1250586059906,30.266264583107628,77.4983676666297,11.827610198396806
2026-07-14 17:00:00,33.56369066298077,190.44189138404005,32.7622045936736,71.57469110024614,5.487515756452603
2026-07-14 18:00:00,31.082660605571874,0.0,53.20689419314152,78.97656055708002,16.69168787382475
2026-07-14 19:00:00,29.008839844525504,0.0,7.780049088747944,65.14358396916218,9.493676760754006
2026-07-14 20:00:00,29.962257179916403,0.0,16.333461823934265,74.36647511316387,6.138511630029067
2026-07-14 21:00:00,25.597706433525907,0.0,72.0669373910412,88.935550095711,8.846043695025571
2026-07-14 22:00:00,28.365489940244057,0.0,25.90354074066038,71.34922419545897,12.54771485112854
2026-07-14 23:00:00,26.27475293036673,0.0,1.6350928514508816,72.6236058522581,11.226052516232466
2026-07-15 00:00:00,26.583899621555734,0.0,21.26174784977751,80.66342851396801,7.989349492095646
2026-07-15 01:00:00,26.066969557174215,0.0,0.0,64.98753737913664,9.544507474071537
2026-07-15 02:00:00,29.109909312898356,0.0,33.6138106868423,76.45536260978898,7.163867012613528
2026-07-15 03:00:00,28.368068934961673,0.0,42.14677140417328,82.8995883901714,11.073678942807945
2026-07-15 04:00:00,28.661629538646647,0.0,16.3250643574687,73.80017924163496,16.718422093666053
2026-07-15 05:00:00,29.830919931395567,0.0,22.939141166227397,68.44995940313224,19.6692001140829
2026-07-15 06:00:00,31.38728464617421,0.0,43.85481233053369,78.10166692905963,11.34570020134275
2026-07-15 07:00:00,35.99000637624896,243.13838507044164,3.7467680273089456,67.21829404730597,11.914707571370284
2026-07-15 08:00:00,32.36767405716891,444.00376938012056,10.176431817006815,70.88686869224667,12.07816384159948
2026-07-15 09:00:00,36.52316966243064,558.6880750436246,26.578272274265405,74.57691988967328,4.4447725772642865
2026-07-15 10:00:00,36.64855281338158,682.3725338949257,18.714977437997725,81.06149490668986,6.336325199625997
2026-07-15 11:00:00,38.41127333082348,750.8334810758312,25.591996537896183,73.64378605144587,2.017035248292723
2026-07-15 12:00:00,37.39767575499142,813.5587430838646,11.043745208902173,62.61087323763911,12.348481446037823
2026-07-15 13:00:00,36.41388995316464,682.2219699707339,33.214702288822615,77.34724796286203,19.442271175665113
2026-07-15 14:00:00,37.23605185737113,638.859495997093,27.76150372230017,84.1437235748959,15.651421401794881
2026-07-15 15:00:00,35.41412229882926,514.217203281504,38.23785741349549,77.46176699179783,12.089890513715208
2026-07-15 16:00:00,35.06133176103064,351.4816576416848,33.00599250720439,74.85186349237345,11.264366486150026
2026-07-15 17:00:00,34.73066944972004,199.00090446567435,33.10035108744035,75.58986783999573,10.24554179711464
2026-07-15 18:00:00,31.700164887211667,0.0,8.305389682048293,74.29204720567152,14.653941276755472
2026-07-15 19:00:00,29.734093219582736,0.0,37.38887327467308,77.39022793069707,12.732072976983615
2026-07-15 20:00:00,28.24293349771861,0.0,25.03700397293337,68.49476234261266,11.50169069626385
2026-07-15 21:00:00,28.6300575451855,0.0,27.501025385255733,73.27186302236517,6.9619388446222565
2026-07-15 22:00:00,26.108142970690427,0.0,45.723965645862144,81.24131459153934,14.690504397685446
2026-07-15 23:00:00,26.29551333623224,0.0,19.20846665224657,77.58591255467029,10.360486121141598
2026-07-16 00:00:00,25.286863046356025,0.0,50.26776492688501,79.91043872516484,14.101263268918327
2026-07-16 01:00:00,27.375914159068223,0.0,51.667129490596395,81.37932562955848,16.579663058195294
2026-07-16 02:00:00,26.236772915894264,0.0,41.291766560465575,80.66205394192833,5.525071072248163
2026-07-16 03:00:00,26.33641574454119,0.0,15.29068783848867,70.03509313644243,9.58209755217247
2026-07-16 04:00:00,27.60069438677452,0.0,0.0,69.45116212010416,8.237534220457443
2026-07-16 05:00:00,29.508192341854848,0.0,46.182523713899116,83.50546099374145,10.19411947105481
2026-07-16 06:00:00,30.920311372003233,0.0,31.670775919966196,71.39716457451894,7.115980015833588
2026-07-16 07:00:00,33.1656861013012,233.49715954041798,18.822037937678065,75.31293442413345,8.031017032907613
2026-07-16 08:00:00,33.834592161267956,321.0573942058728,47.603435156334044,75.42413426634991,7.986369596993988
2026-07-16 09:00:00,35.56164037438679,606.8377895550643,17.076616786832858,67.63345376470217,14.153482691182042
2026-07-16 10:00:00,36.460625737395475,643.606824911275,23.63767112653586,71.17634400862892,12.691545674815265
2026-07-16 11:00:00,37.33698093287148,686.1734373660006,37.87335546475491,84.74488342994634,13.12598201073478
2026-07-16 12:00:00,34.06453048672042,839.0945513947853,13.295957525776839,63.68841333951195,2.956890335275193
2026-07-16 13:00:00,34.908941185259394,754.9056874972761,28.35778635589399,73.58336530428198,19.213263411187295
2026-07-16 14:00:00,36.596182195331934,537.9721083776852,46.337057758700425,80.01258396080416,10.682739775782217
2026-07-16 15:00:00,35.35507238705397,449.75395356426503,33.16666115431695,82.87429093824355,18.636857463452813
2026-07-16 16:00:00,35.314715276189915,323.90961224226083,48.711395052355215,90.67035176112523,15.432097970711295
2026-07-16 17:00:00,30.831574745007742,148.520273937449,47.004035370089966,79.06614736285498,11.423546678904794
2026-07-16 18:00:00,30.927001491676254,0.0,30.11607501632429,79.6367672164656,19.67862149981194
2026-07-16 19:00:00,29.865313293691752,0.0,0.0,69.09744785372858,12.269521063935402
2026-07-16 20:00:00,29.26123536095422,0.0,13.4134155717704,72.50931153427703,9.757296044015892
2026-07-16 21:00:00,28.055809117532366,0.0,41.45001168576734,81.57047926457426,10.508097637166083
2026-07-16 22:00:00,27.824376534269316,0.0,6.746228695720696,63.63557890760473,14.465126462168922
2026-07-16 23:00:00,26.56602315559856,0.0,25.09961117119575,76.10058024597137,9.108940319985294
2026-07-17 00:00:00,28.292208253568518,0.0,35.077209205335485,80.82926300966969,10.23959947192486
2026-07-17 01:00:00,28.877114031505904,0.0,52.04356043642265,78.43049529016668,10.214381063246755
2026-07-17 02:00:00,25.724778302986085,0.0,21.37470455318379,77.8220000116247,8.046160476130952
2026-07-17 03:00:00,28.031281768737287,0.0,20.34768436375306,66.28995440011012,8.239518141803543
2026-07-17 04:00:00,30.045563659226666,0.0,29.21331350256749,77.31432645974867,18.550492555295843
2026-07-17 05:00:00,30.975002252036916,0.0,35.26369454715154,84.93056797356478,15.793489866271411
2026-07-17 06:00:00,30.977974389691042,0.0,27.68629758905859,75.2319277615618,12.32562876467479
2026-07-17 07:00:00,33.133590677660855,128.99735693959894,45.73902523328716,75.62383368954953,10.096961185281991
2026-07-17 08:00:00,31.949675292332955,390.2297761378652,18.012842504572923,66.6350710773514,8.695151023509974
2026-07-17 09:00:00,35.01882056527766,495.8783524297953,31.80241400068565,78.70040238790685,10.123629455165354
2026-07-17 10:00:00,33.939903304397006,593.9106043237817,36.678190653705286,82.76864421733791,18.98972580701662
2026-07-17 11:00:00,36.998172886014785,778.6355251105737,23.99650785141215,74.21892896974803,12.363487410094534
2026-07-17 12:00:00,35.05742576879863,637.2053528035287,42.5956490483995,77.12184411925496,15.119937757339292
2026-07-17 13:00:00,36.549743359971174,671.7167414694404,32.23437811863524,66.97159542163607,12.411059016657255
2026-07-17 14:00:00,36.25325238779766,631.3628367721166,41.832685697284106,79.69033037490979,8.549090617884927
2026-07-17 15:00:00,35.142328063081614,490.36881432541367,32.91156162073248,73.56020751125847,12.0558277843812
2026-07-17 16:00:00,33.186632379516126,340.58473024188027,35.64606857230842,74.82468773486086,7.4789727318121
2026-07-17 17:00:00,32.528787601549325,195.74304318110754,20.51412364725967,82.38129245509194,15.807046621581371
2026-07-17 18:00:00,33.04356427000007,0.0,20.538424422131648,65.22002801813555,8.032431263621799
2026-07-17 19:00:00,29.662084955994775,0.0,48.36594719893165,73.35338574453915,10.130733039867717
2026-07-17 20:00:00,29.036030240356727,0.0,39.532656667804986,80.7343882753871,15.229345903183752
2026-07-17 21:00:00,27.24881174959821,0.0,14.655522506663974,71.70000387779555,7.939507901967277
2026-07-17 22:00:00,28.504599311804725,0.0,32.71295136982247,75.35854459390791,10.7594269579804
2026-07-17 23:00:00,26.77972197759042,0.0,0.0,71.39629794808414,0.0
2026-07-18 00:00:00,25.477139514724705,0.0,21.390897544508753,76.85569870317575,9.779149808091386
2026-07-18 01:00:00,26.64993943037338,0.0,44.41541514929859,76.28817631205747,14.59793730461428
2026-07-18 02:00:00,26.82683726087932,0.0,28.12281616933261,74.09818668486315,8.900535538855124
2026-07-18 03:00:00,29.74512856396021,0.0,31.768690044990468,77.77819230743637,13.825552984490184
2026-07-18 04:00:00,28.912211967269595,0.0,0.0,70.54854666749067,9.935368718325556
2026-07-18 05:00:00,28.378636945319766,0.0,24.116195727957724,78.23852183091525,15.557148284416854
2026-07-18 06:00:00,32.118528933111826,0.0,35.074083357408185,75.08492191774378,8.813782002853552
2026-07-18 07:00:00,35.08631461461492,145.84283133180531,36.9793481309751,79.76713585267322,10.882767674614414
2026-07-18 08:00:00,35.52631588213756,286.0961529310065,44.43533567001546,84.58162523732102,6.343145914211025
2026-07-18 09:00:00,33.57202587523934,552.9089663868301,26.846133723398577,75.96002590328352,10.974005067658883
2026-07-18 10:00:00,35.451086157027,700.2761828863727,27.51516281063776,75.09698550736192,9.68954070665503
2026-07-18 11:00:00,36.26004672659856,815.219971102562,10.018238558852065,69.93783590258339,14.341381517612714
2026-07-18 12:00:00,36.44619220959854,755.6085664514364,26.932176912402028,72.2291784154977,8.84766790120817
2026-07-18 13:00:00,36.79518527150527,828.1532790526735,11.076374064033022,66.60991956819834,8.858903358669798
2026-07-18 14:00:00,35.35310143470082,812.8856981577862,2.2819482029187483,67.82683023082576,7.413376713062872
2026-07-18 15:00:00,33.81552865190511,645.3292621860829,13.722309448341324,74.66224267479322,10.79477364308384
2026-07-18 16:00:00,35.20764616318905,326.6063925310672,52.63027361705957,77.48064790048186,20.585572816741077
2026-07-18 17:00:00,31.30376504428892,189.045779657588,25.94158197730085,75.46282825137777,0.0
2026-07-18 18:00:00,30.427554222374233,13.219190892740963,33.29816044535049,76.85322391518099,11.473618602649871
2026-07-18 19:00:00,28.70749517540937,0.0,22.29755623202916,84.20729383726984,15.81243677730487
2026-07-18 20:00:00,29.76618189181527,0.0,3.141734708221538,73.98439665559182,8.09889184196619
2026-07-18 21:00:00,28.073184522033987,0.0,44.04169687394561,84.3822680318756,14.310071698979682
2026-07-18 22:00:00,28.28873341242129,0.0,0.0,74.40691410235137,14.709502064643623
2026-07-18 23:00:00,25.61992515314916,0.0,21.678109848125125,72.89806702059047,9.979207541364348
2026-07-19 00:00:00,24.802200462597426,0.0,29.180776787249084,84.50865764676112,8.848757611702652
2026-07-19 01:00:00,26.024417141186266,0.0,33.457344651447826,79.30653372389942,15.414519783484401
2026-07-19 02:00:00,26.86374402303196,0.0,19.10295593206695,74.57285104932716,12.936632527997077
2026-07-19 03:00:00,28.167408808911247,0.0,2.430577754175385,64.35888595402014,9.87205138619818
2026-07-19 04:00:00,26.74400839146886,0.0,17.983600614968424,72.52622985217721,13.344171047152427
2026-07-19 05:00:00,30.759372411499076,0.0,18.768630185705064,65.29855721669344,14.77975838666923
2026-07-19 06:00:00,30.26860715496653,0.0,18.403597572673796,72.86968797122452,10.708099983731639
2026-07-19 07:00:00,31.88357239510276,170.34910037930908,44.55087885311405,77.52367972997037,13.449375082339294
2026-07-19 08:00:00,35.45693990522675,394.375028170906,11.795958327912864,69.68869187306322,12.67966879705962
2026-07-19 09:00:00,32.12849552158648,494.67749756904306,34.514689116572384,70.92961985470045,9.878263452878665
2026-07-19 10:00:00,36.18049716898213,640.0181440858339,32.374455558268735,80.23455676598408,16.370611054011782
2026-07-19 11:00:00,36.675093865275976,545.0797202519946,44.40682616207505,82.61310562413279,8.09671442057152
2026-07-19 12:00:00,35.36669704483692,742.7696883502396,28.003021923946033,84.19464632048009,10.875150619837285
2026-07-19 13:00:00,35.679641028997416,615.6066706169016,41.86696450796338,87.47213415598716,15.163367875690973
2026-07-19 14:00:00,37.34860537646176,601.7383515104018,27.41669792858853,76.08291214849804,7.145118103673522
2026-07-19 15:00:00,37.518452027837974,484.4645466126024,36.51588789877201,82.66821800564702,15.311110708755304
2026-07-19 16:00:00,35.315261141692694,433.49983079315916,7.45588369129139,71.92321088977786,11.133970051564937
2026-07-19 17:00:00,35.17684590834412,238.28204951598892,0.0,66.63670808007537,15.300714799459204
2026-07-19 18:00:00,30.532386012675087,0.0,35.6632028034878,76.9953429064807,14.234299981353246
2026-07-19 19:00:00,28.08291300283293,0.0,36.467746890588444,82.14910244165452,11.172285409538096
2026-07-19 20:00:00,28.862709553728056,0.0,37.132534997278235,99.44334267036685,12.78304631526367
2026-07-19 21:00:00,28.94189983574754,0.0,22.126012278679813,81.07458726843484,12.176392052142875
2026-07-19 22:00:00,24.689815357868724,0.0,52.345833783155584,84.66502271456682,20.7104065767138
2026-07-19 23:00:00,25.397094479173152,0.0,23.10183276394467,78.43485181105802,11.493853986707409
2026-07-20 00:00:00,25.33060444387919,0.0,36.313185295085546,81.7030478705,11.263683287586026
2026-07-20 01:00:00,27.02452156445371,0.0,38.91954337506118,79.2747621999343,11.164101016460757
2026-07-20 02:00:00,27.356396478748195,0.0,55.78110239623666,87.67416623593888,13.54447896578033
2026-07-20 03:00:00,26.84737515330754,0.0,25.244555703152496,75.55671548968711,6.724977978558549
2026-07-20 04:00:00,29.124372621793952,0.0,20.202106406562706,69.67431222902634,9.479048594449825
2026-07-20 05:00:00,28.608276099090986,0.0,7.527819233770153,74.04902217273754,6.32785051066888
2026-07-20 06:00:00,30.836265808395584,0.0,53.2855050999371,85.82262211060558,9.138417382340634
2026-07-20 07:00:00,31.040487261810597,159.6689916994473,36.3211636057281,77.74519153830389,15.03245883852643
2026-07-20 08:00:00,33.695308888662666,327.420389908542,36.79591658841453,79.74397290798964,11.944880445231542
2026-07-20 09:00:00,33.8855159342141,271.560438434182,76.7505636198588,92.95926194136499,10.870101736078835
2026-07-20 10:00:00,36.61823260980726,588.6213292470532,34.87567111779449,77.01713248554033,11.142659037786698
2026-07-20 11:00:00,36.186204004299725,843.5799612243009,10.465178923499515,69.00334384285557,9.539048111855971
2026-07-20 12:00:00,36.09585248747868,742.0857816133246,27.06144637510536,71.85440320284114,11.563841314997209
2026-07-20 13:00:00,38.518808875934255,816.6870004694429,15.378263867270203,70.8478173060603,4.740495848169772
2026-07-20 14:00:00,36.21901971384234,622.8529604797825,24.061974081258413,82.30710008446279,6.838054005349574
2026-07-20 15:00:00,34.44755166200715,532.1892361010641,23.96115595868089,73.88136018697892,5.4322152557435395
2026-07-20 16:00:00,33.13176211358402,342.3323043499922,21.194634133994256,76.17614466423397,7.461355318290286
2026-07-20 17:00:00,31.149188902597906,212.22555636758614,9.100762419669046,70.03042040078914,7.56415009295282
2026-07-20 18:00:00,31.304969013704696,0.0,53.88752450508444,80.77498084507904,8.556191211092765
2026-07-20 19:00:00,30.496420444372948,0.0,34.48272066657591,73.69970617497246,14.78180065812046
2026-07-20 20:00:00,26.401929274544713,0.0,26.617919479496425,77.2455601232276,18.690691124859633
2026-07-20 21:00:00,26.081905573791232,0.0,41.364567442736146,77.89342435676838,15.370554881805893
2026-07-20 22:00:00,26.389557419826808,0.0,37.066009122740866,85.72639155541032,9.591703935405983
2026-07-20 23:00:00,25.133354002688964,0.0,34.13536099113071,78.27632592738438,12.547517256961047
2026-07-21 00:00:00,26.40505409215904,0.0,40.2749710915024,79.93533112141505,11.74809665925397
2026-07-21 01:00:00,26.755987884658932,0.0,32.00902115637985,77.13794929004445,9.165170323151095
2026-07-21 02:00:00,26.859692763090234,0.0,40.05332185487387,81.88969726880255,17.30153418383131
2026-07-21 03:00:00,28.528512072191994,0.0,41.296684513166625,87.54944313682286,20.093686594051754
2026-07-21 04:00:00,28.088433399487027,0.0,32.44078102549204,72.74804991169331,5.742001798299802
2026-07-21 05:00:00,29.99504781621402,0.0,26.694082597558264,77.61331217928543,17.095773139632534
2026-07-21 06:00:00,30.044511700039372,0.0,52.95596702180863,74.93841339209035,10.283873585604933
2026-07-21 07:00:00,33.0129202053182,249.74587983004207,22.831476903398496,80.92197241188937,10.09230135448623
2026-07-21 08:00:00,33.94749996245755,372.6363521389645,35.86970400641019,77.38461260260115,12.924195508906152
2026-07-21 09:00:00,33.326257781279324,488.2984327040892,36.208626161085995,70.62865454077465,18.001061740525483
2026-07-21 10:00:00,35.47736919148133,680.1048603533272,20.85663221604547,67.56368697871471,12.167828797245354
2026-07-21 11:00:00,36.12928005652353,781.8406819263747,17.882664220327598,77.17072433206579,12.543962893675042
2026-07-21 12:00:00,36.714134834511476,769.3268708432824,24.692219686952235,66.3927749639253,14.648078563444512
2026-07-21 13:00:00,36.59200255031316,734.0076586599071,22.616747202365882,75.60682978725055,15.175401488568934
2026-07-21 14:00:00,34.74140465862073,728.6249921794041,8.128041575417019,68.72806724990394,12.45094006434116
2026-07-21 15:00:00,35.87709132157059,581.7889939894637,20.227573762210866,72.75153741200266,15.080745874382695
2026-07-21 16:00:00,34.52879174281636,348.50464717403696,33.99334476951843,73.99978734413918,9.308104345917702
2026-07-21 17:00:00,31.70096111857081,178.3537782277526,48.98915376222898,76.77789453706916,5.511533895195881
2026-07-21 18:00:00,29.86331320180664,41.153968719411154,38.3158700276045,76.71228735943433,19.21578601691806
2026-07-21 19:00:00,29.212126995930202,0.0,0.0,72.52803179230622,5.849259284727313
2026-07-21 20:00:00,26.93567702840548,0.0,39.619555721359916,78.45161913090624,9.845595173984023
2026-07-21 21:00:00,28.083693920089022,0.0,21.62772321156423,77.35054023997473,9.755276899933138
2026-07-21 22:00:00,28.557320241401698,0.0,36.79620112031645,77.75425306721107,9.82425480257426
2026-07-21 23:00:00,28.367200104183716,0.0,29.78797111184058,80.29813616537473,8.584809654940885
2026-07-22 00:00:00,24.889589927261135,0.0,27.109685608697582,79.16869415614835,13.209823175378691
2026-07-22 01:00:00,27.498950177289224,0.0,28.46646408056788,74.33816924720199,13.320237536962443
2026-07-22 02:00:00,27.085457892555773,0.0,29.663635375953298,72.63470191151814,13.962929615019847
2026-07-22 03:00:00,24.655477414377405,0.0,50.166074581353655,87.6714602079853,14.737103183818803
2026-07-22 04:00:00,28.37361747699228,0.0,29.705097193723688,73.15328898047473,9.818528508730125
2026-07-22 05:00:00,29.43485056257634,0.0,46.283041997718,83.70945778903042,10.64084830909589
2026-07-22 06:00:00,32.87979703500734,0.0,44.09858798768486,80.29814173994598,16.681702616719903
2026-07-22 07:00:00,31.467588134080057,196.35529287527427,40.00568321375479,77.01596956126151,9.914743457329205
2026-07-22 08:00:00,34.537717421590166,430.1080416581553,3.200717698054838,71.81685761274022,7.995031051251606
2026-07-22 09:00:00,34.70205284068987,395.189813112176,46.7494898424241,87.37145522739623,16.055464863589503
2026-07-22 10:00:00,33.756309084890674,628.2267602863018,23.13148058796618,77.89698329009575,11.082238676667489
2026-07-22 11:00:00,35.41752200056012,642.5852760889362,40.735909216121584,79.56779744232728,10.016529306604262
2026-07-22 12:00:00,38.29685466831264,822.5495464312837,15.412007501393797,80.26587691574153,8.788134052631674
2026-07-22 13:00:00,35.909981188374196,791.1212506979695,12.223889350451163,63.348138846986956,15.106808589183382
2026-07-22 14:00:00,36.813487966491074,426.84764389415375,59.64583105246798,77.87840546260583,15.326386431841682
2026-07-22 15:00:00,35.94763825021569,569.2048634880757,15.645253997428286,70.24691617706203,11.728405457232205
2026-07-22 16:00:00,33.22299076365652,331.86785296642506,47.19159958577621,87.96106812809805,7.6942229740949815
2026-07-22 17:00:00,30.931379776744848,162.57683867998037,31.776304821547814,82.06855796420757,12.55196744217024
2026-07-22 18:00:00,29.808369942466175,0.0,23.698199124597426,66.92186351620393,10.333730532603449
2026-07-22 19:00:00,31.89880570000893,0.0,29.3275667350469,74.41519524855681,7.8165958879883615
2026-07-22 20:00:00,29.002992405733902,0.0,10.483582552030335,65.70131375453532,8.117801389540567
2026-07-22 21:00:00,25.516232394034045,0.0,29.793684305861543,77.46873281261749,14.274311911769647
2026-07-22 22:00:00,28.059755437432777,0.0,13.75889529156061,77.7899223624566,15.657635730837502
2026-07-22 23:00:00,24.15319799081367,0.0,24.068343085290216,81.32237506346182,6.973783217239108
2026-07-23 00:00:00,25.18741252760597,0.0,43.87949345954364,82.58180574719678,8.46890011234929
2026-07-23 01:00:00,26.537427597160182,0.0,33.81286014836486,76.39749920369837,14.467182970084732
2026-07-23 02:00:00,30.20779182921075,0.0,7.767442516792176,70.9836935027868,8.751600331006632
2026-07-23 03:00:00,28.786641540186775,0.0,42.77232190370805,83.84148425040752,14.349624179803468
2026-07-23 04:00:00,28.134267389258273,0.0,29.89350357136286,89.03975301049562,9.804103095482551
2026-07-23 05:00:00,30.004087403560614,0.0,21.867220973859922,69.09069455805235,13.401339120053633
2026-07-23 06:00:00,32.45699602584287,0.0,41.200144558633966,87.42573332153006,6.565082005184392
2026-07-23 07:00:00,34.403891547855416,204.0811213966588,27.491897445344964,76.98267134066178,13.571913330423996
2026-07-23 08:00:00,33.43944269847329,425.2107367743195,12.51507990141431,76.26411982457289,2.228804791701368
2026-07-23 09:00:00,34.51270593643452,418.36565110513914,57.71714567174406,84.2282103046409,16.58715921792161
2026-07-23 10:00:00,34.51243800591617,609.2726240248453,29.740688356635182,83.32927485647951,11.350957524552127
2026-07-23 11:00:00,36.955709460500366,721.6580001294122,28.779221932766742,77.34985623489199,13.20389089479994
2026-07-23 12:00:00,37.595137634850424,762.6873038291574,23.92342242404115,71.14777622256219,12.144654133880595
2026-07-23 13:00:00,33.57071278343658,607.2086691640252,47.69948609186384,83.18983518365006,5.561586708727261
2026-07-23 14:00:00,35.07565324515551,661.736917191336,22.126822377869395,79.95423279632281,16.573651262212316
2026-07-23 15:00:00,33.21942812189028,606.6425485908644,6.825302117825931,70.77448191991797,11.679209079862922
2026-07-23 16:00:00,33.957553088263744,410.99707895674817,19.81983507156032,63.54092205157127,14.016306136701017
2026-07-23 17:00:00,30.946139177984232,161.343195663823,49.90161900682189,81.30881485623966,9.298214227135404
2026-07-23 18:00:00,29.54519067854133,0.0,42.481982421856756,80.72896853376261,13.087200972001867
2026-07-23 19:00:00,31.42785388367155,0.0,26.174765210102084,75.65487291398804,6.069146433277468
2026-07-23 20:00:00,28.54610166830078,0.0,50.59882712460711,79.94040275401338,13.126848130163737
2026-07-23 21:00:00,27.64796212759709,0.0,41.219133432328235,86.82267335939672,8.302696067735946
2026-07-23 22:00:00,27.49243769041823,0.0,26.0011595454809,64.56158529152063,31.32899890491003
2026-07-23 23:00:00,27.693809563400226,0.0,27.511352173483804,77.243653140998,13.796203803968698
2026-07-24 00:00:00,25.671582626793263,0.0,34.939765979181516,79.47411271976341,17.070428224838807
2026-07-24 01:00:00,25.87091519292829,0.0,17.521695755042764,85.02405290458869,9.87773731240657
2026-07-24 02:00:00,26.37593980489246,0.0,30.067575982640264,77.53832563319062,13.099395232416198
2026-07-24 03:00:00,29.08618096713613,0.0,34.627700469199354,80.57214249073178,15.352757020441912
2026-07-24 04:00:00,28.6271776406643,0.0,4.695506420871904,71.55486252632882,5.943746138268407
2026-07-24 05:00:00,29.54323027814885,0.0,27.160195161481532,76.8807053679788,8.667687701915696
2026-07-24 06:00:00,31.72391867056966,0.0,25.454157219514677,84.46974633840162,15.16272196564855
2026-07-24 07:00:00,34.89047899436596,174.11495976314794,45.42102029940484,74.61341553294994,11.398843305453484
2026-07-24 08:00:00,33.812321396681476,468.83168379518406,2.33254509283449,66.22526408912637,7.1259790297661345
2026-07-24 09:00:00,34.40100582299145,525.3006555313624,24.277409704444338,78.73005905585237,8.689978160836795
2026-07-24 10:00:00,38.07177840145058,635.8815659862229,22.773680289531196,75.31685514424663,6.248790079167804
2026-07-24 11:00:00,37.77412457551296,557.0387344135621,44.40106445882401,78.06800371857149,4.382673401726366
2026-07-24 12:00:00,37.75602581758842,748.7235587713732,29.34680145952661,75.3705078491875,4.682817115381567
2026-07-24 13:00:00,35.3944896601036,540.6363493183926,56.941419684785544,87.54580461668054,13.029885000124006
2026-07-24 14:00:00,34.766104208741034,594.2059541922796,39.93320072859579,81.2438330048039,14.683125376296674
2026-07-24 15:00:00,32.36688642569689,517.3470974525399,23.846655087157217,71.59181681826944,21.26807215655627
2026-07-24 16:00:00,34.970145263351526,366.95694658828165,33.59488044838438,78.39208005422768,11.514203443736328
2026-07-24 17:00:00,32.60994483013669,157.0093379942296,24.688967859458128,75.08173761788893,6.114607564252081
2026-07-24 18:00:00,28.874599069000016,0.0,42.8909413573563,82.793654001204,12.030697327068985
2026-07-24 19:00:00,31.484059966330804,0.0,10.017034300634819,70.226260040322,13.312575602947037
2026-07-24 20:00:00,28.277197068633896,0.0,17.64456035143,68.17802093295644,15.002949777415518
2026-07-24 21:00:00,27.401914830293766,0.0,36.83534877832382,82.5104050683917,15.574243105203937
2026-07-24 22:00:00,24.918766204117418,0.0,48.386346730854314,85.15186763963929,14.710416702333541
2026-07-24 23:00:00,27.02598215048401,0.0,0.0,77.07259772601971,10.381175469326132
2026-07-25 00:00:00,26.821186098302842,0.0,50.61706823985624,76.09994437210989,15.4780994354874
2026-07-25 01:00:00,26.27687211437483,0.0,27.89797307357991,76.73105143226,6.655615010442281
2026-07-25 02:00:00,26.29504873181985,0.0,1.741875570942554,69.38921061652646,2.054414633595467
2026-07-25 03:00:00,31.0477590889151,0.0,0.0,67.41175866982213,18.373010593408342
2026-07-25 04:00:00,27.104507008037963,0.0,7.0592090128758045,64.04402672000003,10.16488030108533
2026-07-25 05:00:00,28.936921749424634,0.0,29.704427162318975,71.80414547809286,13.620814002652127
2026-07-25 06:00:00,32.089618823989376,0.0,29.01152943286673,77.84204602926565,0.24359428588721777
2026-07-25 07:00:00,31.144208372643494,186.65550204530516,39.49800652063965,76.75412317527196,18.1544966667639
2026-07-25 08:00:00,32.25421607327431,371.8629855922774,21.75769233658555,70.51924211409398,15.711346520964305
2026-07-25 09:00:00,36.17539321108383,575.024053295153,13.379391803307435,79.12051825695507,4.406548195768428
2026-07-25 10:00:00,36.28576132613831,637.5957594741169,23.803704185086605,86.42666734285103,9.920958093342675
2026-07-25 11:00:00,36.62789356646086,676.6786890070398,30.50415430367366,75.8997044781908,12.59011913025951
2026-07-25 12:00:00,36.4052573685418,694.121384747982,33.46159192432916,69.44371939013726,6.617944827762305
2026-07-25 13:00:00,35.09871478093538,744.8548172700631,18.162529510913913,75.307847223173,12.863155336951214
2026-07-25 14:00:00,35.17053964879403,550.5533095472933,43.521700505030395,69.22799147290532,16.358587724232304
2026-07-25 15:00:00,34.60162171088401,555.8514085404303,20.679048424139495,67.27867775658339,12.330765048430717
2026-07-25 16:00:00,34.768966323894965,395.646915627137,16.954239565126443,75.14145957179221,4.582812146760477
2026-07-25 17:00:00,33.01659486556808,178.17030595072612,21.864127357975654,67.64487159941159,6.946306082144448
2026-07-25 18:00:00,29.96268855958883,2.6240762237966138,46.12260263553911,79.60607810349101,11.81094107456859
2026-07-25 19:00:00,30.90119473536689,0.0,28.00805320589011,68.99869650953964,10.402118129349645
2026-07-25 20:00:00,26.486827199877247,0.0,19.582297453953423,75.25384785618405,10.062083982616635
2026-07-25 21:00:00,27.216802755245602,0.0,43.891616256728156,86.55658610969128,11.135972989700324
2026-07-25 22:00:00,25.354095155662023,0.0,62.14122809923119,82.71794931358019,5.891012049701492
2026-07-25 23:00:00,25.22502145553568,0.0,33.14523951463421,78.45547456816581,14.87988085244582
2026-07-26 00:00:00,28.625345341734768,0.0,48.5076369129815,77.80387763292084,14.93440376126226
2026-07-26 01:00:00,24.37927765849018,0.0,45.54116925862184,78.04945400051626,14.366553314696421
2026-07-26 02:00:00,25.725703888570266,0.0,20.915403725125007,71.26314225871742,12.764631762280683
2026-07-26 03:00:00,28.248771577064268,0.0,30.399512707143487,81.3422131057149,10.38353443855589
2026-07-26 04:00:00,28.009779592406243,0.0,10.761830554440191,65.47148094291856,8.109807361939017
2026-07-26 05:00:00,30.028913004769098,0.0,26.925866004575475,74.61785919856392,7.275840341996856
2026-07-26 06:00:00,32.979197702774194,0.0,20.60714446311414,76.30399084268126,17.202060603694598
2026-07-26 07:00:00,33.26589462075839,188.13191265505793,23.956710642365476,79.59828538279109,11.11580101089069
2026-07-26 08:00:00,33.01149612520883,403.7527208697673,18.75157452929495,75.98920609164995,4.295260679225649
2026-07-26 09:00:00,34.48248176299504,528.6771804436061,25.693547877066493,74.9378474133824,11.167821788920467
2026-07-26 10:00:00,36.140698011927064,572.1588471884711,37.983490293973716,75.28032308100286,3.5621375173356924
2026-07-26 11:00:00,36.775899007737166,682.7452505287013,28.207621343400064,80.21210221882416,12.402418693528668
2026-07-26 12:00:00,36.147761742102,875.8098670089229,2.0344020336692132,64.80031461622012,10.67363745604329
2026-07-26 13:00:00,36.41920401180331,747.909097569202,18.80819152652271,69.02815024524821,8.77272845043098
2026-07-26 14:00:00,35.92096737169902,757.5612861129085,7.209009711626216,77.22660297327354,6.602491893158711
2026-07-26 15:00:00,34.5364225660094,504.36483503352196,33.66090338972651,79.08607116421739,13.932749597177065
2026-07-26 16:00:00,32.833974291968,352.2443863772798,37.54976046081281,80.49037628250159,11.545421631026834
2026-07-26 17:00:00,33.38025268322411,178.19904926645535,33.84822332781248,80.49776414528151,3.925623833557868
2026-07-26 18:00:00,31.500117280337733,9.58904852294571,18.18893410050919,73.39794113782152,15.725004050320196
2026-07-26 19:00:00,27.121414324260304,0.0,33.702808936968246,71.21902472496652,7.92582122603702
2026-07-26 20:00:00,27.5471970046904,0.0,22.948286163466875,76.91082492013044,5.874696297941977
2026-07-26 21:00:00,26.96037618100411,0.0,12.926618253746213,73.14642675073037,16.081028318349063
2026-07-26 22:00:00,26.529185397589853,0.0,41.12894879563395,76.05749646261705,16.2947782665342
2026-07-26 23:00:00,27.85628244448677,0.0,42.27041630585658,74.99390205299147,10.431485781425954
2026-07-27 00:00:00,30.234485564605432,0.0,44.23343221625259,80.34049934247716,7.201728092283635
2026-07-27 01:00:00,23.045365487116424,0.0,20.87477099951316,69.02288946812612,7.404853985750202
2026-07-27 02:00:00,27.137063138334124,0.0,47.69043469039618,81.18500921837618,10.634526265413827
2026-07-27 03:00:00,27.62638994014762,0.0,22.596266230078985,74.23490906511398,15.99461233442243
2026-07-27 04:00:00,28.336825164459185,0.0,39.802519823077695,79.15435751074563,17.170098853691933
2026-07-27 05:00:00,30.483188073191823,0.0,22.33631007349987,77.07487882844188,11.780732021855364
2026-07-27 06:00:00,31.266187252486958,0.0,26.640267543813437,79.12991152415756,13.932487180360564
2026-07-27 07:00:00,31.895692946915815,205.30499971887167,0.0,65.7081610849426,9.162540530155923
2026-07-27 08:00:00,33.60947735275113,351.748047580505,25.471301783746263,79.72536141073402,7.782269456560433
2026-07-27 09:00:00,35.33053245981936,492.10526006432866,31.36634950177541,75.4951539161089,5.5659234856711075
2026-07-27 10:00:00,36.0015015525248,626.1924854942306,23.849255739542418,83.37859562945964,12.48413397780591
2026-07-27 11:00:00,36.146313021084566,537.2216694439743,56.34282102127709,79.78665374070417,16.41863515169532
2026-07-27 12:00:00,35.312979973654976,858.3820642120623,12.563008720120855,63.83715498404998,8.58554809264971
2026-07-27 13:00:00,39.56597676937157,761.400399639008,21.54628144344111,77.66988418439621,15.82740387241829
2026-07-27 14:00:00,35.86895621320055,718.090319413077,16.426910850212202,74.90448884947587,9.281601064238377
2026-07-27 15:00:00,35.59819799120335,507.50004061376853,21.54334531506793,80.10441412536105,11.412158999258402
2026-07-27 16:00:00,32.91131870101426,299.7557887102883,45.471195944110576,82.02932022182888,11.389276606633393
2026-07-27 17:00:00,32.612002917657975,158.77659880106935,52.170476914904455,93.90086333340443,17.55437557510338
2026-07-27 18:00:00,31.307552389574337,21.77977285286351,19.488110836215874,73.28145480809637,12.945085762310342
2026-07-27 19:00:00,27.291831939281703,0.0,19.15488685915195,79.97645625242382,10.72427251121216
2026-07-27 20:00:00,27.639802901283517,0.0,12.643070271091275,70.43751020514921,10.938566604700979
2026-07-27 21:00:00,26.58024162501082,0.0,49.59428079778955,84.92041658736578,7.724129334637411
2026-07-27 22:00:00,25.960741074598204,0.0,46.81506610374454,85.24976756672669,3.4069822829414473
2026-07-27 23:00:00,24.85104188257888,0.0,28.4102730001682,81.58772591553007,9.294566441650534
2026-07-28 00:00:00,26.077948635298466,0.0,9.0585120553968,76.2845686017702,9.676878228219362
2026-07-28 01:00:00,28.00787285472983,0.0,10.400061518156221,56.26515947401354,12.645073660530155
2026-07-28 02:00:00,26.86044407883932,0.0,32.5594417557689,77.81740754837331,10.975528110164502
2026-07-28 03:00:00,25.94975028980101,0.0,38.240068776697484,76.84201645131706,10.03515681279495
2026-07-28 04:00:00,27.18076071394863,0.0,0.0,68.08345972387532,0.0
2026-07-28 05:00:00,29.236674068622296,0.0,25.18035134193176,74.5425378513386,13.367766051226926
2026-07-28 06:00:00,29.180647319176682,0.0,54.27443834336076,88.12888248777108,13.55780484089114
2026-07-28 07:00:00,32.71082522276896,212.92311944794795,26.737361900545718,76.84061275656128,14.592230561996889
2026-07-28 08:00:00,35.27996431880405,310.6208110426653,52.34457136185936,79.30653187969392,12.726278050891077
2026-07-28 09:00:00,33.807794217487675,433.4493087109757,39.73569193433526,71.57142994925238,16.574234719485613
2026-07-28 10:00:00,35.45003688584208,757.5816269420369,13.735805987469636,79.83173426500427,8.484658849850089
2026-07-28 11:00:00,35.29291602558001,716.7750509807065,25.609930599722162,71.92195525716367,11.118264268102662
2026-07-28 12:00:00,35.202419581447366,728.3476059137461,28.069586421829456,75.13350143619414,12.365510824811746
2026-07-28 13:00:00,36.0970138078518,734.3214087846321,15.7123264785974,83.25787397200155,13.425162144688509
2026-07-28 14:00:00,34.48876566078442,680.5877947509434,15.451979657835881,69.63914217691004,12.438245154235705
2026-07-28 15:00:00,33.505549105803006,425.0741925740696,52.60152888177841,80.79615371619792,14.540431455072987
2026-07-28 16:00:00,31.41585699159899,406.49441844292,15.339590704605726,74.33341554654007,11.842193464142637
2026-07-28 17:00:00,32.39899570968009,159.40840383573143,46.176541146130205,72.70455342164499,11.538012699475305
2026-07-28 18:00:00,32.40804800154575,5.6793042643871186,23.45273282452475,66.44298150303105,14.77768901519643
2026-07-28 19:00:00,30.646341987699675,0.0,29.615410051752413,74.44883520509157,4.783525388248707
2026-07-28 20:00:00,30.46052711808043,0.0,38.42766627357859,76.85282193819606,9.404762163018436
2026-07-28 21:00:00,26.608531791026056,0.0,21.02161990642982,75.9852562844908,17.418448369464908
2026-07-28 22:00:00,27.796860972770407,0.0,38.518564702418,74.62014036816734,9.235585476056986
2026-07-28 23:00:00,24.757884252596117,0.0,0.0,72.50621952427889,9.68738955688168
2026-07-29 00:00:00,26.891256066336773,0.0,36.595610826219556,68.38162971638474,17.380990877031802
2026-07-29 01:00:00,28.277034158132736,0.0,0.0,69.45698787634008,9.49560920297509
2026-07-29 02:00:00,27.286988762014065,0.0,26.597299099523138,78.40715799646276,7.994335638861111
2026-07-29 03:00:00,29.594041022984634,0.0,42.81364477977737,81.95652624410579,16.93412439019762
2026-07-29 04:00:00,27.69086822939173,0.0,39.33442959087564,78.91609471473652,10.809358996860198
2026-07-29 05:00:00,29.500624216210515,0.0,10.523842815570884,68.9541741161317,9.642012747451652
2026-07-29 06:00:00,29.77883102316462,0.0,12.455034058597246,71.73758184029121,2.701294365189632
2026-07-29 07:00:00,32.30854185539518,180.27472408500427,19.669919395160477,80.29099476383416,10.474132419342759
2026-07-29 08:00:00,33.819795793460024,351.90538731418974,32.79323793537202,74.17800293632689,14.371543487417682
2026-07-29 09:00:00,34.53859931424536,642.0647498948846,0.0,73.75976379125703,8.276590901253524
2026-07-29 10:00:00,34.68296621431501,614.712631075084,29.801646362271626,81.98418998791271,6.364681541962042
2026-07-29 11:00:00,35.16091846941758,625.8005085001331,34.67144060700097,68.76426325004756,9.811727673994996
2026-07-29 12:00:00,36.41794159646889,741.9016326265763,25.754442286935245,74.38516436208667,8.826892789299613
2026-07-29 13:00:00,35.59177594888064,621.6111799549384,37.879814520795776,73.29247862188181,10.879448649380453
2026-07-29 14:00:00,33.80200293909317,569.7558528917299,33.35586237489306,69.80949588194089,9.597388934718436
2026-07-29 15:00:00,32.03828187305821,569.2461855039679,21.875186109016568,78.67320843626784,17.752085703351035
2026-07-29 16:00:00,32.69508479388037,501.68187229014086,0.9571595961076476,71.7516417746118,11.257267506881751
2026-07-29 17:00:00,30.466365694671715,228.4651120810705,32.001196223562346,78.79764123407863,4.639204290432978
2026-07-29 18:00:00,29.882978841802288,16.253069094057214,15.703869521550333,68.06603594519089,11.071169413377977
2026-07-29 19:00:00,29.124827775085787,0.0,21.324860627076824,76.06481230537709,10.90642818879368
2026-07-29 20:00:00,28.279290902132818,0.0,37.18686326944629,72.55250624237289,16.637242638114632
2026-07-29 21:00:00,26.56787833946924,0.0,51.260000751515264,83.26612814782594,11.938950219042235
2026-07-29 22:00:00,29.487654248578266,0.0,29.429098148369864,73.6763722044081,10.732494466980105
2026-07-29 23:00:00,24.50015675176781,0.0,38.310972546688056,85.20667371806917,19.36753881926121
2026-07-30 00:00:00,27.488305504990915,0.0,8.332809882706641,70.19423169078473,6.141370827407039
2026-07-30 01:00:00,25.875361765622404,0.0,33.682853714925514,79.74561996595227,14.874879682570349
2026-07-30 02:00:00,25.73141798200343,0.0,29.101410934842562,78.63248015618902,11.710632330756212
2026-07-30 03:00:00,28.14464421724431,0.0,48.43841370939273,81.55890873449269,10.418490457961687
2026-07-30 04:00:00,27.82758849301955,0.0,21.89312285956865,75.87580288932419,8.502197802742273
2026-07-30 05:00:00,28.573179991784524,0.0,26.375435742564438,77.87678313704602,16.752179817016543
2026-07-30 06:00:00,33.243082182591586,0.0,45.88221700699192,76.05212178594385,14.15533564240249
2026-07-30 07:00:00,29.357626475032248,152.6669350544314,28.619493114080257,78.81592601207204,13.835434703980074
2026-07-30 08:00:00,33.097993336528276,372.1647694363334,13.367379280690972,76.74646663543274,14.227462062764499
2026-07-30 09:00:00,34.69895632224349,301.85676953732366,68.27449909935184,87.90052154368065,14.781341164204907
2026-07-30 10:00:00,37.07688562172145,662.8873445748438,13.821108549948999,70.17287723888244,6.447099112706115
2026-07-30 11:00:00,35.22799827391461,651.2856131799541,29.029498776757144,76.89518327224235,5.164608745461993
2026-07-30 12:00:00,39.3756491273039,648.2920248606935,35.2003223403842,75.12492735446395,17.918588939702595
2026-07-30 13:00:00,36.732813220866454,687.8801130504395,34.01426263546672,76.44994405688166,12.532772254138179
2026-07-30 14:00:00,32.168975674609776,619.4179951724606,27.15384443990402,70.07467812698277,11.674746201092534
2026-07-30 15:00:00,32.562075667943304,512.5680608143655,27.22859444210538,82.87316734632891,18.579745669206034
2026-07-30 16:00:00,33.72434351069769,340.4141265579113,26.47602200568067,85.28779166299141,7.066365859366804
2026-07-30 17:00:00,30.72339840061699,226.36599488436002,13.26099212112942,69.23708426658712,0.5691050074131265
2026-07-30 18:00:00,31.62851252770262,46.89410069581937,62.253288216340934,88.79989987808709,5.866438702749993
2026-07-30 19:00:00,29.032385365911544,0.0,26.700136234299343,83.65951719227816,9.211427620822727
2026-07-30 20:00:00,26.8614949846261,0.0,38.953964892346434,74.97113163001856,12.416392960770347
2026-07-30 21:00:00,26.126829217607792,0.0,24.980207134775917,65.58386373927186,16.815583586551313
2026-07-30 22:00:00,27.693689977349802,0.0,24.678544914667746,83.64957941226533,14.606794703269347
2026-07-30 23:00:00,23.456860571142908,0.0,23.168345059955247,76.27193405822227,0.9113465605377371
2026-07-31 00:00:00,27.221137160311105,0.0,6.7523131801612415,69.05745425942149,21.54038713492571
2026-07-31 01:00:00,27.42954869080077,0.0,27.59068289818846,77.06993543825358,9.737396145459972
2026-07-31 02:00:00,26.101324023740755,0.0,23.894885185208548,74.26312682010622,16.10596054721278
2026-07-31 03:00:00,25.500970545970336,0.0,47.57286763777165,96.9153599180128,14.56269007605761
2026-07-31 04:00:00,29.084903359424654,0.0,12.049498236232271,70.04610139424777,10.623860782644396
2026-07-31 05:00:00,28.935917549754155,0.0,21.342792336677174,76.6819375132485,10.118935009183787
2026-07-31 06:00:00,28.89262690263768,0.0,16.523392998688767,80.3081836300506,6.3767016677096
2026-07-31 07:00:00,34.63825740943835,149.08487813767383,51.63795591017713,88.20088634781672,7.430438906562534
2026-07-31 08:00:00,32.212542602897116,465.79536756210575,16.95887332717993,78.9377761859204,10.182993896425765
2026-07-31 09:00:00,32.4840176407795,397.00685263006494,38.43449767089205,76.65764297794358,6.368950728307561
2026-07-31 10:00:00,35.56297297226791,534.8282248934067,44.552422101089704,79.09316636724293,18.81927538866854
2026-07-31 11:00:00,35.60370735187245,700.319885935164,27.808156328768877,64.78915974491233,11.77820747197778
2026-07-31 12:00:00,37.79432476761227,830.432709364829,9.347834985892973,70.34533284948526,18.83825276438769
2026-07-31 13:00:00,35.197232661434136,801.3577188857029,9.537692118544644,71.31887168508057,8.734426007647789
2026-07-31 14:00:00,34.71146369480587,540.462635296466,42.896460971941195,83.27601170682671,9.782745442805714
2026-07-31 15:00:00,34.833610495383624,577.0478977951307,11.091089718002138,80.57516767007712,12.91803132638194
2026-07-31 16:00:00,33.62165318518367,338.7167075208287,35.88039916589869,81.53340003369546,10.756896817589467
2026-07-31 17:00:00,32.45542414248367,167.16880141469488,31.715236647308945,82.46372131253264,15.47809842870991
2026-07-31 18:00:00,31.2158168338706,50.55982046867706,35.65698726466541,78.19454409393937,17.53571857918177
2026-07-31 19:00:00,29.782185845447447,0.0,37.073772117688314,85.27260297072382,16.250290110644137
2026-07-31 20:00:00,27.820852032287505,0.0,15.994938233731474,73.93126839765283,16.257422758857384
2026-07-31 21:00:00,28.40922685746271,0.0,15.36707731477888,79.33341629476004,14.038698856869875
2026-07-31 22:00:00,26.064286245047263,0.0,40.723907011506036,84.34383186456199,9.839994548131358
2026-07-31 23:00:00,27.078306143033725,0.0,20.55983084153405,77.09184047390956,15.587498329438969
2026-08-01 00:00:00,27.611178269528615,0.0,0.0,62.20467815889218,12.790402284298027
2026-08-01 01:00:00,25.096655295783133,0.0,39.731329468257975,85.68506907403123,9.515654821632873
2026-08-01 02:00:00,29.60278898011415,0.0,14.456080678968476,75.11427998362471,8.759153158378611
2026-08-01 03:00:00,26.3451568721055,0.0,37.0070381685788,82.86286107071112,11.48310889482422
2026-08-01 04:00:00,27.390082922519174,0.0,50.892327739754535,84.2322761177179,16.99053462936289
2026-08-01 05:00:00,30.21498041019585,0.0,30.251436858929214,79.51026341183226,11.980288583819627
2026-08-01 06:00:00,31.38111868047966,0.0,44.93648747495296,87.08022399638992,12.224228163668492
2026-08-01 07:00:00,32.19454257344212,203.06658247677183,32.30696520804303,74.92794221830925,10.978743291877462
2026-08-01 08:00:00,34.37081396913684,257.8236385311001,53.81143992211721,84.68543071706262,11.277181443071772
2026-08-01 09:00:00,34.67104051595352,544.1276781988323,14.068393368643408,68.47926717041872,6.047741699363668
2026-08-01 10:00:00,37.82267917043888,590.7420062739568,29.876775293752655,78.72919262074193,14.674738030365486
2026-08-01 11:00:00,35.56752364297687,601.9094214962661,40.097424075622015,79.99566312608002,7.935228687202919
2026-08-01 12:00:00,34.6962458467044,730.2494018435032,27.14382364484932,72.47667535097389,11.627692422773727
2026-08-01 13:00:00,34.91949460029163,573.1986688233968,47.283284949790044,81.10121674207191,10.72875437436998
2026-08-01 14:00:00,35.749936269937066,616.3030397441815,23.519406907338293,71.7238146976681,14.241323600950736
2026-08-01 15:00:00,34.97435865335129,355.56877197190937,61.04056727443333,82.17398337136343,11.684008227011539
2026-08-01 16:00:00,33.5755063962596,220.80346501527424,61.83296256408368,86.2459493407928,9.066678009808587
2026-08-01 17:00:00,30.996828136586988,190.76822530362585,34.2310799434095,79.30024006347362,15.66878956819682
2026-08-01 18:00:00,32.24833011069376,20.672572471810252,38.28901770531925,69.18261356675566,8.61048698795506
2026-08-01 19:00:00,32.031080182948656,0.0,47.87507153436957,83.06654979162809,13.012474615516895
2026-08-01 20:00:00,28.34508047323037,0.0,12.192039015489499,71.32958226635957,15.704804502174976
2026-08-01 21:00:00,29.625340074921127,0.0,10.319999781333141,70.11465922881537,7.595453678317176
2026-08-01 22:00:00,27.603093331218925,0.0,48.84628370786452,76.48533237917123,12.028254874054289
2026-08-01 23:00:00,28.861751750361826,0.0,34.10982709309499,78.02123750325254,9.980767099447622
2026-08-02 00:00:00,26.365205961218628,0.0,26.602421310303157,74.1307364035385,11.85591930485495
2026-08-02 01:00:00,26.098723510538925,0.0,30.166849543217417,84.04451783074774,11.234479151016902
2026-08-02 02:00:00,27.51576322743085,0.0,0.0,61.17547950764326,13.681597896895992
2026-08-02 03:00:00,26.65157423840573,0.0,27.14156528314498,72.01803723473286,8.874200754054076
2026-08-02 04:00:00,28.78002124769705,0.0,18.704298912101645,69.25091168777526,16.03195502754168
2026-08-02 05:00:00,31.186604798572795,0.0,43.771074504226235,81.60806661530331,18.607216071875918
2026-08-02 06:00:00,31.816132235914015,0.0,44.92546167576009,86.3745854059434,13.272451934602962
2026-08-02 07:00:00,32.00461891349892,194.52151593710514,38.65020351194866,81.42746697350823,8.771931062439396
2026-08-02 08:00:00,33.51130891580722,354.188965147257,35.931879731987124,72.53303799900985,11.63215838783369
2026-08-02 09:00:00,35.271282365104575,604.2837108621043,7.539798769195983,68.4981021542414,9.877473820126948
2026-08-02 10:00:00,36.02267625512855,550.7938344961442,38.85964619995311,74.31562650799867,19.032449164637928
2026-08-02 11:00:00,36.55548147299195,558.9989251735814,39.44096918285076,80.96557669426763,11.55936841533971
2026-08-02 12:00:00,36.192038180525024,590.1707292099592,48.677889806530956,78.54281552348388,17.96508420029724
2026-08-02 13:00:00,34.50848974365562,423.7279564978278,61.77314718645296,77.25302325884054,13.534464180327682
2026-08-02 14:00:00,34.216196939453816,697.8435768937803,4.611589896425873,72.99400053015951,10.413905480299022
2026-08-02 15:00:00,34.88581934361782,517.0090650712982,24.172847615726802,81.176631670228,9.791052764583517
2026-08-02 16:00:00,34.3316658888413,391.93368478210544,18.86600044263533,72.72338798883082,9.898930753413193
2026-08-02 17:00:00,32.95738096021142,165.58517747427655,32.58760782577611,77.85529670411087,15.188241212293198
2026-08-02 18:00:00,29.87298691222313,38.38827871484928,30.20102787327058,69.58780288693514,8.587641754182078
2026-08-02 19:00:00,29.2601558382895,0.0,26.488768903797816,65.98698059769175,15.1633887105235
2026-08-02 20:00:00,26.724206379777385,0.0,45.414065421017604,72.14946706543208,18.034196822730397
2026-08-02 21:00:00,25.40637745406051,0.0,13.478786832288247,73.38513109265767,8.306641166366079
2026-08-02 22:00:00,26.526564714981692,0.0,14.383177989110909,72.12709980877636,15.55104653269567
2026-08-02 23:00:00,27.686742786147146,0.0,14.636620933529368,76.2873068543591,14.92478249244821
2026-08-03 00:00:00,25.82308502032313,0.0,24.595086188610196,75.33704292344913,14.706598390256612
2026-08-03 01:00:00,28.34428674549733,0.0,11.571146761322307,77.62995286220489,8.034307330050328
2026-08-03 02:00:00,26.14987763795996,0.0,29.27142766801094,81.80670826148491,10.985941008981703
2026-08-03 03:00:00,27.1983882840651,0.0,27.517647080536996,75.23735390318444,10.892803542890176
2026-08-03 04:00:00,26.90503086108198,0.0,18.2022732900138,69.5476193235547,19.27282393448514
2026-08-03 05:00:00,28.947827415556056,0.0,43.106493810842935,70.90364258834057,12.115073163619883
2026-08-03 06:00:00,29.14642011570164,0.0,29.107492075698946,84.12275526736752,10.722217534613609
2026-08-03 07:00:00,29.978496575350142,104.81002883635716,45.93971046047706,76.32552310429057,7.705243902266921
2026-08-03 08:00:00,31.66852915035216,326.5156483797617,27.07425223193352,68.5861140165432,7.46629080742081
2026-08-03 09:00:00,34.33973134229547,482.27805115183133,29.63707667652968,76.95759648321939,8.745261012592108
2026-08-03 10:00:00,34.065748674022764,649.2475858667881,21.558263929774338,66.89199700298506,12.523263449557712
2026-08-03 11:00:00,34.873134288281435,662.1901509819897,29.894301891967732,76.93686178252379,5.7984766487013655
2026-08-03 12:00:00,36.22617156004893,623.1405409908701,40.683469591980696,77.10538745129313,9.370659028120837
2026-08-03 13:00:00,33.509531066574304,694.0343846658091,23.829986515945528,79.59946168149469,3.747550158128634
2026-08-03 14:00:00,35.128813714707235,525.2461982728805,37.776179438019966,82.40820446238928,17.49642601085635
2026-08-03 15:00:00,35.33137179211237,534.6272737031154,17.808795584313884,78.71910614498427,11.316071650402026
2026-08-03 16:00:00,34.408267157810315,307.3954388995617,41.38575848283314,80.26650818624466,13.310934830093554
2026-08-03 17:00:00,32.65897220959882,187.08748634480784,21.301412590321092,70.18480736747283,6.705124076344585
2026-08-03 18:00:00,30.625502868156516,2.794897969911404,42.77519809843575,74.9655449046064,16.78393258521118
2026-08-03 19:00:00,28.58838402847411,0.0,30.914648136504976,74.83692156376532,17.55797712499164
2026-08-03 20:00:00,28.08627344019428,0.0,52.814306000865955,93.0120097304962,12.908405784839777
2026-08-03 21:00:00,29.307308109774453,0.0,12.688984106186865,71.5802094867823,8.717967864015355
2026-08-03 22:00:00,26.71819886379568,0.0,7.857348400321975,72.81168475251161,12.60184823575191
2026-08-03 23:00:00,25.72476425653999,0.0,20.756741310366497,82.97344939102784,13.977025767003562
2026-08-04 00:00:00,26.36761867479798,0.0,9.230835779485304,73.67563178806105,13.942880896391188
2026-08-04 01:00:00,25.869830468730694,0.0,9.258976583575837,68.74101287618367,13.118512017233623
2026-08-04 02:00:00,26.598221893622004,0.0,39.32326140689814,83.54187044180799,15.822132758190598
2026-08-04 03:00:00,26.778551869577985,0.0,29.937318098810124,75.37516770133509,8.726321592395271
2026-08-04 04:00:00,27.595398996364423,0.0,22.804785349436116,77.05751277261051,14.787868907229445
2026-08-04 05:00:00,30.635523189404466,0.0,24.195561040418518,78.06434604041084,9.394573080489062
2026-08-04 06:00:00,28.09936347915102,0.0,21.04143503510491,72.62392824266315,1.01235383843429
2026-08-04 07:00:00,32.55109555994687,109.25318071132719,54.75553751728566,83.78807787587918,10.885841250800649
2026-08-04 08:00:00,32.51503919420989,381.71836041776845,18.967414385354452,81.9148287265179,8.732757388553477
2026-08-04 09:00:00,31.69357577961432,572.0649183934654,10.167991528750512,68.70528784658208,11.47254770421078
2026-08-04 10:00:00,33.69795284639559,545.4846266330582,41.94075926229492,86.06495980356108,15.449002024455607
2026-08-04 11:00:00,35.417587292019654,731.82463466149,26.763665649782688,72.47579432801304,12.10943200264929
2026-08-04 12:00:00,35.766741074583045,508.37222405162544,60.58160533226828,92.84073421321554,21.063631711578573
2026-08-04 13:00:00,36.426453000274364,696.5417229500613,22.106915418087972,69.83533115959827,9.005211683407857
2026-08-04 14:00:00,36.01536880049216,501.2332703963309,42.68976269635188,77.35085684092624,4.1836380093369625
2026-08-04 15:00:00,32.15962253039889,460.34900562253364,46.232959958989575,88.32557548452327,13.423624223018045
2026-08-04 16:00:00,33.62557273891834,385.3050524645635,22.179962516969944,82.31231847273722,8.92958973930606
2026-08-04 17:00:00,32.876020467623746,209.44062156924755,18.856188481364462,77.92477735070696,6.6000697516030975
2026-08-04 18:00:00,30.91941748387322,0.0,41.12049796396357,74.28296435912758,10.865891775986182
2026-08-04 19:00:00,29.993896781917677,0.0,38.62337876870896,79.61880636474652,8.797520976628968
2026-08-04 20:00:00,25.622541028246555,0.0,8.8408484893361,72.42307423088195,7.702888300382108
2026-08-04 21:00:00,25.812004684488258,0.0,13.07346545542919,69.167500197841,16.743688521210203
2026-08-04 22:00:00,28.0805521608361,0.0,0.0,73.3221030031358,10.497297913191515
2026-08-04 23:00:00,25.44156812643233,0.0,38.930802809682035,76.08299999813944,10.885095170347386
2026-08-05 00:00:00,28.465255821925304,0.0,26.072592102963817,69.84541271507918,17.694087279639604
2026-08-05 01:00:00,24.08364246626721,0.0,27.567743685370772,69.22505180996393,10.196480893108431
2026-08-05 02:00:00,28.277997627318793,0.0,4.628338534472203,79.52686141299237,5.310902640639693
2026-08-05 03:00:00,26.245769529955943,0.0,13.528464703660106,70.94283437709257,5.370595444032419
2026-08-05 04:00:00,29.196387510601586,0.0,22.83061631148651,72.93066984367807,10.82154662174845
2026-08-05 05:00:00,28.897128367116768,0.0,19.915115997782685,69.54086091706526,4.4267502689197205
2026-08-05 06:00:00,30.725602325045582,0.0,31.767541132764467,84.22266858310645,6.898549462077576
2026-08-05 07:00:00,32.64352225792505,172.76908211086115,38.75202189947721,71.94022596117092,10.41257532895498
2026-08-05 08:00:00,32.27786149289689,247.7012382582496,64.04418853927795,79.19869899009916,17.72996322721342
2026-08-05 09:00:00,35.15219295203869,503.9328500038505,29.699744549536117,74.59296669076352,16.652238476787502
2026-08-05 10:00:00,34.55971188095294,530.8532789392353,46.73103994645419,80.44096912702852,14.975140652767426
2026-08-05 11:00:00,35.63631477804186,756.7763608468192,17.55040834530338,76.38533112183985,10.86201731928085
2026-08-05 12:00:00,32.1364979192573,858.6369885321209,4.875805275369661,67.07050061291616,7.962168585865877
2026-08-05 13:00:00,34.966314007463374,719.5827643836462,24.715475299348128,82.70559077566996,12.789207840640984
2026-08-05 14:00:00,36.54795233654805,670.5139891773694,6.034174231886375,66.732412031523,17.429571979456192
2026-08-05 15:00:00,35.01383498195577,541.4498906805107,30.220097507536547,71.31004440460592,12.076672812422066
2026-08-05 16:00:00,34.22773003141556,423.26009439759275,18.293188132370023,67.97026121690475,9.06665832964653
2026-08-05 17:00:00,31.938628939501175,232.67152792142525,0.6859291986812153,65.56123172081115,9.403635505693414
2026-08-05 18:00:00,32.75437758652711,0.0,56.040377187902656,77.30422541053726,11.735249504066752
2026-08-05 19:00:00,29.656095838795515,0.0,21.9365743034193,78.84025304669747,13.291866238002545
2026-08-05 20:00:00,27.217090625897832,0.0,5.435710455837032,66.32215534077987,7.217091135466665
2026-08-05 21:00:00,28.15136996447588,0.0,43.47257685760935,80.03129427044551,13.798358865877313
2026-08-05 22:00:00,27.444471581181464,0.0,19.07078456191072,69.55327869181461,13.226185432487242
2026-08-05 23:00:00,26.564060193521065,0.0,46.35249050535993,75.78120821716561,13.693811327892671
2026-08-06 00:00:00,24.990751369838964,0.0,18.99908497982926,80.58384110326219,6.604981645004022
2026-08-06 01:00:00,26.05085011578684,0.0,21.886534646058042,83.6278840398641,10.496434154087613
2026-08-06 02:00:00,27.995760723918764,0.0,35.172475642155696,84.9887608449658,9.651437957832341
2026-08-06 03:00:00,27.599846510453677,0.0,38.89829071056165,72.27791648107066,11.649500563682379
2026-08-06 04:00:00,26.093474125841457,0.0,41.527256060108975,73.8548565102147,9.409920559431985
2026-08-06 05:00:00,28.403077371818334,0.0,28.653882919060063,86.84490450358807,16.40606204514486
2026-08-06 06:00:00,29.636720481204314,0.0,37.92925082331875,77.81514103344054,12.644013788538517
2026-08-06 07:00:00,30.828040213608936,189.12298106270262,41.18442910385131,72.84792485722623,5.586670192053731
2026-08-06 08:00:00,30.269895830622737,310.4425961708961,33.00853707850275,83.1728349217573,6.331559292895225
2026-08-06 09:00:00,36.50785011559385,491.0596902757373,27.86012830103556,75.87577976886445,16.212035144400367
2026-08-06 10:00:00,33.7055185455511,709.8061265587143,8.320575776533047,73.92180144062922,9.695738708571756
2026-08-06 11:00:00,34.299061752580734,625.3008414430299,38.98761235169983,67.46259213799874,10.39013639413308
2026-08-06 12:00:00,32.99034443196268,696.2255363264153,30.632605487117264,75.12822535596588,16.045793508768504
2026-08-06 13:00:00,36.47055223508839,723.1460928943964,23.795762214739387,79.27237478839974,10.58372004067757
2026-08-06 14:00:00,34.72656813370742,500.81735063111165,49.1664954538749,77.93082815244026,7.677811632610106
2026-08-06 15:00:00,33.593911642866274,600.2699957183306,8.582495506300265,77.3315389654747,5.918562630599322
2026-08-06 16:00:00,32.62716366535992,245.5930056053818,54.66054473047329,76.23728624783142,15.243077193602602
2026-08-06 17:00:00,32.57280635900096,189.10453537912142,29.665900820483014,76.0176529186919,19.601140819155745
2026-08-06 18:00:00,29.89053745966369,40.20514818614211,34.762772677543474,86.48171996538737,15.096401376231336
2026-08-06 19:00:00,26.634898816539188,0.0,24.074338282045936,70.31905468645911,9.676161009019816
2026-08-06 20:00:00,26.33556870026727,0.0,4.993906312150049,72.70552711518793,9.342822456892204
2026-08-06 21:00:00,25.232518597852188,0.0,27.905851523013304,80.16708391364445,11.589196579620056
2026-08-06 22:00:00,26.54235159845288,0.0,35.02117360339189,79.28095988959464,3.671184736397171
2026-08-06 23:00:00,26.89396104478906,0.0,40.143381696038915,78.80151119284108,12.101044946139991
2026-08-07 00:00:00,27.358417416692344,0.0,27.02950202341648,72.322020990612,13.68783860687519
2026-08-07 01:00:00,23.49787822396751,0.0,0.0,71.50804953780475,17.091752735957133
2026-08-07 02:00:00,26.929094198867315,0.0,6.875079831260617,71.21612169793092,14.706692999469098
2026-08-07 03:00:00,26.117743642062663,0.0,60.78029435644941,78.14593755621537,20.758710777396384
2026-08-07 04:00:00,31.753365599021354,0.0,13.611960243418267,78.18922248683788,17.402925304902706
2026-08-07 05:00:00,30.957395242195155,0.0,51.40574187358813,77.70757292897264,18.14906072073309
2026-08-07 06:00:00,32.66533413363599,0.0,15.988698938736068,66.09579668710838,10.904240615234315
2026-08-07 07:00:00,32.79013708969438,159.77743172976167,27.263161354081987,72.96886049497068,12.74258279390736
2026-08-07 08:00:00,33.449324753278894,321.77040412866586,39.37812389399856,74.41353474855057,5.288221247385541
2026-08-07 09:00:00,33.46504614187879,570.4249118316811,17.697083301286895,72.16330924926574,11.406249387502935
2026-08-07 10:00:00,34.00388006271062,491.74561435519183,53.88322703638581,76.20796907793797,14.958802879316103
2026-08-07 11:00:00,34.242362616261545,635.16058382108,31.135925371026165,78.93748397166763,10.423351056117752
2026-08-07 12:00:00,36.25571845334176,567.0621113203596,36.91276269449504,84.74508677808313,5.6790942546804635
2026-08-07 13:00:00,37.31102286822571,699.3808241767837,25.985894879713115,75.47914491461972,17.630504410584297
2026-08-07 14:00:00,34.31914692384337,520.675309307758,39.88080430525636,71.65090113808101,13.618319660936422
2026-08-07 15:00:00,33.04935055081604,397.6928363922329,53.681891097747936,77.94697181466069,19.56653552295841
2026-08-07 16:00:00,31.024315671175916,374.2651541283289,28.030710935651783,77.51043086075563,14.37022929663822
2026-08-07 17:00:00,32.06506449228532,164.04352461190373,55.945691861238544,73.3918949066334,18.27105752951464
2026-08-07 18:00:00,32.05091782318262,43.618512149463385,20.82606287431323,68.28496740334015,15.693657675243276
2026-08-07 19:00:00,30.821900391884313,0.0,41.46144059027565,71.55455594319746,9.355383853673798
2026-08-07 20:00:00,29.74484046019511,0.0,37.33671504364575,79.49959899010186,9.830953183450866
2026-08-07 21:00:00,27.45736478882204,0.0,13.971268909764458,84.23510890046703,8.985051308514707
2026-08-07 22:00:00,26.239988307467833,0.0,33.20714556955998,72.1108489218959,7.794924439068298
2026-08-07 23:00:00,27.290168907034985,0.0,30.11048906775559,81.56574547017509,18.5660027738535
2026-08-08 00:00:00,23.94707337156931,0.0,17.202117355847324,71.93908649377067,11.02918469264176
2026-08-08 01:00:00,24.987425476426388,0.0,35.370036512911895,72.54353112485492,13.606534412817659
2026-08-08 02:00:00,28.284128497922964,0.0,32.194343191627766,85.6766106979145,6.28559864282002
2026-08-08 03:00:00,25.457631926416017,0.0,28.91119579039175,88.25837591305418,14.719896251491367
2026-08-08 04:00:00,27.845357439730584,0.0,28.971337964119726,79.17534348653459,9.810753745586522
2026-08-08 05:00:00,29.91678757427513,0.0,28.64984611614571,78.53749658532753,16.476377971405853
2026-08-08 06:00:00,30.49766113428996,0.0,24.484505681305087,75.90783022601462,8.48258105802026
2026-08-08 07:00:00,33.17849099648593,163.99125097020402,32.097511425224724,76.35637205751341,16.932427287585654
2026-08-08 08:00:00,34.87353463186216,370.84596264847664,20.341286814543295,75.6046851436667,14.780504220493448
2026-08-08 09:00:00,34.54925053466335,321.05786286058475,69.85214237205,89.71124010138806,11.62984777870237
2026-08-08 10:00:00,36.52736157477454,735.4260302837828,8.860001318020263,79.1025992615365,16.114363092141126
2026-08-08 11:00:00,34.01250404001007,688.4687838303225,21.228958841483113,71.64169764511728,15.65665312834844
2026-08-08 12:00:00,35.18535200723261,750.179777614416,22.41386843134589,75.01259706232115,13.0792211869738
2026-08-08 13:00:00,38.34653067771817,509.1587093947494,60.60740121486806,83.00760992257243,9.055900471701666
2026-08-08 14:00:00,37.2460895788127,760.0433273579173,10.197980250337512,76.13289165015682,13.7103484008381
2026-08-08 15:00:00,32.26566593578109,474.7985988212351,36.38883446979165,90.30776251881885,12.083481923514892
2026-08-08 16:00:00,32.87356188130625,320.06180054985384,33.7259109756981,82.84326571318668,11.883689610050975
2026-08-08 17:00:00,31.861145252360707,137.7644587417932,35.00403457011822,82.0130564074699,12.045520316976368
2026-08-08 18:00:00,30.931636428543648,45.73005744663083,48.545147439164104,86.08591342952245,12.306773213953187
2026-08-08 19:00:00,30.75231324707701,0.0,48.237440396206324,87.83362658678323,8.94937810340043
2026-08-08 20:00:00,30.281059820186798,0.0,23.235647602198238,87.38898932291174,5.100340183564032
2026-08-08 21:00:00,26.903260134708553,0.0,32.910261742409865,69.8151501733136,4.758689537272802
2026-08-08 22:00:00,27.518607529065022,0.0,2.0384695177178394,73.42980095028564,11.299293281900232
2026-08-08 23:00:00,26.403178788960393,0.0,31.486395127828935,65.05507373981044,1.879069215643005
2026-08-09 00:00:00,25.298962714640915,0.0,18.090158582521212,79.53446275351645,13.809399263495486
2026-08-09 01:00:00,23.289197967936083,0.0,27.204263610592253,80.11287597921745,13.38487706149305
2026-08-09 02:00:00,27.320321413184132,0.0,4.719422027749577,68.3976724406893,9.02506537576219
2026-08-09 03:00:00,27.577650646007104,0.0,36.07308430078613,65.58147019574008,15.909763082429045
2026-08-09 04:00:00,28.332898725202906,0.0,4.551469566365881,70.86595872830924,9.187285450474697
2026-08-09 05:00:00,27.75669182402396,0.0,32.224269101873794,79.05677476568336,13.285480584498684
2026-08-09 06:00:00,32.873311181309994,0.0,11.602416104661756,71.70406813621112,2.7474329859361006
2026-08-09 07:00:00,31.81874139875168,222.28801004300013,17.25538447296173,70.48389503817388,1.8954809247108368
2026-08-09 08:00:00,31.342644477927816,296.9717691949981,47.32098153817744,76.69490616314981,11.424738513049487
2026-08-09 09:00:00,32.16895013824257,477.98842826322317,38.81876918870433,78.67042271102484,13.632362258038844
2026-08-09 10:00:00,35.53727386558082,501.5217050385399,47.23804706505814,76.51953785727733,16.162946407720113
2026-08-09 11:00:00,36.07548651916326,523.6170156245853,53.39590698751935,86.03415531500113,11.960749309653208
2026-08-09 12:00:00,34.724519522414916,748.9188592062198,18.407419392903527,73.04966323349919,11.906640706324264
2026-08-09 13:00:00,35.75747456723028,532.1941950480419,52.48457493661307,73.18419290194025,15.769185990329978
2026-08-09 14:00:00,35.52444799027673,753.1560653732441,8.017415157316478,71.60918392406518,9.889832175602715
2026-08-09 15:00:00,34.04386941928429,421.86388583030947,41.191505018173544,81.31225316078756,14.408608000845774
2026-08-09 16:00:00,31.914689268827875,381.18962625327646,22.59993428100043,83.00271955262826,6.614755856006503
2026-08-09 17:00:00,32.87029068548565,177.47014475594105,16.045497860410254,77.77152618473784,4.1765502224209206
2026-08-09 18:00:00,31.415353429694107,0.0,39.21704800956664,74.64850454318876,9.825395807366688
2026-08-09 19:00:00,29.770321552607122,0.0,44.1742728775382,87.75715229305875,15.307715693085685
2026-08-09 20:00:00,26.74258128624419,0.0,43.72902579969817,74.04070837806192,9.342271587718983
2026-08-09 21:00:00,25.060556578567233,0.0,33.22289833342188,78.73747579782025,14.2643750066654
2026-08-09 22:00:00,26.09578679066087,0.0,31.979359519938587,81.90081235732806,7.491066047539073
2026-08-09 23:00:00,26.70524605920901,0.0,37.90299878549854,86.81344008968492,9.56509357553211
2026-08-10 00:00:00,26.614212840033098,0.0,34.55646113275787,88.14148844132005,12.695984024560454
2026-08-10 01:00:00,26.191795347667213,0.0,38.120337593789706,86.0249340863648,9.23633597716332
2026-08-10 02:00:00,25.346010644312944,0.0,33.059991916660714,77.83002334163051,9.661171783914316
2026-08-10 03:00:00,25.680724568857457,0.0,42.64175736759546,83.7566901174171,1.6984347852818793
2026-08-10 04:00:00,27.739801215786898,0.0,5.591882901743581,72.40902058759538,13.636579061886112
2026-08-10 05:00:00,28.958033680590827,0.0,28.030897873704205,73.16684499732946,10.927148896867958
2026-08-10 06:00:00,31.701211975940915,0.0,9.242302592316207,71.02726768850563,6.680805317461424
2026-08-10 07:00:00,30.93219460507777,173.16631857526426,34.15053026407327,86.93690570595955,19.037946554717394
2026-08-10 08:00:00,32.246084035171,286.6552514566116,54.62895263780547,86.10113350553885,9.574913092225389
2026-08-10 09:00:00,36.468750431069964,483.7705157811593,22.888728270795475,84.59870744072953,9.082281756696684
2026-08-10 10:00:00,36.60844402100777,581.5795533317498,31.908780454458228,71.12343562417018,7.748297188645024
2026-08-10 11:00:00,33.943742652714654,623.9098504463927,41.34730072382458,77.38747603761293,16.482448086907965
2026-08-10 12:00:00,37.17110556341376,835.5587806198273,0.0,70.55062664504469,15.73516326653967
2026-08-10 13:00:00,33.63291095568839,734.0896290278487,22.16834276783718,78.25893834594594,16.443990226976275
2026-08-10 14:00:00,34.02757878315235,601.3835595826714,35.46773488909275,77.22887647618843,17.07082967806428
2026-08-10 15:00:00,33.380945453549565,607.8119710409981,0.0,73.04536244921161,7.610759764125744
2026-08-10 16:00:00,32.660858985210254,377.5935513276322,15.34787260387543,76.95262962859451,17.457108472025233
2026-08-10 17:00:00,32.36150655865215,175.74595631766925,46.51286960071934,73.88437688933101,11.543223194644085
2026-08-10 18:00:00,30.40014340855433,0.0,45.044953506760876,84.5184247403564,6.081699198042841
2026-08-10 19:00:00,29.766778429971005,0.0,35.61477341055151,83.85499847835261,10.074804383976266
2026-08-10 20:00:00,27.239334973454305,0.0,43.232964599147664,82.2531162203164,13.465459464619721
2026-08-10 21:00:00,27.212683599972216,0.0,33.22656351632195,69.0749318072791,9.082027202027039
2026-08-10 22:00:00,26.03425796588214,0.0,38.33092361163472,78.34341075419252,12.504135978246207
2026-08-10 23:00:00,23.627269866570792,0.0,25.26519436739079,79.01190928341295,13.40961922311597
2026-08-11 00:00:00,25.82397153698868,0.0,31.737190243831392,73.78217868074083,13.229312957016731
2026-08-11 01:00:00,25.491301113277125,0.0,20.514444203762665,79.94645513947137,13.646253709483904
2026-08-11 02:00:00,24.937848791212858,0.0,48.9522501627347,86.19533639773658,11.727418749178876
2026-08-11 03:00:00,26.108229592799308,0.0,52.823391142533026,84.01204673113135,9.73203685378047
2026-08-11 04:00:00,27.175641297483786,0.0,50.6986920104561,82.7355274828657,6.654247177916995
2026-08-11 05:00:00,28.58356902342541,0.0,23.878368574832066,76.69648866191099,10.841901272611091
2026-08-11 06:00:00,32.482703822511986,0.0,15.69338940952369,73.08064426545148,8.635748130451333
2026-08-11 07:00:00,34.207484261880005,110.271938743762,49.15460491125245,74.7800911848579,11.98405806373479
2026-08-11 08:00:00,29.15220797734208,311.3425289682224,38.15860803887119,77.06628624272528,3.625574670486401
2026-08-11 09:00:00,34.366218887494064,471.4254363697596,34.928765122854635,77.9896362852358,5.672696689831565
2026-08-11 10:00:00,35.76762206367444,636.7579036853997,20.495518725822816,80.9017505191692,13.064694981295407
2026-08-11 11:00:00,34.74478758571943,588.3124476706331,36.38495718955147,81.39474089707075,5.277321981261247
2026-08-11 12:00:00,36.40257537590664,719.9349151074232,13.720829105070976,79.38141082598062,9.925901327931774
2026-08-11 13:00:00,37.176105392462205,637.3280849134554,39.51093534118548,71.3265425523947,8.65236362942522
2026-08-11 14:00:00,32.74279069737318,483.73703585570564,50.68330049409316,80.02852020131444,8.956853278581626
2026-08-11 15:00:00,33.90548262371553,402.56484387896694,54.465683158619285,92.94988900892533,13.064513594715184
2026-08-11 16:00:00,35.239829595937266,329.96175836341746,40.62786081164724,75.20614977234679,12.145634094917712
2026-08-11 17:00:00,29.881058599905202,223.81011655182292,9.269676755683175,68.07062187435587,12.648599424943834
2026-08-11 18:00:00,30.046256222232284,0.0,32.959951964190324,76.42427621812266,7.23997663968484
2026-08-11 19:00:00,28.319046581255368,0.0,62.0952261608657,95.41650827101817,9.566934098054816
2026-08-11 20:00:00,29.063518827793864,0.0,16.970826143365738,70.5755577856971,15.341463352875003
2026-08-11 21:00:00,28.209144091112737,0.0,29.112276406346744,79.88411988495663,10.557084995295979
2026-08-11 22:00:00,26.076956812354716,0.0,51.20286527701466,84.89934304877893,14.023700821466898
2026-08-11 23:00:00,25.40830122022819,0.0,39.25700883110378,70.41056291203755,9.974368916029832
2026-08-12 00:00:00,22.89455047235981,0.0,67.20234486727657,87.33801715494036,15.181096057769514
2026-08-12 01:00:00,27.149716817580156,0.0,19.006959251571175,71.9646563250183,0.9953472748017713
2026-08-12 02:00:00,25.340199442651357,0.0,15.153663213887672,77.4272459535545,15.363291596746096
2026-08-12 03:00:00,26.40888618961152,0.0,48.36188153752761,90.87448864941011,10.596943365199328
2026-08-12 04:00:00,28.892522414942942,0.0,12.061820575926962,71.00883509576533,5.607409432885397
2026-08-12 05:00:00,29.09222702415188,0.0,27.048480167736955,74.7253325550103,7.102438223427627
2026-08-12 06:00:00,31.434437207072452,0.0,29.015301827106352,89.17780105862727,10.396413022045579
2026-08-12 07:00:00,32.20797107380523,127.34208692788312,45.53984210078883,77.04605729840738,11.835410459481917
2026-08-12 08:00:00,32.89436585062397,268.48681221804753,39.2140195203787,72.20434175082896,12.525475025888413
2026-08-12 09:00:00,34.06855212448155,486.0028613328689,36.85597371265294,85.04157015794043,7.072188879167898
2026-08-12 10:00:00,32.99996511991037,580.634133837956,23.963536831474997,74.8377217442809,14.682861605050132
2026-08-12 11:00:00,34.76539763463369,584.9000637216399,48.22506028622915,82.30805262142,10.314155413541284
2026-08-12 12:00:00,36.53870383644696,321.91073543148065,90.38736064090897,100.0,12.222112646477441
2026-08-12 13:00:00,33.790839734873266,590.0467652496064,40.369231483843734,72.05878662489472,11.113387810347183
2026-08-12 14:00:00,33.529710788152144,589.0541723035191,31.495083113202547,75.91700182248269,14.226080209734642
2026-08-12 15:00:00,32.52146500387746,574.7475154084885,10.532055435117591,65.62344989373413,10.39099999436871
2026-08-12 16:00:00,32.828837447515376,362.65699429906516,20.4377782602427,75.9110362370881,8.852514221142401
2026-08-12 17:00:00,33.2468254056525,215.86690691659976,26.79434649079044,72.99654450409183,10.044742789410499
2026-08-12 18:00:00,30.840750664228995,34.78502151498844,21.98099639599301,69.0544485597919,15.975673814002878
2026-08-12 19:00:00,26.005296092207278,0.0,29.758832482097276,81.25030098328283,15.709427787418385
2026-08-12 20:00:00,28.472655171720664,0.0,56.67024115210931,83.99830759418207,14.296868961627625
2026-08-12 21:00:00,26.019191694642107,0.0,48.707503760538515,76.06583814340891,13.029812027706319
2026-08-12 22:00:00,26.461512710834178,0.0,27.617509252976184,71.03333542208185,20.635302253222264
2026-08-12 23:00:00,25.10546331215665,0.0,11.875800830012093,74.29217170235825,12.447848241036182
2026-08-13 00:00:00,23.943307501839968,0.0,50.060514643536195,74.61976337805159,13.225467804348254
2026-08-13 01:00:00,25.139358824370003,0.0,29.264185898079532,78.7325639927241,10.65487551743401
2026-08-13 02:00:00,25.15786287554079,0.0,4.102493615964676,77.99972822618149,11.632353520181546
2026-08-13 03:00:00,26.926396551706265,0.0,40.68645177739555,83.51795493619426,0.0
2026-08-13 04:00:00,26.41009446387785,0.0,45.38530026350198,78.31818540643081,16.380127254302327
2026-08-13 05:00:00,27.30560498862497,0.0,0.0,71.32586060964417,4.912923648837056
2026-08-13 06:00:00,31.013607426670173,0.0,17.63168036800645,67.54799803205044,8.009268840314968
2026-08-13 07:00:00,32.797487602239286,198.82653775861954,28.34318983038429,76.89759358743777,5.81642940289494
2026-08-13 08:00:00,33.31597615574175,253.73039892534462,41.01766366962926,77.67277187237366,9.10522527594056
2026-08-13 09:00:00,32.75403024580827,517.323333442649,22.263801230637434,69.50608872395335,9.751888404168009
2026-08-13 10:00:00,33.4299371283511,651.1245845950377,17.517871470390954,76.53356081148416,14.433298316940853
2026-08-13 11:00:00,34.0042941532646,573.0689326861511,40.907538745204235,69.2888709085194,17.20163575155622
2026-08-13 12:00:00,36.21941443362588,726.8857817543445,22.975164400287614,68.43181506941451,18.913176976914247
2026-08-13 13:00:00,33.8189666408117,601.0083993812448,38.13081975823046,73.18195416250144,12.31549168733016
2026-08-13 14:00:00,35.54128070639077,698.6359655736665,13.32726517538114,69.5265864054651,9.79010908859335
2026-08-13 15:00:00,34.42540903557777,578.5616056386068,9.715004711454021,77.81162716319399,13.604021705540996
2026-08-13 16:00:00,34.1709461009442,313.6523385213628,41.329037363555955,83.02791677411065,8.649876563021774
2026-08-13 17:00:00,32.73809525314744,175.75764581356822,33.787798654758205,78.1127956900725,7.825989442674552
2026-08-13 18:00:00,30.76735328191595,0.0,43.83683599854311,80.68492641390442,10.722989774907912
2026-08-13 19:00:00,26.8585202610609,0.0,22.011104986178374,75.46521351942317,10.965189528415436
2026-08-13 20:00:00,28.3550679135643,0.0,18.073420462803824,81.17421967845857,2.6362496221525884
2026-08-13 21:00:00,26.676482528659655,0.0,50.410783313113654,73.57278097600607,16.7883370504583
2026-08-13 22:00:00,25.246544145622458,0.0,7.155618540082948,75.90971320461577,11.31807861042722
2026-08-13 23:00:00,27.003163415559843,0.0,48.77191063770937,79.651532322674,15.631385821904772
2026-08-14 00:00:00,24.79671694222596,0.0,49.80757061223575,85.29733670320711,6.208433934014685
2026-08-14 01:00:00,24.4755405891086,0.0,42.90134271399113,83.64288440505186,9.484794228464027
2026-08-14 02:00:00,27.124599311971473,0.0,19.68288724484328,78.56825662431235,8.121036848973597
2026-08-14 03:00:00,25.93129890929472,0.0,17.75214244911961,82.5165782664328,10.076634874834639
2026-08-14 04:00:00,26.740112125779106,0.0,26.849163405027006,69.89609682695695,11.208207708542623
2026-08-14 05:00:00,27.234057754172035,0.0,10.57440484752901,77.6357160568001,14.007065692701849
2026-08-14 06:00:00,28.92722448475256,0.0,15.57459001869605,73.2852894808174,11.17376685797355
2026-08-14 07:00:00,30.332842395343746,182.95421272774064,39.67101437263569,77.11354743397483,9.018074698155315
2026-08-14 08:00:00,33.30081509159869,317.401404811582,39.74023671336236,89.15874751978932,20.73786669901142
2026-08-14 09:00:00,32.20419322156378,540.485260714353,14.256377601975656,76.29302161451292,9.65054244098894
2026-08-14 10:00:00,31.90838979283842,520.9617718089239,40.14182902950112,77.21317598214007,8.37980807502104
2026-08-14 11:00:00,35.217281184763884,627.9521918062263,36.814549586097094,82.75760685104117,4.300120695556543
2026-08-14 12:00:00,34.16931663277503,561.5882991279262,52.648293818656555,81.85638358458745,12.994053763648925
2026-08-14 13:00:00,34.80193545079485,596.6124480840176,38.537046628012824,76.29954708642909,14.689921857889708
2026-08-14 14:00:00,35.9907211000069,549.4344243057867,45.87871580601567,77.0906352374163,7.734054468851268
2026-08-14 15:00:00,33.62199538852761,439.02654809549523,37.15616386395317,79.81855753666059,14.357769815102575
2026-08-14 16:00:00,34.4559607626383,256.0525518071263,44.69893664545782,76.98698011972229,12.569511149616018
2026-08-14 17:00:00,31.198957605759603,161.27565883091324,10.693242651483374,72.82061147892415,3.4411859635452364
2026-08-14 18:00:00,31.30249673835207,0.0,28.1738331433363,80.83316316235143,13.911435268470102
2026-08-14 19:00:00,27.987702685362713,0.0,29.415258476587052,77.75821480519602,10.4105621511709
2026-08-14 20:00:00,27.633451158089848,0.0,26.343750795970763,86.37342532104239,6.81274935689083
2026-08-14 21:00:00,25.24506100324928,0.0,36.65829945475088,79.49384687040681,15.660520094787026
2026-08-14 22:00:00,24.604867454239603,0.0,39.51569481743626,86.98338649300996,15.727245499284226
2026-08-14 23:00:00,24.87175782263403,0.0,35.883856156067225,84.1716774530512,7.20302896345399
2026-08-15 00:00:00,23.197025518298954,0.0,27.345841781679933,85.03341282874096,12.541108071005286
2026-08-15 01:00:00,25.301658621046847,0.0,18.964048802323127,84.85628380144927,11.761298139348733
2026-08-15 02:00:00,25.200404793456556,0.0,46.457791112343514,73.07770204933442,12.051209276173905
2026-08-15 03:00:00,26.693539793750954,0.0,35.245992249207525,80.18328857082264,9.699674881984611
2026-08-15 04:00:00,25.716971509348497,0.0,14.720792124008874,73.31330900660853,10.142350038494351
2026-08-15 05:00:00,29.542276567565477,0.0,27.094686875255643,76.94949554851004,15.108747714185126
2026-08-15 06:00:00,32.131017554344474,0.0,3.8505048343895822,68.20597384458006,11.829128976203034
2026-08-15 07:00:00,33.15070804377697,191.84674696651032,30.530559215211643,73.99275067797721,3.8150565929237263
2026-08-15 08:00:00,34.89919827762702,343.0043482581201,27.02430086102106,70.07325646310494,2.7773755996572564
2026-08-15 09:00:00,33.51481398812248,510.2926512375487,21.382995744669934,74.85544323923376,3.640698261244567
2026-08-15 10:00:00,33.79622059881627,447.48205710390124,53.76900284705294,87.0928948055673,7.255598846348752
2026-08-15 11:00:00,35.387607522508056,782.8629669090186,12.657688206868315,69.43780394184262,7.612199299501019
2026-08-15 12:00:00,34.614434089320284,604.5760555638391,40.59589427523503,77.36427088461693,10.218984616019183
2026-08-15 13:00:00,32.491180626836204,502.72425689842385,62.800622413978104,81.38611487325859,12.877790446680576
2026-08-15 14:00:00,35.31933617599329,501.03331021378574,46.15901855575032,75.32010125039696,12.172597431874124
2026-08-15 15:00:00,33.15493125171606,475.60007841695744,29.526918268533496,75.27777119015168,11.281921634061362
2026-08-15 16:00:00,30.516561180763354,382.5691230574878,12.988970408650086,74.43584086851492,15.223969478553984
2026-08-15 17:00:00,30.557448069911988,219.40205634780455,9.56906735123317,78.1453802961735,3.77166715055655
2026-08-15 18:00:00,29.64896159098119,0.0,23.826724575637172,69.59882110799965,12.527162066045879
2026-08-15 19:00:00,28.645406837427462,0.0,19.694988991291375,74.52501306566451,12.301146917563093
2026-08-15 20:00:00,27.455118285692443,0.0,19.206796365628016,80.624114540935,5.909602364227465
2026-08-15 21:00:00,28.168311551921807,0.0,25.105298167931338,70.20688808106013,13.390403110907704
2026-08-15 22:00:00,23.918890134437348,0.0,28.466293606714697,83.91382212862014,12.913601270699244
2026-08-15 23:00:00,24.89670323301618,0.0,37.27817921467945,77.44027009217504,11.69089867821702
2026-08-16 00:00:00,23.71126797643433,0.0,11.43305670806356,76.90826625972217,0.900875875827861
2026-08-16 01:00:00,26.657310566955537,0.0,19.766343058004253,73.90265636652201,14.843455162263822
2026-08-16 02:00:00,24.79390361453501,0.0,27.60491875766278,79.52588683241075,12.286993527308066
2026-08-16 03:00:00,25.871408277083066,0.0,27.067722098650965,84.9814199115477,12.967699243425411
2026-08-16 04:00:00,28.71852494675431,0.0,57.54635561120134,83.52173962180143,0.0
2026-08-16 05:00:00,30.28203301544895,0.0,33.483698890857866,82.86112009654238,9.548116693008973
2026-08-16 06:00:00,31.7683315710291,0.0,5.796152820608633,72.10697417318569,4.555050008918794
2026-08-16 07:00:00,29.0119691729412,197.64513990647515,36.27272042380147,74.83628612439308,16.987323772098637
2026-08-16 08:00:00,32.981709305278976,290.7693059633439,38.18495584115968,77.92104650797289,7.489164208192257
2026-08-16 09:00:00,33.74060690579046,490.60564320818014,28.123079576328927,74.97915673901167,17.323219272965204
2026-08-16 10:00:00,34.11745400149598,665.9338697053786,11.79904988386198,64.82309916958414,14.401350125527708
2026-08-16 11:00:00,34.77008864765859,500.6290163003748,56.37082042970194,85.22238314411216,13.703939970051074
2026-08-16 12:00:00,36.5254270924304,757.6775465963858,13.951741296281142,75.34897768229405,15.239144773000183
2026-08-16 13:00:00,36.03371609838786,565.9033488062295,39.911583096239,82.68479248867948,8.21790983728375
2026-08-16 14:00:00,35.35003518535951,554.5301908656049,33.00075793595903,84.14663346209646,8.58897632269562
2026-08-16 15:00:00,33.65844333574445,471.10639405215136,39.01215823544655,83.5239001865489,15.640055614683984
2026-08-16 16:00:00,35.30568898372583,267.3031074439461,55.60286886250995,79.63973122421567,9.020890144172084
2026-08-16 17:00:00,30.627206500112756,127.03043058243159,38.424583082115525,77.11106113085707,6.617962845590464
2026-08-16 18:00:00,27.75317112978277,27.384567531001586,21.620036594347006,79.48582344438992,9.795817189136093
2026-08-16 19:00:00,28.215008526962237,0.0,46.589884126919415,83.41375960853436,8.800932607600958
2026-08-16 20:00:00,27.428980040096885,0.0,20.533508249338205,74.9799006295306,18.488217443445176
2026-08-16 21:00:00,28.012526392884997,0.0,32.45337017092902,73.58786010897533,14.724103734235067
2026-08-16 22:00:00,24.85952247029135,0.0,10.60374587976315,70.31842084261126,8.226247538371627
2026-08-16 23:00:00,25.662890936576975,0.0,14.500781589948714,76.73980881058749,6.719571876531914
2026-08-17 00:00:00,22.86246007651386,0.0,30.770800056542797,68.55909440760074,12.893197970499978
2026-08-17 01:00:00,26.35909177557122,0.0,35.52130062871308,67.27661412126695,16.52624265143647
2026-08-17 02:00:00,25.541565853077145,0.0,4.464140659634545,74.80168724117625,11.386845262008112
2026-08-17 03:00:00,25.88262083431412,0.0,37.459310520009964,76.86503279703115,8.068850756755293
2026-08-17 04:00:00,30.0540257845236,0.0,17.708565351025538,76.31172389063443,5.138616461491227
2026-08-17 05:00:00,29.87966161118719,0.0,49.1953202350675,89.75024213148755,10.947406132395088
2026-08-17 06:00:00,28.43108319110094,0.0,24.720533567632376,70.90014192548465,12.499449255721002
2026-08-17 07:00:00,30.934763551666425,162.83110459790285,13.145665956750214,64.34823604825446,8.77534455180968
2026-08-17 08:00:00,35.84009303521227,342.1960109108035,31.137068369388786,75.07626488847929,15.587704733503564
2026-08-17 09:00:00,35.89087336164299,492.7188213659366,16.256474983819118,69.30648720298962,12.921515014281455
2026-08-17 10:00:00,35.3128567214983,507.64277456357627,49.03417712149688,80.88482073699264,13.401106739273235
2026-08-17 11:00:00,32.21134418661195,653.8657889145181,30.007953112996496,79.41044953857636,13.530190740639654
2026-08-17 12:00:00,36.51467298678073,725.2379539366649,27.724850653600694,77.13748308993354,5.829648928118944
2026-08-17 13:00:00,33.78676605305324,606.0532880023937,38.87701528396512,78.93249811682925,9.95093033048806
2026-08-17 14:00:00,35.83357796656286,645.9117278686995,14.925788411995605,77.69720391463876,6.585300765362484
2026-08-17 15:00:00,32.378942507918,531.8263716642293,10.66269517007229,75.2123304738791,12.070683720910191
2026-08-17 16:00:00,32.918356043305266,319.33512819631056,36.12527369162456,77.2365679973467,7.70622114409977
2026-08-17 17:00:00,30.244605444376305,196.77571305130658,13.504939379867864,76.06578716983448,11.002996216167425
2026-08-17 18:00:00,29.310613232092365,29.65347587193201,13.499847693758149,65.30029825768591,10.016946380179618
2026-08-17 19:00:00,29.297638034634392,0.0,42.55134046831331,85.61193228610209,14.527535275541064
2026-08-17 20:00:00,25.568309682867444,0.0,37.8759616497591,79.79469406899267,7.107116190161915
2026-08-17 21:00:00,29.33148717157736,0.0,11.192556863206331,66.44501865407433,12.366672696396929
2026-08-17 22:00:00,24.11736270690881,0.0,20.712959355879953,73.52744345516301,6.757740627010534
2026-08-17 23:00:00,23.545153207888873,0.0,16.4440266608052,79.8169356483477,6.964921613528595
2026-08-18 00:00:00,25.523684694672134,0.0,56.6447894706087,80.54434821020408,12.261854882310248
2026-08-18 01:00:00,26.560905142528924,0.0,43.59015641355913,83.01639318874139,16.956827513462574
2026-08-18 02:00:00,24.96007018088581,0.0,23.68732730992089,80.62170614490148,7.817959923823036
2026-08-18 03:00:00,24.78256690778475,0.0,38.642920340152386,80.11553530472867,4.820919370459935
2026-08-18 04:00:00,26.01191821507081,0.0,9.657207211037562,68.23954837550818,6.701762590619341
2026-08-18 05:00:00,27.077890128553637,0.0,19.910307732157605,74.64637773349162,9.454867670740212
2026-08-18 06:00:00,30.111644315623206,0.0,31.572948989128292,70.37952814980457,19.05483089822827
2026-08-18 07:00:00,30.914124065769393,193.58744060027544,36.783461237188696,76.16546885387594,13.392496559117376
2026-08-18 08:00:00,32.764593187941834,358.76354141350754,28.538113117298337,70.73369299789562,8.41390094602353
2026-08-18 09:00:00,33.72087495818731,454.6416038129305,33.72020266071339,77.18737228094874,11.12092844413053
2026-08-18 10:00:00,35.11274379011222,591.8011655225775,31.175046899296895,70.23028657585968,17.842626354485397
2026-08-18 11:00:00,34.007712701980026,649.8337229122278,27.54633896966524,76.25252342499361,10.415812934590289
2026-08-18 12:00:00,33.751344635828175,698.2544396936731,25.557816117136596,81.04110291926932,10.364389690867048
2026-08-18 13:00:00,34.743822216688095,716.8831212250069,23.606026909833236,80.7182577494333,9.558550110255963
2026-08-18 14:00:00,33.969650803067275,548.1723780057989,33.479062629428824,71.09710339052408,14.458216959502238
2026-08-18 15:00:00,33.57538232096508,422.05466026295267,36.16223383799184,74.72376430939478,9.706518277921665
2026-08-18 16:00:00,31.285783973030824,333.31971498790034,32.97538750978251,81.86480562809746,15.137915780497321
2026-08-18 17:00:00,31.839988498165734,217.08181339866712,12.321044249984105,75.87448083170209,14.867135183581542
2026-08-18 18:00:00,28.17912553384591,2.7611934286320583,15.016082232852186,70.50114524606177,13.204763589062747
2026-08-18 19:00:00,27.844415513638474,0.0,35.98322708922101,76.43679654192181,10.902333843774612
2026-08-18 20:00:00,28.678764529611176,0.0,52.07509951006317,83.17828397441357,7.009880116652169
2026-08-18 21:00:00,24.704767443702522,0.0,32.28623192338133,69.24938011158939,10.718415233081018
2026-08-18 22:00:00,26.746199736799834,0.0,23.824973812845087,78.6209663315178,8.516958118395232
2026-08-18 23:00:00,23.049552479874485,0.0,33.36510683164163,84.34920088854987,8.552177737148769
2026-08-19 00:00:00,22.577548091223665,0.0,12.947678662298571,71.95472887399619,9.689911788283842
2026-08-19 01:00:00,22.866691658333323,0.0,49.63414734804695,75.93243802433574,14.398649431496672
2026-08-19 02:00:00,25.460062726309587,0.0,32.79891216762042,85.49378674795594,9.14870475506385
2026-08-19 03:00:00,27.05128229745565,0.0,19.958141801841776,76.07898918229678,5.498657814344543
2026-08-19 04:00:00,28.818714062868377,0.0,27.49806800860687,80.14650799574666,7.539917243550603
2026-08-19 05:00:00,29.9209784865778,0.0,22.094456519045764,68.47980429689106,17.866105634002263
2026-08-19 06:00:00,30.75984988821152,0.0,49.67504965225251,75.26737761406152,14.678713500218977
2026-08-19 07:00:00,29.85111846591002,137.62495043928692,26.966398658294114,78.38453793289013,7.517383519490642
2026-08-19 08:00:00,31.045687133664707,259.85791570519734,32.33048619173389,82.61359302056577,16.77254143413179
2026-08-19 09:00:00,34.19800565172071,460.9445756167258,38.60589684976938,72.92558212861172,10.970457288449573
2026-08-19 10:00:00,35.816169718701495,638.6529492703053,18.888500943531866,72.890688665816,20.056528407277156
2026-08-19 11:00:00,33.12748771537449,618.5219228132818,32.905641992027356,69.3711730810675,12.693490934138746
2026-08-19 12:00:00,36.320540869018416,651.0107994424386,34.116533540913146,73.62324814006604,13.967902480550762
2026-08-19 13:00:00,31.971532150481888,818.791052379432,6.688817684690683,69.64135493852523,13.683594646384439
2026-08-19 14:00:00,34.475371368850695,585.7878503719414,33.79044733166415,79.77033232421573,17.633432517251652
2026-08-19 15:00:00,33.03892618563667,492.4402277125753,29.313569025852914,65.89367503735286,9.709654367727534
2026-08-19 16:00:00,31.872895059524513,301.14260111845414,31.94949438173995,83.85843196248548,17.195685470116764
2026-08-19 17:00:00,30.97308942323479,150.62993453280617,30.5344457023585,76.18490264781613,9.0315520549899
2026-08-19 18:00:00,28.52849248439872,0.0,33.88754809425123,84.71455023644492,10.248593912942807
2026-08-19 19:00:00,28.924148034321995,0.0,50.06014838514237,85.7199017145936,12.538691033215464
2026-08-19 20:00:00,27.217210752843158,0.0,12.307388818723357,77.30576719691672,14.29709125389999
2026-08-19 21:00:00,27.318712748917477,0.0,24.867714967493697,86.27060322537953,9.922537022818648
2026-08-19 22:00:00,27.375722224551154,0.0,39.99927943444254,76.03538854869058,18.602849382314485
2026-08-19 23:00:00,24.973704582887812,0.0,37.21388801591867,80.28463334564351,17.166496208462387
2026-08-20 00:00:00,23.500558055646145,0.0,36.891083300131264,74.79414623488076,12.002941122079395
2026-08-20 01:00:00,23.255993934533866,0.0,71.30365823510006,87.8764690961251,9.7009718928675
2026-08-20 02:00:00,27.44249227618172,0.0,39.212032861750586,83.33710760301081,15.965076030419695
2026-08-20 03:00:00,28.070842913388283,0.0,46.96406694382537,87.21707173757203,3.9656860359437154
2026-08-20 04:00:00,28.218475025124228,0.0,25.393919117212373,74.25441039596856,14.234872784520043
2026-08-20 05:00:00,28.34860677874809,0.0,15.106314391540767,67.55035576798649,7.46003685984635
2026-08-20 06:00:00,30.62460715988415,0.0,25.28523856149549,76.14414865403901,16.28931693633501
2026-08-20 07:00:00,32.55479215238629,104.79025182997508,40.67940257015106,75.07579200338672,6.490714787357196
2026-08-20 08:00:00,31.261547861240825,317.00357023745005,36.10241782243763,75.49697022677276,9.156343018123927
2026-08-20 09:00:00,33.139159730347764,437.9924282987346,36.04877055898319,81.44998218178199,13.55501504268693
2026-08-20 10:00:00,32.45691275241699,575.3942447563592,26.784834198043082,78.3058198978226,13.745690186805328
2026-08-20 11:00:00,34.2267409496259,642.1667088812818,24.39296071780537,79.18524066115849,8.715251857368965
2026-08-20 12:00:00,36.57244754194933,671.6863397945609,27.302141335600833,73.7035748664682,10.036607260363565
2026-08-20 13:00:00,35.79663318789322,557.0420051599318,40.867131752478194,83.94215667252546,15.853901633334946
2026-08-20 14:00:00,34.07052779225127,499.21244943948733,42.61091142255627,79.66389239413151,16.157728067287547
2026-08-20 15:00:00,29.599222785769182,576.0821381551002,14.906375254931586,71.91593322571755,9.338273633691031
2026-08-20 16:00:00,31.212361505427697,298.0039099110353,41.43513839147174,74.23291743166735,9.643229485253546
2026-08-20 17:00:00,30.992114911334685,198.04513483520122,20.239181538656553,64.01130175868803,5.535880978661334
2026-08-20 18:00:00,29.284204485909775,0.0,37.0338247776158,71.09618693221134,12.866237711324585
2026-08-20 19:00:00,28.313401061658343,0.0,27.120513863062676,77.66042952663352,14.606541836367818
2026-08-20 20:00:00,27.380258829112133,0.0,53.48682823858476,78.77706867750004,13.279766096707348
2026-08-20 21:00:00,25.33557303874251,0.0,23.728880565282815,67.95556705037632,7.4864590048490305
2026-08-20 22:00:00,25.224974677819393,0.0,32.67917761342175,76.33917147041758,18.78003838298276
2026-08-20 23:00:00,24.540986396733903,0.0,39.098897363391416,81.5424765645751,3.541329807154627
2026-08-21 00:00:00,23.57651967444545,0.0,16.89061724815677,76.81152353361531,14.35743664090785
2026-08-21 01:00:00,27.061292971572698,0.0,28.90714416859582,77.07324123908212,12.312204647361073
2026-08-21 02:00:00,24.541160000759415,0.0,26.00122673065294,76.56482657791967,13.174776526319652
2026-08-21 03:00:00,23.024677259934094,0.0,22.292797748910402,73.47745021575608,7.967321645127822
2026-08-21 04:00:00,29.30892876050381,0.0,23.404154977751404,78.6742282845565,10.560542632017796
2026-08-21 05:00:00,27.096429137019754,0.0,46.68021897205192,80.77151748030752,13.507413107068064
2026-08-21 06:00:00,30.66056399627928,0.0,21.021738978595003,74.32468858172969,10.707808310827428
2026-08-21 07:00:00,29.89962601019533,96.98105772332231,38.49611824007409,84.37831193757039,4.749754925706828
2026-08-21 08:00:00,32.73074471866271,284.66906545333046,34.71892503046716,81.77962002838949,18.585950931943774
2026-08-21 09:00:00,32.963625480331004,559.4392175255273,9.045298263372363,70.44245452040191,13.053055072573919
2026-08-21 10:00:00,35.121240249822,531.2396343560247,37.78754157639662,76.59341656248671,12.027748774160946
2026-08-21 11:00:00,34.04249676404134,751.8104883254434,8.797301853634586,69.46876047417334,10.836227594338888
2026-08-21 12:00:00,33.63876726254883,583.6114095039493,39.4213774224774,68.7531969232524,18.70602098185118
2026-08-21 13:00:00,34.65443808130245,697.6366630901897,22.39212535303728,79.934347499626,8.148691216916838
2026-08-21 14:00:00,33.32357091040709,552.1430161012615,30.125508798846784,73.15880507849465,7.6333446825576665
2026-08-21 15:00:00,30.518292338906278,550.7447462963285,10.585800755604918,76.39179428432371,13.92959813931353
2026-08-21 16:00:00,31.208732193855457,325.82490850925166,31.83573485407224,77.53556536317468,13.44254759790565
2026-08-21 17:00:00,34.51417803673771,138.38280723086874,43.9042562695593,86.8072726232455,8.155672376834668
2026-08-21 18:00:00,27.122898382089435,0.0,17.89551857966069,77.10286971969937,15.249506914262513
2026-08-21 19:00:00,28.50995268680664,0.0,20.892493707839833,79.55724610845293,12.224456377703465
2026-08-21 20:00:00,26.674918305645484,0.0,36.819315353512344,76.29320225432578,8.249133979756861
2026-08-21 21:00:00,28.342495100194906,0.0,37.19427485470409,72.67014821699405,13.821009251079403
2026-08-21 22:00:00,23.71620631497651,0.0,0.0,71.23019907839016,11.362773069536829
2026-08-21 23:00:00,24.79274847811097,0.0,60.2310954567416,75.80293671147294,12.659375933220858
2026-08-22 00:00:00,25.307794309093012,0.0,37.92830225322497,77.39614174397018,13.433658340462076
2026-08-22 01:00:00,24.353025118091264,0.0,40.45377993679442,74.56332713052132,14.527451536948766
2026-08-22 02:00:00,24.08779133039412,0.0,27.846893300069745,73.20025867048656,15.04911170171887
2026-08-22 03:00:00,25.851348397154332,0.0,2.169697371716328,73.69318633625322,10.53766634503897
2026-08-22 04:00:00,26.51339220305381,0.0,40.1208309187536,82.7530312053526,10.923580263724197
2026-08-22 05:00:00,27.715648843768946,0.0,21.522179576536708,74.46339724903963,12.032352935834897
2026-08-22 06:00:00,30.625663370595696,0.0,38.158975412750095,80.59593710642751,16.671466075899023
2026-08-22 07:00:00,31.23366700384229,202.8999457134685,26.717983946059068,73.34099982491641,13.855628527464393
2026-08-22 08:00:00,32.633034260583436,297.46363642054985,33.57059068674566,89.68099879160731,10.371619293618227
2026-08-22 09:00:00,33.380656263690376,489.1121225060187,18.37505427886133,75.14085251572797,11.141363640776467
2026-08-22 10:00:00,34.993708858453715,527.576275937322,42.96583414018397,76.59079168622894,18.81093071810541
2026-08-22 11:00:00,35.94090406226635,713.5273882706522,12.174314408134922,76.07927612235837,13.605884711380813
2026-08-22 12:00:00,34.04301011431956,495.4236575880574,63.683541380087846,91.0653643163483,13.791424656396618
2026-08-22 13:00:00,35.310676029156554,433.5076497124715,63.56922952480518,80.7746114149238,17.739974985835957
2026-08-22 14:00:00,32.06081955475157,427.9109255022994,54.49049378199766,75.77069934702895,10.552163715997526
2026-08-22 15:00:00,30.022298468082454,380.79441792899433,49.13218478661766,75.72743200249015,13.772232377702329
2026-08-22 16:00:00,34.29006386420385,319.0712201975157,28.731774626495387,72.73965379145184,18.93907547527803
2026-08-22 17:00:00,30.276466573283916,169.62188860596217,47.49820058620813,81.11173685322679,14.989107441649965
2026-08-22 18:00:00,29.743952012026767,22.14525348938475,28.557352525858086,68.58209494325946,17.911269070431114
2026-08-22 19:00:00,26.528861559897,0.0,6.697236866320395,69.65374542592527,9.999823662308689
2026-08-22 20:00:00,25.262990492397332,0.0,52.54802121046032,82.3578695420038,10.722588219430254
2026-08-22 21:00:00,24.953376355107075,0.0,46.93236694383758,83.66438487793403,16.987489213718995
2026-08-22 22:00:00,25.921377349920935,0.0,29.52991338516847,80.60318312086282,4.1632284347413
2026-08-22 23:00:00,23.914602547833287,0.0,11.622236140032747,75.37608606779845,11.301872630691022
2026-08-23 00:00:00,23.903549057347384,0.0,21.20698985131539,84.72708155170554,15.183854899026041
2026-08-23 01:00:00,23.54258310842026,0.0,2.682816226687354,76.65993348391868,12.384188558188
2026-08-23 02:00:00,26.525474139400416,0.0,44.176212789269655,82.22504226631443,3.7988096379131413
2026-08-23 03:00:00,26.933631748095717,0.0,5.950365497037296,66.6451084141421,4.913538032859553
2026-08-23 04:00:00,26.210683920128645,0.0,34.302463052200146,75.31652593372269,11.25758363169568
2026-08-23 05:00:00,28.93533256171405,0.0,17.344599783304677,66.90252240598032,12.76669284027373
2026-08-23 06:00:00,29.021268539516452,0.0,8.599448325007849,72.61339582622988,12.486492768569885
2026-08-23 07:00:00,30.195357848742898,200.79359738796825,33.57532639917858,79.57133876286478,11.6541107973117
2026-08-23 08:00:00,31.77545263511093,325.55816052003405,24.99300922031953,79.99649843253744,14.170610415218842
2026-08-23 09:00:00,33.71181470248991,397.33153415984714,42.572836581380514,80.9730284144064,13.876222241425282
2026-08-23 10:00:00,32.51034429177917,651.5623450325344,10.985920969069397,77.18987255776003,10.034853660226243
2026-08-23 11:00:00,34.822818776480375,656.7455985358309,18.640280317892667,78.85914240589764,13.08241499850941
2026-08-23 12:00:00,37.587243907292795,831.5470246410595,0.0,63.271433268634475,7.410130936743535
2026-08-23 13:00:00,34.407763308126285,776.5297046642268,0.0,66.29851886869776,12.547283888537297
2026-08-23 14:00:00,33.71663718066746,408.75805313464326,56.97288614967769,83.18053365391744,9.461033609829101
2026-08-23 15:00:00,32.76619257637991,309.9788117033859,61.25397366149504,80.91819112750258,15.012484330572997
2026-08-23 16:00:00,32.461751802388775,304.8099817318684,31.390893078359294,75.81184395949768,13.4209663478867
2026-08-23 17:00:00,28.540646843353766,165.34014273181697,17.642568511402324,75.6858379975212,9.686633032891015
2026-08-23 18:00:00,31.551486240302815,6.1803544404993715,25.523266117648397,75.08271197346663,13.815964112454049
2026-08-23 19:00:00,29.321524457301795,0.0,43.10361303729546,80.42922116657674,18.325973758770196
2026-08-23 20:00:00,26.002206009273056,0.0,22.284164702669308,71.0075160046718,7.034150277449381
2026-08-23 21:00:00,25.845554135443347,0.0,33.564508005625335,81.09650440130048,15.495016853521957
2026-08-23 22:00:00,24.28539696351568,0.0,29.808659242781257,80.02566372730327,15.836406714039134
2026-08-23 23:00:00,24.89945304183345,0.0,21.46780994875713,71.86953272354441,10.24435170266697
2026-08-24 00:00:00,24.343479620571728,0.0,22.107108810121932,69.459118206683,14.308961915764733
2026-08-24 01:00:00,24.731317989371913,0.0,34.39981307528262,85.09147923182485,10.701700190758134
2026-08-24 02:00:00,23.596778463436443,0.0,15.346677954188378,83.08802963077224,15.792145760006457
2026-08-24 03:00:00,25.102183034296846,0.0,36.77594018435274,80.6522056575038,0.882992139838727
2026-08-24 04:00:00,28.25359878480709,0.0,22.92631560526227,73.73511438894393,16.925872435960866
2026-08-24 05:00:00,27.275699505827415,0.0,31.91050956972345,83.16766253014526,7.14641282694288
2026-08-24 06:00:00,25.82718060273297,0.0,50.75943849252838,85.21753271628782,12.897851724039324
2026-08-24 07:00:00,30.361999222812866,171.0065944670746,27.477119321595712,75.31144436341276,8.118054635038016
2026-08-24 08:00:00,34.89866194163733,232.44880611360838,43.797065102879884,84.604839610055,18.175894069469827
2026-08-24 09:00:00,33.90279836558569,604.3281240600506,3.119507161742572,65.69629119676422,9.239741151691376
2026-08-24 10:00:00,32.834460969232126,647.7969836312554,22.944554795391078,71.40694430385162,8.978810315512597
2026-08-24 11:00:00,34.02757031924624,624.2615274640877,30.415329316141094,78.36785556496234,16.00148102600637
2026-08-24 12:00:00,35.147540679027706,491.95967825592123,58.84996018809689,84.06156600980387,15.871046639817745
2026-08-24 13:00:00,31.810225318199016,815.7128529585173,0.6007187511016419,72.61504100245692,8.695496951428797
2026-08-24 14:00:00,32.480973823549206,532.189846604784,28.556852071608347,82.2837215508456,7.46308574279643
2026-08-24 15:00:00,33.31710834189826,388.3018137710018,51.85033276374395,74.25277144018713,8.087538257521274
2026-08-24 16:00:00,33.836556043991024,345.97837163644436,18.22469392099692,73.72544896834253,16.011511434060964
2026-08-24 17:00:00,29.986698587373148,228.86690448270218,26.807417843614946,85.7592517299839,13.016089729332402
2026-08-24 18:00:00,31.300846082413695,0.0,34.976084775833094,75.11612583015847,12.44244712281585
2026-08-24 19:00:00,26.98900759859057,0.0,32.767628305841704,74.61981718512578,13.607301127437063
2026-08-24 20:00:00,22.362557037760954,0.0,53.48655713181621,72.86231911352353,4.879710238705508
2026-08-24 21:00:00,26.69514368442902,0.0,36.72710715109848,79.73624722819032,10.538251648661461
2026-08-24 22:00:00,25.636115105028654,0.0,49.916593432713285,85.58677349753609,11.30395489986802
2026-08-24 23:00:00,25.391133935099806,0.0,24.59987464035133,79.2840696861245,15.155538782134215
2026-08-25 00:00:00,25.092936815347,0.0,18.89211883124555,69.82383291860052,5.068243184908158
2026-08-25 01:00:00,24.60634642096284,0.0,26.614152104705468,76.96901766616918,15.545304012787145
2026-08-25 02:00:00,24.520113724617207,0.0,12.613453599485975,74.63307699815564,17.808364049783435
2026-08-25 03:00:00,25.36427168518963,0.0,37.252675443151425,79.81906649715309,4.986270400268196
2026-08-25 04:00:00,26.088178659479418,0.0,24.211828308671315,70.71570777800842,11.277204671785483
2026-08-25 05:00:00,27.372097263450023,0.0,19.92316650033787,75.31151466097023,12.9935248559491
2026-08-25 06:00:00,26.832355297214846,0.0,37.47987614431503,75.32229200365599,15.366227890704714
2026-08-25 07:00:00,28.902195376151763,221.1467627165474,12.844263330385672,63.56619905346881,1.9840869658810085
2026-08-25 08:00:00,31.474252794087963,295.8113963157941,41.55753320783692,83.12477768940737,13.428345023374165
2026-08-25 09:00:00,29.809107312703436,513.152290322874,22.824939172629588,75.98504801162179,10.266276999574435
2026-08-25 10:00:00,30.906635730648695,487.74288843046634,47.38644666141276,84.22009260564447,11.236217662987999
2026-08-25 11:00:00,33.58176278759676,591.140028769024,24.108936326556492,72.3676965453272,19.48166211674079
2026-08-25 12:00:00,34.019870290455145,601.5327116210824,39.478644998368864,81.94939061384413,11.111692907179917
2026-08-25 13:00:00,33.60896765805651,595.8132554541613,32.69343560659359,82.29265459453671,13.434094455987152
2026-08-25 14:00:00,30.422947969814842,528.2716508906323,41.1585281057173,88.54613436974327,11.576600130216361
2026-08-25 15:00:00,34.7403481778405,461.5411245083185,31.64920338221441,80.82052451859101,12.54737024830338
2026-08-25 16:00:00,29.819600613410255,408.5373798991654,5.049038814851343,72.76326784836564,12.463000975336481
2026-08-25 17:00:00,29.41718631554656,136.37133994663975,45.13190308863198,74.0209789224406,15.82995341245755
2026-08-25 18:00:00,27.546402101412287,0.0,28.68475616313139,76.55660257937727,8.326353140661901
2026-08-25 19:00:00,29.58134537810342,0.0,41.84274116032219,72.96017628817584,12.70264254318756
2026-08-25 20:00:00,27.234546640304305,0.0,40.35369715303285,75.95886294354078,12.769534371445685
2026-08-25 21:00:00,25.03595051822584,0.0,18.400552784829873,84.67003724514203,4.327864939316529
2026-08-25 22:00:00,24.14982079801431,0.0,16.278068922370547,69.3818765546333,6.999252992893934
2026-08-25 23:00:00,24.59054255450744,0.0,39.83032652173506,68.6060372251312,15.555210463951349
2026-08-26 00:00:00,22.48850979382185,0.0,25.451264558842293,81.10537064276804,9.426042886667382
2026-08-26 01:00:00,24.774362476758114,0.0,44.04643919199746,77.98012008471439,22.650332485833893
2026-08-26 02:00:00,24.065665077868953,0.0,27.32698585705465,81.11193417468279,15.218630500062302
2026-08-26 03:00:00,26.24902741601133,0.0,45.35114666172432,75.59978241123024,14.074949823505069
2026-08-26 04:00:00,27.240469650345965,0.0,36.34956726313653,76.92175270451975,17.859066197912735
2026-08-26 05:00:00,27.04324005603337,0.0,34.319624905712224,84.55282760611794,14.806874317929179
2026-08-26 06:00:00,26.44050541046783,0.0,24.389832018895884,69.57128101826223,11.956412121593367
2026-08-26 07:00:00,30.0822528009502,158.45584231794388,33.486414210922746,77.06293572336709,6.017658209847525
2026-08-26 08:00:00,29.724715421207414,229.29595388071448,47.892790724290634,83.02101228203895,15.05598932542468
2026-08-26 09:00:00,32.74678938300743,472.3823068485745,29.186768120050203,72.83849813399227,17.04619308599157
2026-08-26 10:00:00,33.10561397739153,498.75603366454015,37.96761665525783,79.7859131064965,9.526896402144638
2026-08-26 11:00:00,33.174266173014814,622.2832262181264,30.695401143745592,76.82594883100408,4.2306692665669035
2026-08-26 12:00:00,32.42479942075102,649.864389440297,31.869060641181328,79.8262592718137,7.316303968479567
2026-08-26 13:00:00,35.481485449600555,480.0238662873408,55.85116135407448,91.90154371087074,19.828690873149586
2026-08-26 14:00:00,32.84937042092886,482.34525665962855,48.02595046559327,94.50513686821326,12.722094861433646
2026-08-26 15:00:00,35.703920414262456,394.9564835169204,31.191057227935776,78.80882182190174,17.39862502975009
2026-08-26 16:00:00,31.654438877706777,297.60875819386115,33.21681131904051,77.05406600790717,11.737019357471533
2026-08-26 17:00:00,30.86019178111617,208.6589488088505,19.47194244673547,76.49355095916381,8.987506626129095
2026-08-26 18:00:00,29.16000623810779,12.730738457905618,27.4054268060257,75.36614454133628,19.90864953496807
2026-08-26 19:00:00,28.258978408705943,0.0,34.64096681322923,70.5344827358863,10.245576455691914
2026-08-26 20:00:00,28.029523918393238,0.0,42.759203843536916,80.30242000708375,11.141683581092224
2026-08-26 21:00:00,27.00899070944966,0.0,41.238313453663785,85.7188150497555,13.90433705820297
2026-08-26 22:00:00,22.482313340688297,0.0,13.361114161432344,66.69419588789182,9.507655877716372
2026-08-26 23:00:00,25.391547873465775,0.0,44.65474096017947,76.48200364220492,15.345421637836054
2026-08-27 00:00:00,24.677017437319456,0.0,28.668394809336707,74.60578686495012,13.217160185163822
2026-08-27 01:00:00,24.247766920737565,0.0,15.195129664836932,76.0733366618243,12.701863053134035
2026-08-27 02:00:00,26.926925374749132,0.0,50.045771061478824,94.4074002942413,10.035713796263389
2026-08-27 03:00:00,27.77379915108677,0.0,51.9491849510693,78.82464556376526,5.94786082334737
2026-08-27 04:00:00,27.706711344008763,0.0,33.95620473510991,78.83912030311909,8.3690590247886
2026-08-27 05:00:00,27.030046783593114,0.0,40.631904028578525,80.18236231588706,9.055582662460932
2026-08-27 06:00:00,27.480508122906283,0.0,41.51173813116648,78.79962881356045,13.24611369179402
2026-08-27 07:00:00,31.30555159048234,125.13654136734496,50.936582292183765,81.84979926738838,9.2864967676812
2026-08-27 08:00:00,33.298129819268894,311.60401487169065,40.92102788147588,76.96185127906202,6.184854485597572
2026-08-27 09:00:00,29.929015009075083,539.4827289853666,10.084675838421468,85.79670447361374,5.917854927658699
2026-08-27 10:00:00,34.773046361594915,398.5775629513046,60.147116234566916,87.61919812652143,14.557821138410139
2026-08-27 11:00:00,33.52904012604062,522.1576192420337,45.984853342200644,78.23613663040125,15.048915624027066
2026-08-27 12:00:00,31.679032508414135,674.7755457652407,22.35713692090853,80.80533898818524,9.091299364028792
2026-08-27 13:00:00,34.4705803263972,716.4312904175001,14.555623914638856,73.80177921927117,9.12749473203006
2026-08-27 14:00:00,34.54306586159111,516.0550036081156,37.57220145606126,78.55132761215816,14.334516003285202
2026-08-27 15:00:00,32.109516844377964,448.2885579531698,25.826099424486312,74.78001974415973,11.953255718900104
2026-08-27 16:00:00,30.156175172068814,284.08334419478285,34.94993030998439,77.01388795718536,16.49178485301193
2026-08-27 17:00:00,32.55054962362806,155.47912403903112,41.151102619173955,73.35533980496251,11.426915478090452
2026-08-27 18:00:00,28.161508110944823,10.716280392081964,21.50337168004807,66.8333069726879,7.7494160819884
2026-08-27 19:00:00,29.24395498028417,0.0,13.25838010973494,74.83170080987068,15.00856330332096
2026-08-27 20:00:00,24.56377077040933,0.0,35.78727701807967,78.35184231848596,10.54418492088806
2026-08-27 21:00:00,26.036008849170038,0.0,21.999182170845398,80.03155296388819,7.944953288942045
2026-08-27 22:00:00,25.204368479186744,0.0,32.19143678598597,73.86769286018284,15.180832764883169
2026-08-27 23:00:00,25.33654787016913,0.0,9.850103445566031,67.22232595353803,16.28949546216615
2026-08-28 00:00:00,25.89271948458581,0.0,26.217259132880436,80.60130200734194,12.043846870895097
2026-08-28 01:00:00,23.06449331681015,0.0,40.72427836559995,79.29470338142431,8.019076713548309
2026-08-28 02:00:00,25.29872125790996,0.0,39.08898761470195,84.3061077417496,18.093578987069634
2026-08-28 03:00:00,23.639769567197725,0.0,18.17463043690097,75.21499907585086,12.415613430926122
2026-08-28 04:00:00,24.660551637767103,0.0,12.476034460229226,82.85754032874131,11.50275031521922
2026-08-28 05:00:00,26.90591089183987,0.0,30.23645534627688,81.3519333902576,9.895934665739347
2026-08-28 06:00:00,29.483966527769567,0.0,38.41549195529113,81.28001679252672,16.44008130546178
2026-08-28 07:00:00,32.4258644650827,120.30806294343145,36.077627102888265,82.20515887566317,7.370018519904681
2026-08-28 08:00:00,33.868470340165594,287.7703896219429,22.31760233458035,73.1846403533088,6.300970546025096
2026-08-28 09:00:00,32.02601625151598,451.14854811333925,34.46736663729905,69.64836744660971,19.301397297448204
2026-08-28 10:00:00,33.67916288847439,469.20879475909464,52.535332069139926,83.93659901106682,9.177072186867546
2026-08-28 11:00:00,35.007377309704495,573.6478609342521,33.07717030963541,86.77613208826284,15.492589729647685
2026-08-28 12:00:00,34.94683856839983,766.8186108226582,5.502780962720699,58.731457759231716,15.788884261821561
2026-08-28 13:00:00,33.561176438182194,580.2443638721803,33.048005071509635,79.62354959564165,12.493055039689482
2026-08-28 14:00:00,33.38090464164549,380.5951009664712,60.65935456818914,76.53175507773551,9.508896458747895
2026-08-28 15:00:00,32.344139781110115,552.7731636198606,10.689137803266068,71.75414071198932,13.053568158732705
2026-08-28 16:00:00,31.180954943352965,320.5105768592961,30.445869927435332,77.38162126812259,17.089392881024253
2026-08-28 17:00:00,29.802102744020214,163.07064339970384,26.604968504517984,79.96519524100846,12.700184860792193
2026-08-28 18:00:00,28.796285036366314,66.43800051275939,31.43824438912596,78.64093307128005,8.586097528441167
2026-08-28 19:00:00,27.13018754182159,0.0,32.913782297306575,85.07651071745599,12.869960039812355
2026-08-28 20:00:00,24.97579811485977,0.0,47.099579790943864,87.91052705275222,6.8164754376034455
2026-08-28 21:00:00,26.537661535410773,0.0,31.27174929601216,76.90391752325938,7.668927646236645
2026-08-28 22:00:00,25.29284910854458,0.0,49.158893358180705,88.01776038191409,11.423377918082299
2026-08-28 23:00:00,26.56178380805539,0.0,28.23516511820276,75.56061977881375,11.657852639860264
2026-08-29 00:00:00,24.352741798784507,0.0,24.747948390380504,74.15978798793984,6.429271947185056
2026-08-29 01:00:00,23.500691047671353,0.0,19.962255254420914,69.4935434344217,11.997056565424854
2026-08-29 02:00:00,23.727875359477064,0.0,2.7436945631977068,77.73656199473857,12.223818165511144
2026-08-29 03:00:00,25.398410354056068,0.0,34.1367211788876,77.27429267821475,10.847938291283807
2026-08-29 04:00:00,27.09110608482269,0.0,60.810004327077635,73.08131401311444,4.40770133390245
2026-08-29 05:00:00,27.260149361474582,0.0,36.87353215928792,81.88969078373562,12.261497301904681
2026-08-29 06:00:00,26.961033663335908,0.0,40.30121031242519,77.9110634313721,19.274500965770216
2026-08-29 07:00:00,29.20575019162147,183.03715376877307,23.804530124783174,74.12720043692306,13.021119180485316
2026-08-29 08:00:00,31.395800892989868,323.60211733502786,26.33499913089494,74.75429711439759,11.379244675475265
2026-08-29 09:00:00,33.370271036132415,380.6583006351074,44.769622324998934,78.55410262908191,10.748681894027271
2026-08-29 10:00:00,31.27092450113141,425.35221775291717,60.130404604347305,98.03080194023407,15.314991351439094
2026-08-29 11:00:00,34.04660598968793,510.3750247615094,52.3192190369523,90.33634245934849,13.449729850116283
2026-08-29 12:00:00,34.15982376176941,595.9259155817462,42.078669445920326,82.94155422689029,14.933181365546677
2026-08-29 13:00:00,33.11494805999758,614.6437384504911,30.527258690857636,77.9211967655264,7.141022449568767
2026-08-29 14:00:00,32.439496506330165,563.5580057592801,33.14578371400985,83.11432757239616,12.142632346538154
2026-08-29 15:00:00,31.450681414575815,480.6152064894624,18.697390208576184,75.2250453502745,9.0900867759131
2026-08-29 16:00:00,31.55541656680935,372.00499485937587,8.277487180460145,75.46539120763478,11.900253354146761
2026-08-29 17:00:00,31.631327859519136,217.8984658030299,13.098024633600886,75.37091647169854,2.8726069708043642
2026-08-29 18:00:00,30.429488208772675,21.085538456506047,30.74700051782906,77.81405169046855,9.966425842994662
2026-08-29 19:00:00,26.117098695537795,0.0,25.620116078599843,81.2390263702711,13.450808987448609
2026-08-29 20:00:00,26.12929673756484,0.0,7.958374429204731,70.01932657285585,13.212818271216369
2026-08-29 21:00:00,22.485271723488346,0.0,29.440149314253958,78.3295130924546,11.350049637522341
2026-08-29 22:00:00,24.684180957839747,0.0,25.223545133010827,71.75607242486232,2.6195461431322897
2026-08-29 23:00:00,24.819681537159557,0.0,12.407267170738795,69.1090034047202,13.185724926971305
2026-08-30 00:00:00,25.83459114878259,0.0,24.447314840698944,63.640886509437514,17.55892941626879
2026-08-30 01:00:00,21.640317872595226,0.0,25.185704989254837,79.38321716972739,7.904150351727548
2026-08-30 02:00:00,23.047736690065403,0.0,20.750442901133,79.43804981526057,9.334028558093436
2026-08-30 03:00:00,25.444185544067984,0.0,43.90005247163909,86.63548335809874,15.421164745243113
2026-08-30 04:00:00,24.188436731145394,0.0,1.4564765686003192,65.2737208162987,13.405813774759917
2026-08-30 05:00:00,27.7221221781565,0.0,0.21301513933543248,72.14448007215252,14.39879054709105
2026-08-30 06:00:00,29.60224491615401,0.0,30.049286766736376,77.11843058255162,15.560999691885074
2026-08-30 07:00:00,28.42076279193603,135.91641117955155,31.44190784088459,81.33527059053229,5.4432494107714104
2026-08-30 08:00:00,31.464702588625418,353.32320027667015,36.0632270402846,75.08899927728069,9.885632190896738
2026-08-30 09:00:00,30.752001297975575,452.14154581823857,21.91539737581359,73.23457507712124,13.601522498669738
2026-08-30 10:00:00,34.91052225610439,575.4610481199866,16.231142923615025,65.10370808694466,10.466888920461814
2026-08-30 11:00:00,33.890610659206,648.1709702378777,29.89025800957579,72.85437217823372,12.958079674481693
2026-08-30 12:00:00,32.96025836990526,697.4832875840615,23.376327969780057,74.96553437832476,10.647124271484063
2026-08-30 13:00:00,32.01238694461777,472.7612805286861,53.26607106983542,83.4352886062469,10.919918763321787
2026-08-30 14:00:00,33.62836322807392,576.2802253442549,25.136591251122123,66.86047915646795,10.289337789478813
2026-08-30 15:00:00,34.093191666228286,456.5320554329565,29.202222724243832,73.679322938767,6.972806708980169
2026-08-30 16:00:00,30.28938652559999,210.99901481345614,67.13127209396913,87.09098788586799,10.462715444076972
2026-08-30 17:00:00,29.514898767181528,134.10146650647732,27.078596599039695,83.4326313893251,11.086184158626645
2026-08-30 18:00:00,27.814558696641758,0.0,38.34235297798636,75.2383413012218,11.7221184903259
2026-08-30 19:00:00,29.520386724417595,0.0,39.6946415007953,81.99592245027472,14.254975829397598
2026-08-30 20:00:00,23.81110899790455,0.0,40.97102465577322,77.91326430730075,10.907876087062945
2026-08-30 21:00:00,26.928078891269966,0.0,34.342308981168784,76.36748334715313,18.420200038667172
2026-08-30 22:00:00,23.971857073658953,0.0,32.90761191615764,74.29326823455118,16.565081082528074
2026-08-30 23:00:00,23.86961282029095,0.0,31.50501434755674,73.12411196421967,9.565795768883572
2026-08-31 00:00:00,23.268959415340376,0.0,21.3600914664934,73.52571416468389,11.859250977550872
2026-08-31 01:00:00,24.19363647445416,0.0,34.88278204258903,84.38170568624311,16.59550684366807
2026-08-31 02:00:00,23.43291905962881,0.0,60.42968756136888,81.86763460523792,10.458665791227308
2026-08-31 03:00:00,26.552148631603956,0.0,48.16022863445336,77.5535486832901,9.417055620955427
2026-08-31 04:00:00,27.640480615605046,0.0,34.55877033336955,79.58925937836727,16.925341802996137
2026-08-31 05:00:00,26.139257482750338,0.0,42.837446971589856,80.86453985535249,14.907388908137927
2026-08-31 06:00:00,29.57949151516696,0.0,16.962361369040217,73.51244570696174,15.143337147811742
2026-08-31 07:00:00,29.542437667182256,149.20009271516787,26.09231768700422,77.4116521328434,12.566341569919688
2026-08-31 08:00:00,31.278907997052563,296.2286670561196,44.21774766276083,75.36471233836261,11.191329138857135
2026-08-31 09:00:00,34.23001453246167,363.9742985442574,52.307507901872874,77.49786375352127,7.2478264182335375
2026-08-31 10:00:00,32.1656670605621,599.2295751775135,18.43700741856933,78.7656546919836,11.469266578894418
2026-08-31 11:00:00,34.74592786319651,653.6419436260929,22.746175358652643,73.79500215446379,16.065681793970736
2026-08-31 12:00:00,34.3060471926107,435.36138712108954,62.720636908178044,87.56645862570221,18.11124561341682
2026-08-31 13:00:00,33.2891770101319,604.5937525481697,31.443918746534585,83.03781112486186,15.855221258931333
2026-08-31 14:00:00,33.519536116682374,424.0035405478885,57.350429590505684,87.5883923123417,16.016412384970494
2026-08-31 15:00:00,32.5702538662174,437.1704103060373,33.102859759136884,70.59123761709175,20.49941956324378
2026-08-31 16:00:00,29.70592515423661,308.6579372226494,33.692704234881525,77.43479327448551,5.477745546927501
2026-08-31 17:00:00,29.217138688779723,202.9736460346931,25.417636685101538,81.2259957671873,12.194655184701476
2026-08-31 18:00:00,27.35295635952591,0.0,44.13832712265343,83.59536615197008,8.45985069237451
2026-08-31 19:00:00,27.058084831524805,0.0,50.366663254559995,83.50265930585874,18.728093723953364
2026-08-31 20:00:00,27.96033034486139,0.0,14.474966547886995,65.27694133517203,8.513233260823126
2026-08-31 21:00:00,25.93158669615435,0.0,24.71324171669345,73.25597731495333,15.269671001668192
2026-08-31 22:00:00,22.519291640300168,0.0,43.72617786561331,81.95028686559088,10.388955044871226
2026-08-31 23:00:00,23.52677733532425,0.0,28.05677043323508,70.405680914296,13.083899365453668
2026-09-01 00:00:00,23.934433087016444,0.0,22.599217972001846,80.07781804458376,10.695893184412682
2026-09-01 01:00:00,24.768406660774083,0.0,45.143132308041025,81.03249348611024,12.20201740049434
2026-09-01 02:00:00,23.45459659960573,0.0,46.55179807068767,72.27150279011607,13.66211430516691
2026-09-01 03:00:00,23.486525490995113,0.0,23.255368639917922,73.50780794872729,14.84079931905359
2026-09-01 04:00:00,26.057474992914607,0.0,33.185497919819184,77.00612345485126,11.222013372468941
2026-09-01 05:00:00,28.07636411464958,0.0,11.872878061436506,72.15739637778985,14.159091645842487
2026-09-01 06:00:00,28.936021200444504,0.0,16.567786342819517,80.94964924930198,14.979724515043314
2026-09-01 07:00:00,28.77473526862991,154.453766500902,31.8624784820007,80.59171114027248,9.924694276256409
2026-09-01 08:00:00,33.41172521234576,279.1860231253555,30.471101813697654,69.82873528175732,19.064324503605498
2026-09-01 09:00:00,32.037794471892504,485.7261871513752,15.496858624040483,65.67100397737032,13.75556568491823
2026-09-01 10:00:00,33.212671142166165,574.4374200479533,19.26039112911637,72.54911460641434,9.237353391762053
2026-09-01 11:00:00,32.59979227702787,679.4776002725554,14.02433445066661,73.29716616223465,13.157309767193812
2026-09-01 12:00:00,35.069181165695255,599.4458916323515,36.82589785369816,82.95801973428416,15.994997395516009
2026-09-01 13:00:00,34.20375085958308,770.4989555706135,0.4854120496214982,77.69025695553015,12.38298710520722
2026-09-01 14:00:00,33.36991024465228,632.274427732088,14.826341556597058,81.67221143980133,11.548808117439412
2026-09-01 15:00:00,30.669103403448503,540.7807169635865,2.0558767825151847,67.75185351175594,0.0
2026-09-01 16:00:00,32.55296006242509,330.31751230541937,36.28530905786971,82.91113999586294,7.944845348531559
2026-09-01 17:00:00,30.908789858203992,216.95612874836573,2.9589967491794766,72.2815742031822,12.862333437840688
2026-09-01 18:00:00,29.950134184622307,2.8058670460490074,30.475937978033105,71.72253170670113,7.574880809097317
2026-09-01 19:00:00,27.384763707305943,0.0,54.59286023621135,74.15102635890698,14.785098430948306
2026-09-01 20:00:00,26.03340125480772,0.0,55.10150971906353,84.64090803954284,16.294015860087733
2026-09-01 21:00:00,24.858466115617343,0.0,2.911386462317683,63.5732316801862,9.695113742896558
2026-09-01 22:00:00,27.263291076503272,0.0,34.47614402446433,74.32224508261004,4.66514123103652
2026-09-01 23:00:00,23.09591148807714,0.0,15.16543055429318,70.95280696592356,7.811263605989463
2026-09-02 00:00:00,22.007056222708577,0.0,12.102959464346128,74.86843809477656,13.344252329334662
2026-09-02 01:00:00,23.234312372028253,0.0,28.29795068414889,84.04244683723276,16.442744083451483
2026-09-02 02:00:00,23.52598240611667,0.0,48.424367353996885,82.69091176911401,4.094681477751244
2026-09-02 03:00:00,26.651441500640637,0.0,38.99488311330537,77.10659198621754,12.272987627155622
2026-09-02 04:00:00,24.2863844009577,0.0,19.27288607275679,64.88292920805932,5.093640414038811
2026-09-02 05:00:00,26.525401191203876,0.0,40.57550996115004,82.50693505993723,12.390575624721922
2026-09-02 06:00:00,28.796854632669536,0.0,0.0,69.87327936953719,9.371908358352057
2026-09-02 07:00:00,31.492050455696855,159.47873115535333,18.705813023501392,71.254211118722,20.376852906563606
2026-09-02 08:00:00,31.9762465177353,374.8779847809039,17.64162682948124,79.49442855240837,8.726904949557763
2026-09-02 09:00:00,34.18943098089196,454.10599049944284,31.17481037608397,70.76126823017945,15.753918434130316
2026-09-02 10:00:00,33.32883230910538,525.5041395921223,26.957580545100004,72.36566401894765,15.383706192967512
2026-09-02 11:00:00,33.11409832650291,637.216063211434,27.877933595701727,74.8272296757849,10.614338882028232
2026-09-02 12:00:00,34.661398005782864,628.7275606662083,27.37920704840792,72.88467492532135,11.844358626300968
2026-09-02 13:00:00,31.601494438326515,579.5068366489625,30.336108614836306,79.64757508521268,11.518713082342522
2026-09-02 14:00:00,30.65645100656363,488.1536365033123,38.101964504373356,81.29659262756292,8.930052839417108
2026-09-02 15:00:00,33.35385109804748,408.26076902863053,32.23996539153574,82.36176381109753,8.290903330352588
2026-09-02 16:00:00,31.322911392925064,287.7720392064902,25.734722750931624,78.29684583068779,9.647404404388144
2026-09-02 17:00:00,31.096474699549468,170.50240143447743,36.026224197071734,77.81521668666045,7.247683345692713
2026-09-02 18:00:00,27.4410903497402,0.0,42.391853154791455,78.83271031756664,10.11803075330323
2026-09-02 19:00:00,28.92529823898651,0.0,21.65961163916056,77.40249645251043,10.301114763226375
2026-09-02 20:00:00,26.920641059535782,0.0,29.108959039909863,76.3376130799709,12.102724701554425
2026-09-02 21:00:00,24.973184117255936,0.0,47.428598445698796,82.39730816892053,14.146165432405954
2026-09-02 22:00:00,24.488599792066523,0.0,13.45858984098965,76.28977393241924,9.887578987989473
2026-09-02 23:00:00,24.170551649831374,0.0,57.070532943839154,85.38482977871494,9.777186058109793
2026-09-03 00:00:00,22.35341802405391,0.0,9.912675378906368,74.71813197916777,12.197865362015767
2026-09-03 01:00:00,23.13702179658703,0.0,24.81953083192895,72.82972099577228,14.404844081843862
2026-09-03 02:00:00,24.56750187758917,0.0,15.74715004685982,81.05019028617987,8.843918426092145
2026-09-03 03:00:00,24.37896184799299,0.0,62.81890495304065,80.56451753713552,9.210463591571239
2026-09-03 04:00:00,24.056925307954483,0.0,22.44974956729272,78.24988725455052,9.337427817340771
2026-09-03 05:00:00,27.556430013220602,0.0,22.487382652072007,73.10917775119604,10.398097911223061
2026-09-03 06:00:00,29.554014270938115,0.0,24.438768900901213,81.13832030346478,15.802206737207161
2026-09-03 07:00:00,31.150360087946172,110.72236139735855,31.434042118409252,81.6546607413597,14.346831178276402
2026-09-03 08:00:00,31.6591735774327,342.2611542556518,25.073373316432335,75.55921822861347,11.24054974768794
2026-09-03 09:00:00,33.06650317687899,488.00329806924896,28.00669793066401,83.86530097921779,19.003098556390814
2026-09-03 10:00:00,34.08105865462474,747.3223024218039,0.0,68.00084510361236,9.860869780188597
2026-09-03 11:00:00,33.40035153887838,600.886830979017,30.85739754002741,81.16275610077498,17.197978820380918
2026-09-03 12:00:00,30.712578157801186,578.9755009652054,30.26709932229967,73.37873390911642,16.39840656968301
2026-09-03 13:00:00,34.804514557955535,520.4313334645497,45.5785319611859,82.24882484459094,16.881494162438976
2026-09-03 14:00:00,31.635983084359356,477.1319240424994,49.635914224191026,77.05127947195659,13.766441841493737
2026-09-03 15:00:00,30.532563803977656,441.01883924695613,27.184379079123037,76.36356651603218,11.826245417953674
2026-09-03 16:00:00,29.532740155521594,299.164373459907,42.243436225109335,79.92388726425006,12.132782557996348
2026-09-03 17:00:00,32.991216382057,161.9682078460396,13.476468293327905,76.86322863607825,14.074451302315095
2026-09-03 18:00:00,29.039881837080245,9.308831328171337,41.51013514044157,76.71780180741295,8.918238777072284
2026-09-03 19:00:00,25.818973288565502,0.0,21.412863012981347,90.8971214483488,10.018822589006676
2026-09-03 20:00:00,25.07872848264971,0.0,12.229537978049176,66.43514141605405,17.279336873708854
2026-09-03 21:00:00,24.93069347036987,0.0,27.216169826939243,78.27918427688103,13.85436029397805
2026-09-03 22:00:00,24.842167736928687,0.0,51.00708670796669,84.51439999264885,16.366800128235226
2026-09-03 23:00:00,24.00062075269909,0.0,32.715083050962704,81.31914700617224,6.751140692637733
2026-09-04 00:00:00,22.17754263800848,0.0,52.4473222151757,81.25823598522268,10.894178961379767
2026-09-04 01:00:00,23.96739238668108,0.0,18.769009292762938,76.35599590142654,12.273780334544789
2026-09-04 02:00:00,23.26005983991091,0.0,45.71776656821985,79.16819148939291,12.119989566303323
2026-09-04 03:00:00,26.210186632340363,0.0,20.21759944144582,84.53857319689979,6.109473262389694
2026-09-04 04:00:00,25.95791659431488,0.0,33.37993007233805,75.3257573412822,14.708019006205236
2026-09-04 05:00:00,26.103501458663466,0.0,33.25024242989122,77.70693136671392,15.972225952389053
2026-09-04 06:00:00,29.280371375478786,0.0,39.922376008862585,76.32186995871018,10.854717223028377
2026-09-04 07:00:00,30.177044697577816,128.1249826092529,33.761109298669915,73.96239650149725,14.870981839006404
2026-09-04 08:00:00,30.26740560199142,384.7698822407534,18.91223193267274,67.23251424788229,19.061982079455305
2026-09-04 09:00:00,32.869384587765815,408.3171437300938,43.204604281388455,83.2810768131058,18.26153658632318
2026-09-04 10:00:00,33.532710273675036,395.6245497826035,55.974848914880916,79.64971464995475,11.836372525489713
2026-09-04 11:00:00,34.77672900072239,630.4547817025984,21.242948666158224,70.15847710341507,6.6480529659798595
2026-09-04 12:00:00,34.30791110314772,769.7036796073337,2.4715188533245147,64.70584783611653,11.044208305209253
2026-09-04 13:00:00,32.93622919826713,565.4141118576381,37.48979352530683,80.00393271154134,21.26237855801112
2026-09-04 14:00:00,30.517169234717265,580.8557565023808,25.032294089217764,75.83887068283185,16.603825965550197
2026-09-04 15:00:00,32.16290549057814,406.6123701132895,28.03345716067055,76.36521981613024,11.377279171287325
2026-09-04 16:00:00,31.329076503974264,293.4979698452702,38.34266633596518,75.12950269508177,18.16611828257156
2026-09-04 17:00:00,29.74538226126843,115.20527272302323,23.15411355261602,77.55288495563748,15.832545723211211
2026-09-04 18:00:00,24.47059428841284,0.0,25.96722042984493,73.55947232446437,3.7006217813507556
2026-09-04 19:00:00,27.973114731692345,0.0,28.498207245951203,77.32949068542098,15.671445107239037
2026-09-04 20:00:00,24.69906567590715,0.0,52.04630906977525,82.65805109664713,13.077359989064869
2026-09-04 21:00:00,25.740636760419477,0.0,30.451044061703723,69.35924160069183,8.056222868991952
2026-09-04 22:00:00,26.265494135129472,0.0,11.464896287775598,83.12032005028587,10.938252408220375
2026-09-04 23:00:00,23.226465024654917,0.0,12.061822782883272,76.4554243746894,12.260168830566723
2026-09-05 00:00:00,23.87191165589904,0.0,32.088448824894016,79.39235588631338,8.427954105007
2026-09-05 01:00:00,23.51486440441046,0.0,13.058579989635316,75.4775948053249,10.173339847290487
2026-09-05 02:00:00,24.65501404855952,0.0,6.565447696137589,82.2547605972857,9.005100614340662
2026-09-05 03:00:00,24.900827143791023,0.0,39.533039864010156,85.88246807765256,15.157676064366054
2026-09-05 04:00:00,25.12980800915371,0.0,40.26747604302967,82.09121787734833,10.80781697191
2026-09-05 05:00:00,25.831362304997466,0.0,24.4779519915922,72.75324107404687,4.4241932642009845
2026-09-05 06:00:00,30.369487849877334,0.0,34.404889367275636,75.34309274538398,9.930245637748552
2026-09-05 07:00:00,30.16609651932494,141.18452007558693,32.82182466293251,68.7142598002425,7.855709116108576
2026-09-05 08:00:00,31.881551807865673,324.5837841018136,39.03629078953628,77.18542790857768,6.775727909608029
2026-09-05 09:00:00,32.35619809327407,409.49449635527697,39.07124855909699,82.27357427815949,16.675025773405828
2026-09-05 10:00:00,33.900507980858805,700.8873762078362,0.0,72.13306829423374,13.214257684710493
2026-09-05 11:00:00,31.966754078178617,629.9661313487896,26.392515622764087,78.93384577245064,7.451873924560608
2026-09-05 12:00:00,33.41001829148282,561.6898125417,37.768562822671996,75.9038175519032,6.810908325404332
2026-09-05 13:00:00,33.788643494130575,615.7104667191915,23.843151134414782,77.6977091713957,10.781570459586394
2026-09-05 14:00:00,34.31247990711793,516.8564663568309,30.5430395888974,80.65980811009872,6.233264369085436
2026-09-05 15:00:00,35.31241524895577,403.19820105328756,41.26049972517116,67.93349394816627,11.094631059445998
2026-09-05 16:00:00,31.331656622327433,284.58866215582833,31.213878498782435,78.67583345760376,11.842752695824437
2026-09-05 17:00:00,28.736546676986972,168.2143880782414,52.618791258523004,93.29946962880084,13.848884945304983
2026-09-05 18:00:00,26.747546400960815,0.0,46.90479378421682,80.30674385241495,13.705782344024033
2026-09-05 19:00:00,25.83152803445451,0.0,28.22153770542849,64.6215570168442,8.288130271012092
2026-09-05 20:00:00,24.795527136031154,0.0,27.02930743912832,73.02470352950584,11.633705328157028
2026-09-05 21:00:00,20.99494134572509,0.0,0.0,61.82806234245895,15.122198712537898
2026-09-05 22:00:00,23.093403879072323,0.0,25.10246704664211,73.68980683916611,2.8667036473825807
2026-09-05 23:00:00,24.404016193966534,0.0,9.700966609342103,66.69430931748094,11.787833558229744
2026-09-06 00:00:00,23.316668228992988,0.0,33.31844313000934,83.53638778525765,6.952648090891201
2026-09-06 01:00:00,23.052807456208022,0.0,32.293060666800024,82.55791807295256,17.230227978671028
2026-09-06 02:00:00,21.77998310316588,0.0,40.43783634040167,82.60739912451798,15.289928212575456
2026-09-06 03:00:00,26.048647635576568,0.0,50.95005707922287,89.01137405761312,15.688091718295688
2026-09-06 04:00:00,26.384005846244932,0.0,29.605958554920473,74.666990423477,8.066768574669696
2026-09-06 05:00:00,26.907742204551326,0.0,64.20624467884794,86.4331525552559,14.265620861546541
2026-09-06 06:00:00,25.355373591953825,0.0,33.48677167829856,89.5904459932567,13.17505573439817
2026-09-06 07:00:00,28.874739538857636,210.32915681618212,10.346754094250507,75.231883772232,1.032553265866179
2026-09-06 08:00:00,31.282482468580067,326.4486642326529,21.568921873348202,77.66383846763509,11.664485396653776
2026-09-06 09:00:00,31.71704488349011,451.24438250917854,24.40879949538267,71.55692626193287,13.67351613981166
2026-09-06 10:00:00,32.79829507559206,472.8560517682313,38.881907267300676,76.76786144280865,6.287879018133156
2026-09-06 11:00:00,33.93935770953242,647.6399933867734,15.79125149656049,67.8921262229466,13.197497017046075
2026-09-06 12:00:00,33.41980923600978,606.9091359111115,25.530361757859062,83.8241821204909,11.675121762098332
2026-09-06 13:00:00,33.89285524238344,558.6012432924781,27.5843957880587,68.07111742017389,16.90429285616884
2026-09-06 14:00:00,31.45216176959968,538.6796965313114,23.278187885166844,79.72241756549583,9.511508748398658
2026-09-06 15:00:00,30.164579190657225,403.25657655478324,42.17123072519578,82.97372664526513,12.819152071601417
2026-09-06 16:00:00,31.339217455003702,265.5733812084084,39.61982082698034,71.23725514418777,13.346066103503926
2026-09-06 17:00:00,30.399874793560638,123.09182351615434,47.49850702655938,87.0766821004988,1.1447245663052907
2026-09-06 18:00:00,28.893314502624307,0.0,25.034622283332006,74.68116365343198,9.83342524225532
2026-09-06 19:00:00,27.095615374873972,0.0,48.037913514718525,75.39069867414875,12.747084929456326
2026-09-06 20:00:00,25.297395348605132,0.0,9.540043710344314,74.46281336338636,1.0509936597048153
2026-09-06 21:00:00,24.95739647149985,0.0,9.174235485152142,68.48753124811948,13.155573100456554
2026-09-06 22:00:00,24.381611469391384,0.0,11.7929747086318,72.31632379312543,10.933126543852886
2026-09-06 23:00:00,23.960106118512137,0.0,30.13817538948134,75.46177757905178,11.827818023746705
2026-09-07 00:00:00,26.524335528324364,0.0,48.03567174866633,77.68466295769434,15.286543133078155
2026-09-07 01:00:00,22.108380052109,0.0,20.967868790405547,70.0336945385214,9.405044659642911
2026-09-07 02:00:00,27.998718147177197,0.0,22.849598925533442,79.54676489241018,11.315748352126478
2026-09-07 03:00:00,22.965652779397576,0.0,26.759730670359936,78.91946535552972,14.798333650230212
2026-09-07 04:00:00,26.136423449040876,0.0,38.59242185081482,81.08095224471421,12.15152155224649
2026-09-07 05:00:00,25.287663523988048,0.0,22.835620449681393,74.14461957160486,3.766647649200938
2026-09-07 06:00:00,28.533171015323617,0.0,21.99874563125248,75.52619338691346,11.30617958670831
2026-09-07 07:00:00,30.70590900252957,200.40815702037264,9.819071049634644,68.21861272139242,10.74669559857872
2026-09-07 08:00:00,30.67741158850302,334.3677516619138,21.424183332343183,71.03792436146473,14.673510376224492
2026-09-07 09:00:00,32.9355925682946,358.2525238072111,47.66192629402999,89.57633868734459,11.010158703546699
2026-09-07 10:00:00,31.914394248806335,508.5505724193833,31.36389012717715,81.52652527780026,7.656332922613858
2026-09-07 11:00:00,30.299859852867055,587.4825783305288,18.902182346281272,71.42330478600024,7.046338862469112
2026-09-07 12:00:00,33.94977597700812,452.0050924201256,48.54215959093401,73.61225643314691,18.197565943049455
2026-09-07 13:00:00,33.00451305802215,669.2702402902752,21.22179746909719,65.899341572113,12.218110906789049
2026-09-07 14:00:00,31.841682973185275,405.8890755995833,51.299333692236985,78.92770272332716,18.131107516558245
2026-09-07 15:00:00,31.136858018465354,368.4483518001738,51.05410466850151,82.68151922931833,18.697710997920797
2026-09-07 16:00:00,31.163610360439293,258.7160802364363,30.84017439562003,77.67734288513292,8.567833945933831
2026-09-07 17:00:00,28.37025656388837,161.5339525945455,7.5217570894246855,72.41649864236174,7.0962336067048595
2026-09-07 18:00:00,28.62287235713738,16.966023672042944,64.34250923018632,87.51330669030163,12.706373986181953
2026-09-07 19:00:00,28.38618700383853,0.0,35.809140843968194,73.5525488796959,14.248066957929261
2026-09-07 20:00:00,28.313145292704064,0.0,25.14169462919115,83.62720940312053,5.6508191940836765
2026-09-07 21:00:00,26.4254046978653,0.0,44.34191872162584,80.18473707229329,14.036691391592937
2026-09-07 22:00:00,24.015196148641486,0.0,40.53454180532021,82.05556968168912,13.643718429288036
2026-09-07 23:00:00,23.64038960313795,0.0,49.664075248296605,79.63894107418906,7.9815716874945855
2026-09-08 00:00:00,22.53080067530623,0.0,20.064783169801558,77.2440221831144,6.641885849742592
2026-09-08 01:00:00,22.61615810954883,0.0,34.777101191615884,89.7367149202316,13.516846302032572
2026-09-08 02:00:00,24.854638079671318,0.0,12.211946546325947,68.42811533247524,18.9026515802161
2026-09-08 03:00:00,24.115826778840628,0.0,39.99501593611851,74.85340881935007,10.820304723983874
2026-09-08 04:00:00,26.027053294011516,0.0,29.655819455592187,73.23722029427988,12.801787995248219
2026-09-08 05:00:00,25.505766175454756,0.0,34.21513883230218,77.11214732672416,9.29073462662712
2026-09-08 06:00:00,29.832530204692095,0.0,27.804754142392948,73.91930387267305,12.336190544452336
2026-09-08 07:00:00,28.926025323362186,155.80687628866826,26.23516769117458,71.0665844200431,8.810230092857896
2026-09-08 08:00:00,31.965496682459367,347.4757978572168,16.97653238977929,73.25099702320954,9.813080488917116
2026-09-08 09:00:00,30.6716875360709,376.7043463728113,41.856453220263504,87.71906445072092,21.889266835526733
2026-09-08 10:00:00,31.39752713909976,410.53906990290767,52.345560551121565,81.6776670227674,13.04556638495614
2026-09-08 11:00:00,34.60719420780549,682.8897456023786,21.64997461634872,73.78921931443558,4.825806954465926
2026-09-08 12:00:00,32.23731399150374,540.7027530205156,38.303107574566425,80.50489399616838,14.48653339675115
2026-09-08 13:00:00,30.842482566557056,585.5358088096754,36.48275436990363,81.78264007814981,16.341455173250104
2026-09-08 14:00:00,31.029328081753302,554.3919714239624,30.12146717023288,83.79210744995973,14.208078242311629
2026-09-08 15:00:00,32.70037895182541,524.3755187464221,7.101063999529249,72.12041609515312,9.647960900444877
2026-09-08 16:00:00,31.539930466822334,304.5350720159751,10.476039733341114,71.92473826915325,6.854364823227179
2026-09-08 17:00:00,28.35396757825131,172.33420443800443,18.285270732726442,69.41055968124039,7.343157863210955
2026-09-08 18:00:00,27.229889449036268,0.0,0.0,73.6653230514809,9.241049206672267
2026-09-08 19:00:00,27.631949109262738,0.0,51.120460948584224,78.46274084054326,11.088749211673408
2026-09-08 20:00:00,27.26182046934548,0.0,35.515548437695706,74.46211834302112,9.542898511157915
2026-09-08 21:00:00,24.426150453348885,0.0,29.550584274013175,78.73939454459948,16.338797965189485
2026-09-08 22:00:00,24.441506681740602,0.0,0.0,78.09139924078627,13.684669262635412
2026-09-08 23:00:00,24.356957615661965,0.0,2.641937174693993,74.68922560945283,15.200072094333478
2026-09-09 00:00:00,25.76578657345153,0.0,29.964879177195623,77.48868712541149,8.34476251437357
2026-09-09 01:00:00,21.634822465045083,0.0,59.55734948225965,80.78616539702877,9.294675909824301
2026-09-09 02:00:00,22.767414922385893,0.0,19.520337061903774,83.12553838244433,11.285545070141389
2026-09-09 03:00:00,23.772933131769094,0.0,42.95697021618657,80.94040348914244,13.807765057391581
2026-09-09 04:00:00,26.542663765380198,0.0,22.801463884875588,74.31793538091775,11.42614180337634
2026-09-09 05:00:00,26.34529410787191,0.0,30.828588889333,80.58118783641847,12.928812478143186
2026-09-09 06:00:00,28.372801962392746,0.0,48.22025773339398,79.60889051529416,18.751230103124588
2026-09-09 07:00:00,29.419373436690822,148.92122029936667,24.81072554750184,72.07475629242265,10.36697941453744
2026-09-09 08:00:00,30.469140635708914,342.44929995253256,19.648426379218,71.10626594751079,14.210972165055395
2026-09-09 09:00:00,31.64203182468604,337.2364652118572,51.27105831187146,78.82264678468395,14.635413986006379
